facility_name,facility_id,state,fiscal_year,psi_90_composite_value,psi_90_composite_value_footnote,psi_90_w_z_score,psi_90_w_z_footnote,psi_90_start_date,psi_90_end_date,clabsi_sir,clabsi_sir_footnote,clabsi_w_z_score,clabsi_w_z_footnote,cauti_sir,cauti_sir_footnote,cauti_w_z_score,cauti_w_z_footnote,ssi_sir,ssi_sir_footnote,ssi_w_z_score,ssi_w_z_footnote,cdi_sir,cdi_sir_footnote,cdi_w_z_score,cdi_w_z_footnote,mrsa_sir,mrsa_sir_footnote,mrsa_w_z_score,mrsa_w_z_footnote,hai_measures_start_date,hai_measures_end_date,total_hac_score,total_hac_score_footnote,payment_reduction,payment_reduction_footnote
SOUTHEAST HEALTH MEDICAL CENTER,010001,AL,2026,0.9515,,-0.2580,,07/01/2022,06/30/2024,0.512,,-0.2187,,0.127,,-1.0125,,0.870,,0.0338,,0.435,,0.2222,,0.316,,-0.7969,,01/01/2023,12/31/2024,-0.3384,,No,
MARSHALL MEDICAL CENTERS,010005,AL,2026,0.9745,,-0.0973,,07/01/2022,06/30/2024,0.830,,0.5189,,1.119,,1.3787,,0.165,,-1.1738,,0.581,,0.7875,,2.077,,2.2251,,01/01/2023,12/31/2024,0.6065,,Yes,
NORTH ALABAMA MEDICAL CENTER,010006,AL,2026,1.1358,,1.0283,,07/01/2022,06/30/2024,0.000,,-1.4065,,0.000,,-1.3186,,0.000,,-1.4565,,0.052,,-1.2608,,0.197,,-1.0455,,01/01/2023,12/31/2024,-0.9099,,No,
MIZELL MEMORIAL HOSPITAL,010007,AL,2026,1.0590,,0.4921,,07/01/2022,06/30/2024,N/A,13,N/A,5,0.661,,0.2747,,N/A,13,N/A,5,0.863,,1.8794,,N/A,13,N/A,5,01/01/2023,12/31/2024,0.8821,,Yes,
CRENSHAW COMMUNITY HOSPITAL,010008,AL,2026,N/A,5,N/A,5,07/01/2022,06/30/2024,N/A,,N/A,,N/A,,N/A,,N/A,,N/A,,N/A,,N/A,,N/A,,N/A,,01/01/2023,12/31/2024,N/A,,No,
ST. VINCENT'S EAST,010011,AL,2026,1.0402,29,0.3613,29,07/01/2022,06/30/2024,1.059,29,1.0502,29,0.307,29,-0.5786,29,0.000,29,-1.4565,29,0.468,29,0.3500,29,0.692,29,-0.0111,29,01/01/2023,12/31/2024,-0.0474,,No,
DEKALB REGIONAL MEDICAL CENTER,010012,AL,2026,1.0192,,0.2147,,07/01/2022,06/30/2024,N/A,13,N/A,5,1.030,,1.1642,,1.163,,0.5357,,0.449,,0.2764,,N/A,13,N/A,5,01/01/2023,12/31/2024,0.5478,,Yes,
SHELBY BAPTIST MEDICAL CENTER,010016,AL,2026,1.4414,,2.5111,,07/01/2022,06/30/2024,1.225,,1.4353,,0.655,,0.2603,,0.341,,-0.8723,,0.417,,0.1525,,0.921,,0.4675,,01/01/2023,12/31/2024,0.6591,,Yes,
CALLAHAN EYE HOSPITAL,010018,AL,2026,0.9900,,0.0109,,07/01/2022,06/30/2024,N/A,13,N/A,5,N/A,13,N/A,5,N/A,12,N/A,5,N/A,13,N/A,5,N/A,13,N/A,5,01/01/2023,12/31/2024,0.0109,,No,
HELEN KELLER HOSPITAL,010019,AL,2026,0.9283,,-0.4199,,07/01/2022,06/30/2024,1.800,,2.2402,,0.240,,-0.7401,,0.939,,0.1520,,0.986,,2.1931,,0.000,,-1.4573,,01/01/2023,12/31/2024,0.3280,,No,
DALE MEDICAL CENTER,010021,AL,2026,1.1572,,1.1778,,07/01/2022,06/30/2024,N/A,13,N/A,5,N/A,13,N/A,5,N/A,13,N/A,5,0.441,,0.2454,,N/A,13,N/A,5,01/01/2023,12/31/2024,0.7116,,Yes,
FLOYD CHEROKEE MEDICAL CENTER,010022,AL,2026,N/A,13,N/A,5,07/01/2022,06/30/2024,N/A,13,N/A,5,N/A,13,N/A,5,N/A,13,N/A,5,0.000,,-1.4622,,N/A,13,N/A,5,01/01/2023,12/31/2024,-1.4622,,No,
BAPTIST MEDICAL CENTER SOUTH,010023,AL,2026,2.0019,,2.5111,,07/01/2022,06/30/2024,1.143,,1.2450,,0.787,,0.5785,,1.072,,0.3799,,0.401,,0.0905,,1.512,,1.7026,,01/01/2023,12/31/2024,1.0846,,Yes,
JACKSON HOSPITAL & CLINIC INC,010024,AL,2026,0.9484,,-0.2800,,07/01/2022,06/30/2024,1.776,,2.2402,,0.777,,0.5544,,0.658,,-0.3293,,0.774,,1.5348,,2.276,,2.2251,,01/01/2023,12/31/2024,0.9909,,Yes,
THE EAST ALABAMA HEALTHCARE AUTHORITY,010029,AL,2026,0.9858,,-0.0183,,07/01/2022,06/30/2024,0.909,,0.7022,,0.796,,0.6002,,1.418,,0.9726,,0.717,,1.3141,,0.408,,-0.6046,,01/01/2023,12/31/2024,0.4943,,Yes,
UNIVERSITY OF ALABAMA HOSPITAL,010033,AL,2026,1.1668,,1.2452,,07/01/2022,06/30/2024,0.738,,0.3055,,0.545,,-0.0049,,0.644,,-0.3533,,0.385,,0.0286,,0.940,,0.5072,,01/01/2023,12/31/2024,0.2881,,No,
COMMUNITY HOSPITAL INC,010034,AL,2026,N/A,13,N/A,5,07/01/2022,06/30/2024,N/A,13,N/A,5,N/A,13,N/A,5,N/A,13,N/A,5,0.000,,-1.4622,,N/A,13,N/A,5,01/01/2023,12/31/2024,-1.4622,,No,
CULLMAN REGIONAL MEDICAL CENTER,010035,AL,2026,1.0800,,0.6389,,07/01/2022,06/30/2024,0.364,,-0.5621,,0.685,,0.3326,,0.475,,-0.6428,,0.415,,0.1447,,0.680,,-0.0361,,01/01/2023,12/31/2024,-0.0208,,No,
ANDALUSIA HEALTH,010036,AL,2026,0.9345,,-0.3768,,07/01/2022,06/30/2024,N/A,13,N/A,5,0.000,,-1.3186,,N/A,13,N/A,5,0.191,,-0.7226,,N/A,13,N/A,5,01/01/2023,12/31/2024,-0.8060,,No,
HUNTSVILLE HOSPITAL,010039,AL,2026,1.7220,,2.5111,,07/01/2022,06/30/2024,0.875,,0.6233,,0.699,,0.3663,,0.671,,-0.3070,,0.687,,1.1979,,1.237,,1.1279,,01/01/2023,12/31/2024,0.9199,,Yes,
GADSDEN REGIONAL MEDICAL CENTER,010040,AL,2026,1.6035,,2.5111,,07/01/2022,06/30/2024,1.483,,2.0338,,0.346,,-0.4846,,0.131,,-1.2321,,0.156,,-0.8581,,1.570,,1.8239,,01/01/2023,12/31/2024,0.6323,,Yes,
MARION REGIONAL MEDICAL CENTER,010044,AL,2026,N/A,13,N/A,5,07/01/2022,06/30/2024,N/A,13,N/A,5,N/A,13,N/A,5,N/A,13,N/A,5,N/A,13,N/A,5,N/A,13,N/A,5,01/01/2023,12/31/2024,N/A,5,No,
FAYETTE MEDICAL CENTER,010045,AL,2026,N/A,13,N/A,5,07/01/2022,06/30/2024,N/A,13,N/A,5,N/A,13,N/A,5,N/A,13,N/A,5,1.295,,2.1931,,N/A,13,N/A,5,01/01/2023,12/31/2024,2.1931,,Yes,
RIVERVIEW REGIONAL MEDICAL CENTER,010046,AL,2026,0.8528,,-0.9468,,07/01/2022,06/30/2024,0.351,,-0.5922,,0.166,,-0.9185,,0.000,,-1.4565,,0.138,,-0.9278,,1.388,,1.4435,,01/01/2023,12/31/2024,-0.5664,,No,
MEDICAL CENTER ENTERPRISE,010049,AL,2026,0.8702,,-0.8259,,07/01/2022,06/30/2024,N/A,13,N/A,5,0.000,,-1.3186,,0.000,,-1.4565,,0.102,,-1.0672,,0.000,,-1.4573,,01/01/2023,12/31/2024,-1.2251,,No,
GREENE COUNTY HOSPITAL,010051,AL,2026,N/A,13,N/A,5,07/01/2022,06/30/2024,N/A,13,N/A,5,N/A,13,N/A,5,N/A,12,N/A,5,N/A,13,N/A,5,N/A,13,N/A,5,01/01/2023,12/31/2024,N/A,5,No,
LAKE MARTIN COMMUNITY HOSPITAL,010052,AL,2026,N/A,13,N/A,5,07/01/2022,06/30/2024,N/A,13,N/A,5,N/A,13,N/A,5,N/A,12,N/A,5,N/A,13,N/A,5,N/A,13,N/A,5,01/01/2023,12/31/2024,N/A,5,No,
FLOWERS HOSPITAL,010055,AL,2026,0.6030,,-1.4834,,07/01/2022,06/30/2024,0.116,,-1.1374,,0.118,,-1.0342,,0.000,,-1.4565,,0.086,,-1.1292,,0.159,,-1.1250,,01/01/2023,12/31/2024,-1.2276,,No,
ST VINCENT'S BIRMINGHAM,010056,AL,2026,0.7372,29,-1.4834,29,07/01/2022,06/30/2024,1.076,29,1.0896,29,0.376,29,-0.4123,29,0.848,29,-0.0038,29,0.509,29,0.5087,29,0.407,29,-0.6067,29,01/01/2023,12/31/2024,-0.1513,,No,
BIBB MEDICAL CENTER,010058,AL,2026,N/A,13,N/A,5,07/01/2022,06/30/2024,N/A,13,N/A,5,N/A,13,N/A,5,N/A,13,N/A,5,0.650,,1.0547,,N/A,13,N/A,5,01/01/2023,12/31/2024,1.0547,,Yes,
LAWRENCE MEDICAL CENTER,010059,AL,2026,N/A,13,N/A,5,07/01/2022,06/30/2024,N/A,13,N/A,5,N/A,13,N/A,5,N/A,12,N/A,5,N/A,13,N/A,5,N/A,13,N/A,5,01/01/2023,12/31/2024,N/A,5,No,
HIGHLANDS MEDICAL CENTER,010061,AL,2026,1.0015,,0.0907,,07/01/2022,06/30/2024,N/A,13,N/A,5,1.042,,1.1931,,N/A,13,N/A,5,0.494,,0.4506,,N/A,13,N/A,5,01/01/2023,12/31/2024,0.5781,,Yes,
WIREGRASS MEDICAL CENTER,010062,AL,2026,0.9777,,-0.0752,,07/01/2022,06/30/2024,N/A,13,N/A,5,N/A,13,N/A,5,N/A,13,N/A,5,0.000,,-1.4622,,N/A,13,N/A,5,01/01/2023,12/31/2024,-0.7687,,No,
RUSSELL MEDICAL CENTER,010065,AL,2026,0.9922,,0.0262,,07/01/2022,06/30/2024,N/A,13,N/A,5,0.371,,-0.4243,,N/A,13,N/A,5,0.654,,1.0702,,N/A,13,N/A,5,01/01/2023,12/31/2024,0.2240,,No,
CLAY COUNTY HOSPITAL,010073,AL,2026,1.1932,,1.4295,,07/01/2022,06/30/2024,N/A,13,N/A,5,N/A,13,N/A,5,N/A,13,N/A,5,0.561,,0.7101,,N/A,13,N/A,5,01/01/2023,12/31/2024,1.0698,,Yes,
NORTHEAST ALABAMA REGIONAL MEDICAL CENTER,010078,AL,2026,0.9009,,-0.6116,,07/01/2022,06/30/2024,0.990,,0.8901,,1.118,,1.3763,,0.280,,-0.9768,,1.146,,2.1931,,1.226,,1.1049,,01/01/2023,12/31/2024,0.6627,,Yes,
ATHENS LIMESTONE HOSPITAL,010079,AL,2026,0.8673,,-0.8456,,07/01/2022,06/30/2024,0.000,,-1.4065,,0.712,,0.3977,,0.873,,0.0390,,0.278,,-0.3857,,0.000,,-1.4573,,01/01/2023,12/31/2024,-0.6097,,No,
BALDWIN HEALTH,010083,AL,2026,0.8238,,-1.1492,,07/01/2022,06/30/2024,0.000,,-1.4065,,0.225,,-0.7762,,0.000,,-1.4565,,0.233,,-0.5600,,0.347,,-0.7321,,01/01/2023,12/31/2024,-1.0134,,No,
DECATUR MORGAN HOSPITAL - DECATUR CAMPUS,010085,AL,2026,1.1974,,1.4585,,07/01/2022,06/30/2024,0.000,,-1.4065,,0.072,,-1.1451,,0.000,,-1.4565,,0.278,,-0.3857,,0.230,,-0.9766,,01/01/2023,12/31/2024,-0.6520,,No,
NORTHWEST MEDICAL CENTER,010086,AL,2026,0.9656,,-0.1598,,07/01/2022,06/30/2024,N/A,13,N/A,5,N/A,13,N/A,5,N/A,13,N/A,5,0.727,,1.3528,,N/A,13,N/A,5,01/01/2023,12/31/2024,0.5965,,Yes,
USA HEALTH UNIVERSITY HOSPITAL,010087,AL,2026,1.2996,,2.1723,,07/01/2022,06/30/2024,1.079,,1.0966,,0.369,,-0.4291,,0.744,,-0.1820,,0.561,,0.7101,,2.078,,2.2251,,01/01/2023,12/31/2024,0.9321,,Yes,
WALKER BAPTIST MEDICAL CENTER,010089,AL,2026,0.9238,,-0.4513,,07/01/2022,06/30/2024,1.294,,1.5953,,0.500,,-0.1134,,0.212,,-1.0933,,0.076,,-1.1679,,1.475,,1.6253,,01/01/2023,12/31/2024,0.0658,,No,
"USA HEALTH HCA PROVIDENCE HOSPITAL, LLC",010090,AL,2026,1.1034,,0.8027,,07/01/2022,06/30/2024,0.917,29,0.7208,29,0.224,29,-0.7787,29,0.209,29,-1.0985,29,0.197,29,-0.6994,29,0.665,29,-0.0675,29,01/01/2023,12/31/2024,-0.1868,,No,
GROVE HILL MEMORIAL HOSPITAL,010091,AL,2026,N/A,13,N/A,5,07/01/2022,06/30/2024,N/A,13,N/A,5,N/A,13,N/A,5,N/A,13,N/A,5,N/A,13,N/A,5,N/A,13,N/A,5,01/01/2023,12/31/2024,N/A,5,No,
DCH REGIONAL MEDICAL CENTER,010092,AL,2026,0.9395,,-0.3420,,07/01/2022,06/30/2024,1.302,,1.6139,,0.264,,-0.6822,,0.785,,-0.1118,,0.703,,1.2599,,1.046,,0.7288,,01/01/2023,12/31/2024,0.4111,,Yes,
HALE COUNTY HOSPITAL,010095,AL,2026,N/A,13,N/A,5,07/01/2022,06/30/2024,N/A,13,N/A,5,N/A,13,N/A,5,N/A,12,N/A,5,N/A,13,N/A,5,N/A,13,N/A,5,01/01/2023,12/31/2024,N/A,5,No,
ELMORE COMMUNITY HOSPITAL,010097,AL,2026,N/A,13,N/A,5,07/01/2022,06/30/2024,N/A,13,N/A,5,N/A,13,N/A,5,N/A,12,N/A,5,0.000,,-1.4622,,N/A,13,N/A,5,01/01/2023,12/31/2024,-1.4622,,No,
D W MCMILLAN MEMORIAL HOSPITAL,010099,AL,2026,1.0373,,0.3407,,07/01/2022,06/30/2024,N/A,13,N/A,5,N/A,13,N/A,5,0.000,,-1.4565,,0.659,,1.0895,,N/A,13,N/A,5,01/01/2023,12/31/2024,-0.0088,,No,
THOMAS HOSPITAL,010100,AL,2026,1.0945,,0.7401,,07/01/2022,06/30/2024,0.609,,0.0063,,1.345,,1.9235,,1.371,,0.8921,,0.500,,0.4739,,0.623,,-0.1553,,01/01/2023,12/31/2024,0.6468,,Yes,
CITIZENS BAPTIST MEDICAL CENTER,010101,AL,2026,0.9645,,-0.1673,,07/01/2022,06/30/2024,N/A,13,N/A,5,1.795,,2.3863,,N/A,13,N/A,5,2.436,,2.1931,,N/A,13,N/A,5,01/01/2023,12/31/2024,1.4707,,Yes,
PRINCETON BAPTIST MEDICAL CENTER,010103,AL,2026,1.2395,,1.7524,,07/01/2022,06/30/2024,0.264,,-0.7941,,0.466,,-0.1953,,1.154,,0.5203,,0.269,,-0.4206,,1.190,,1.0297,,01/01/2023,12/31/2024,0.3154,,No,
GRANDVIEW MEDICAL CENTER,010104,AL,2026,0.8582,,-0.9090,,07/01/2022,06/30/2024,0.462,,-0.3347,,0.482,,-0.1567,,0.739,,-0.1906,,0.305,,-0.2812,,0.738,,0.0851,,01/01/2023,12/31/2024,-0.2979,,No,
PRATTVILLE BAPTIST HOSPITAL,010108,AL,2026,0.9423,,-0.3220,,07/01/2022,06/30/2024,2.871,,2.2402,,1.775,,2.3863,,N/A,13,N/A,5,0.297,,-0.3122,,1.867,,2.2251,,01/01/2023,12/31/2024,1.2435,,Yes,
BULLOCK COUNTY HOSPITAL,010110,AL,2026,N/A,5,N/A,5,07/01/2022,06/30/2024,N/A,,N/A,,N/A,,N/A,,N/A,,N/A,,N/A,,N/A,,N/A,,N/A,,01/01/2023,12/31/2024,N/A,,No,
WHITFIELD REGIONAL HOSPITAL,010112,AL,2026,1.4536,,2.5111,,07/01/2022,06/30/2024,0.000,,-1.4065,,1.765,,2.3863,,2.297,,2.1717,,0.243,,-0.5213,,N/A,13,N/A,5,01/01/2023,12/31/2024,1.0283,,Yes,
MOBILE INFIRMARY MEDICAL CENTER,010113,AL,2026,1.1717,,1.2793,,07/01/2022,06/30/2024,0.841,,0.5445,,0.746,,0.4796,,1.710,,1.4728,,0.504,,0.4894,,0.629,,-0.1427,,01/01/2023,12/31/2024,0.6871,,Yes,
"MEDICAL WEST, AN AFFILIATE OF UAB HEALTH SYSTEM",010114,AL,2026,1.1643,,1.2274,,07/01/2022,06/30/2024,0.824,,0.5050,,0.539,,-0.0193,,0.959,,0.1863,,0.648,,1.0469,,1.192,,1.0339,,01/01/2023,12/31/2024,0.6634,,Yes,
VAUGHAN REGIONAL MEDICAL CENTER PARKWAY CAMPUS,010118,AL,2026,0.9494,,-0.2725,,07/01/2022,06/30/2024,1.855,,2.2402,,0.848,,0.7255,,0.000,,-1.4565,,0.079,,-1.1563,,0.000,,-1.4573,,01/01/2023,12/31/2024,-0.2295,,No,
MONROE COUNTY HOSPITAL,010120,AL,2026,0.9922,,0.0263,,07/01/2022,06/30/2024,N/A,13,N/A,5,N/A,13,N/A,5,N/A,11,2.1717,11,N/A,11,2.1931,11,N/A,11,2.2251,11,01/01/2023,12/31/2024,1.6540,,Yes,
LAKELAND COMMUNITY HOSPITAL,010125,AL,2026,N/A,13,N/A,5,07/01/2022,06/30/2024,N/A,13,N/A,5,N/A,13,N/A,5,N/A,13,N/A,5,0.000,,-1.4622,,N/A,13,N/A,5,01/01/2023,12/31/2024,-1.4622,,No,
TROY REGIONAL MEDICAL CENTER,010126,AL,2026,0.9752,,-0.0926,,07/01/2022,06/30/2024,N/A,13,N/A,5,N/A,13,N/A,5,N/A,13,N/A,5,0.000,,-1.4622,,N/A,13,N/A,5,01/01/2023,12/31/2024,-0.7774,,No,
JACKSON MEDICAL CENTER,010128,AL,2026,N/A,13,N/A,5,07/01/2022,06/30/2024,N/A,13,N/A,5,N/A,13,N/A,5,N/A,12,N/A,5,N/A,13,N/A,5,N/A,13,N/A,5,01/01/2023,12/31/2024,N/A,5,No,
NORTH BALDWIN INFIRMARY,010129,AL,2026,0.9876,,-0.0059,,07/01/2022,06/30/2024,N/A,13,N/A,5,N/A,13,N/A,5,N/A,11,2.1717,11,N/A,11,2.1931,11,N/A,11,2.2251,11,01/01/2023,12/31/2024,1.6460,,Yes,
ST VINCENT'S ST CLAIR,010130,AL,2026,0.9477,29,-0.2845,29,07/01/2022,06/30/2024,N/A,13,N/A,5,1.792,29,2.3863,29,N/A,13,N/A,5,0.582,29,0.7914,29,N/A,13,N/A,5,01/01/2023,12/31/2024,0.9644,,Yes,
CRESTWOOD MEDICAL CENTER,010131,AL,2026,0.9445,,-0.3071,,07/01/2022,06/30/2024,2.252,,2.2402,,0.335,,-0.5111,,0.703,,-0.2522,,0.291,,-0.3354,,1.204,,1.0590,,01/01/2023,12/31/2024,0.3156,,No,
HILL HOSPITAL OF SUMTER COUNTY,010138,AL,2026,N/A,13,N/A,5,07/01/2022,06/30/2024,N/A,13,N/A,5,N/A,13,N/A,5,N/A,18,2.1717,18,0.000,,-1.4622,,N/A,13,N/A,5,01/01/2023,12/31/2024,0.3548,,No,
BROOKWOOD BAPTIST MEDICAL CENTER,010139,AL,2026,0.9455,,-0.2998,,07/01/2022,06/30/2024,0.557,,-0.1144,,0.435,,-0.2700,,0.370,,-0.8227,,0.400,,0.0867,,0.733,,0.0746,,01/01/2023,12/31/2024,-0.2243,,No,
SPRINGHILL MEDICAL CENTER,010144,AL,2026,0.9686,,-0.1386,,07/01/2022,06/30/2024,0.538,,-0.1584,,0.310,,-0.5714,,0.081,,-1.3177,,0.209,,-0.6529,,0.688,,-0.0194,,01/01/2023,12/31/2024,-0.4764,,No,
EVERGREEN MEDICAL CENTER,010148,AL,2026,N/A,13,N/A,5,07/01/2022,06/30/2024,N/A,13,N/A,5,N/A,13,N/A,5,N/A,12,N/A,5,0.000,,-1.4622,,N/A,13,N/A,5,01/01/2023,12/31/2024,-1.4622,,No,
BAPTIST MEDICAL CENTER EAST,010149,AL,2026,1.1714,,1.2768,,07/01/2022,06/30/2024,1.589,,2.2402,,1.233,,1.6535,,0.302,,-0.9391,,0.237,,-0.5445,,0.760,,0.1311,,01/01/2023,12/31/2024,0.6363,,Yes,
THE HEALTH CARE AUTHORITY OF THE CITY OF GREENVILLE- LV STABLER HOSPITAL,010150,AL,2026,0.9723,,-0.1126,,07/01/2022,06/30/2024,N/A,13,N/A,5,0.000,,-1.3186,,N/A,13,N/A,5,0.000,,-1.4622,,N/A,13,N/A,5,01/01/2023,12/31/2024,-0.9644,,No,
NORTH ALABAMA SHOALS HOSPITAL,010157,AL,2026,0.9678,,-0.1445,,07/01/2022,06/30/2024,N/A,13,N/A,5,N/A,13,N/A,5,N/A,13,N/A,5,0.221,,-0.6064,,N/A,13,N/A,5,01/01/2023,12/31/2024,-0.3755,,No,
RUSSELLVILLE HOSPITAL,010158,AL,2026,0.9859,,-0.0182,,07/01/2022,06/30/2024,N/A,13,N/A,5,0.000,,-1.3186,,N/A,13,N/A,5,0.000,,-1.4622,,N/A,13,N/A,5,01/01/2023,12/31/2024,-0.9330,,No,
COOSA VALLEY MEDICAL CENTER,010164,AL,2026,0.9421,,-0.3235,,07/01/2022,06/30/2024,0.000,,-1.4065,,0.000,,-1.3186,,0.000,,-1.4565,,0.153,,-0.8697,,0.883,,0.3881,,01/01/2023,12/31/2024,-0.8311,,No,
JACK HUGHSTON MEMORIAL HOSPITAL,010168,AL,2026,0.9438,,-0.3117,,07/01/2022,06/30/2024,N/A,13,N/A,5,N/A,13,N/A,5,N/A,13,N/A,5,0.000,,-1.4622,,N/A,13,N/A,5,01/01/2023,12/31/2024,-0.8869,,No,
ATMORE COMMUNITY HOSPITAL,010169,AL,2026,0.9889,,0.0029,,07/01/2022,06/30/2024,N/A,13,N/A,5,N/A,13,N/A,5,N/A,13,N/A,5,0.375,,-0.0101,,N/A,13,N/A,5,01/01/2023,12/31/2024,-0.0036,,No,
ST VINCENT'S CHILTON,010173,AL,2026,1.2018,29,1.4892,29,07/01/2022,06/30/2024,N/A,13,N/A,5,N/A,13,N/A,5,N/A,13,N/A,5,0.534,29,0.6055,29,N/A,13,N/A,5,01/01/2023,12/31/2024,1.0474,,Yes,
PROVIDENCE ALASKA MEDICAL CENTER,020001,AK,2026,1.2409,,1.7623,,07/01/2022,06/30/2024,0.670,,0.1478,,1.019,,1.1377,,1.302,,0.7739,,0.437,,0.2299,,0.376,,-0.6715,,01/01/2023,12/31/2024,0.5634,,Yes,
MAT-SU REGIONAL MEDICAL CENTER,020006,AK,2026,0.9963,,0.0547,,07/01/2022,06/30/2024,0.000,,-1.4065,,0.151,,-0.9546,,0.000,,-1.4565,,0.095,,-1.0943,,0.477,,-0.4604,,01/01/2023,12/31/2024,-0.8863,,No,
BARTLETT REGIONAL HOSPITAL,020008,AK,2026,1.1342,,1.0174,,07/01/2022,06/30/2024,N/A,13,N/A,5,N/A,13,N/A,5,N/A,13,N/A,5,0.156,,-0.8581,,N/A,13,N/A,5,01/01/2023,12/31/2024,0.0796,,No,
FAIRBANKS MEMORIAL HOSPITAL,020012,AK,2026,0.9640,,-0.1711,,07/01/2022,06/30/2024,2.082,,2.2402,,0.245,,-0.7280,,2.338,,2.1717,,0.470,,0.3577,,0.000,,-1.4573,,01/01/2023,12/31/2024,0.4022,,Yes,
ALASKA REGIONAL HOSPITAL,020017,AK,2026,1.0231,,0.2415,,07/01/2022,06/30/2024,0.414,,-0.4461,,0.595,,0.1156,,1.332,,0.8252,,0.383,,0.0208,,0.173,,-1.0957,,01/01/2023,12/31/2024,-0.0564,,No,
YUKON KUSKOKWIM DELTA REG HOSPITAL,020018,AK,2026,N/A,13,N/A,5,07/01/2022,06/30/2024,N/A,13,N/A,5,N/A,13,N/A,5,N/A,12,N/A,5,0.000,,-1.4622,,N/A,13,N/A,5,01/01/2023,12/31/2024,-1.4622,,No,
CENTRAL PENINSULA GENERAL HOSPITAL,020024,AK,2026,1.0921,,0.7233,,07/01/2022,06/30/2024,0.000,,-1.4065,,3.122,,2.3863,,2.296,,2.1717,,0.644,,1.0314,,0.000,,-1.4573,,01/01/2023,12/31/2024,0.5748,,Yes,
ALASKA NATIVE MEDICAL CENTER,020026,AK,2026,1.6711,,2.5111,,07/01/2022,06/30/2024,1.105,,1.1569,,0.406,,-0.3399,,1.131,,0.4809,,0.351,,-0.1031,,1.372,,1.4101,,01/01/2023,12/31/2024,0.8527,,Yes,
BANNER - UNIVERSITY MEDICAL CENTER PHOENIX,030002,AZ,2026,1.2999,,2.1744,,07/01/2022,06/30/2024,0.788,,0.4215,,0.336,,-0.5087,,1.401,,0.9434,,0.350,,-0.1069,,0.584,,-0.2368,,01/01/2023,12/31/2024,0.4478,,Yes,
TUCSON MEDICAL CENTER,030006,AZ,2026,1.3071,,2.2247,,07/01/2022,06/30/2024,1.017,,0.9527,,0.707,,0.3856,,0.883,,0.0561,,0.441,,0.2454,,0.444,,-0.5293,,01/01/2023,12/31/2024,0.5559,,Yes,
VERDE VALLEY MEDICAL CENTER,030007,AZ,2026,1.0817,,0.6511,,07/01/2022,06/30/2024,N/A,13,N/A,5,0.000,,-1.3186,,2.530,,2.1717,,0.244,,-0.5174,,0.000,,-1.4573,,01/01/2023,12/31/2024,-0.0941,,No,
ST. MARY'S HOSPITAL,030010,AZ,2026,0.9764,,-0.0840,,07/01/2022,06/30/2024,0.379,,-0.5273,,0.434,,-0.2725,,0.000,,-1.4565,,0.551,,0.6713,,0.703,,0.0119,,01/01/2023,12/31/2024,-0.2762,,No,
ST JOSEPH'S HOSPITAL,030011,AZ,2026,0.8692,,-0.8328,,07/01/2022,06/30/2024,0.000,,-1.4065,,0.051,,-1.1957,,0.877,,0.0458,,0.142,,-0.9123,,0.139,,-1.1668,,01/01/2023,12/31/2024,-0.9114,,No,
YAVAPAI REGIONAL MEDICAL CENTER,030012,AZ,2026,1.3865,,2.5111,,07/01/2022,06/30/2024,0.296,,-0.7198,,0.388,,-0.3833,,0.179,,-1.1498,,0.415,,0.1447,,0.143,,-1.1584,,01/01/2023,12/31/2024,-0.1259,,No,
YUMA REGIONAL MEDICAL CENTER,030013,AZ,2026,0.9168,,-0.5005,,07/01/2022,06/30/2024,0.678,,0.1663,,1.094,,1.3185,,0.764,,-0.1477,,0.358,,-0.0760,,0.776,,0.1645,,01/01/2023,12/31/2024,0.1542,,No,
HONOR HEALTH JOHN C. LINCOLN MEDICAL CENTER,030014,AZ,2026,0.9761,,-0.0866,,07/01/2022,06/30/2024,0.609,,0.0063,,0.623,,0.1831,,1.582,,1.2535,,0.419,,0.1602,,0.916,,0.4571,,01/01/2023,12/31/2024,0.3289,,No,
BANNER CASA GRANDE MEDICAL CENTER,030016,AZ,2026,1.1428,,1.0776,,07/01/2022,06/30/2024,0.714,,0.2498,,0.176,,-0.8944,,0.828,,-0.0381,,0.503,,0.4855,,1.544,,1.7695,,01/01/2023,12/31/2024,0.4417,,Yes,
VALLEYWISE HEALTH MEDICAL CENTER,030022,AZ,2026,1.2015,,1.4869,,07/01/2022,06/30/2024,0.258,,-0.8080,,0.330,,-0.5231,,1.578,,1.2466,,0.417,,0.1525,,0.114,,-1.2190,,01/01/2023,12/31/2024,0.0560,,No,
FLAGSTAFF MEDICAL CENTER,030023,AZ,2026,0.9916,,0.0218,,07/01/2022,06/30/2024,0.000,,-1.4065,,0.068,,-1.1547,,0.473,,-0.6462,,0.416,,0.1486,,0.251,,-0.9327,,01/01/2023,12/31/2024,-0.6616,,No,
ST JOSEPHS HOSPITAL AND MEDICAL CENTER,030024,AZ,2026,1.2810,,2.0422,,07/01/2022,06/30/2024,0.660,,0.1246,,0.312,,-0.5665,,0.842,,-0.0141,,0.269,,-0.4206,,0.598,,-0.2075,,01/01/2023,12/31/2024,0.1597,,No,
ABRAZO CENTRAL CAMPUS,030030,AZ,2026,0.9447,,-0.3053,,07/01/2022,06/30/2024,0.309,,-0.6897,,0.000,,-1.3186,,0.000,,-1.4565,,0.519,,0.5474,,0.349,,-0.7279,,01/01/2023,12/31/2024,-0.6584,,No,
CHANDLER REGIONAL MEDICAL CENTER,030036,AZ,2026,1.0708,,0.5750,,07/01/2022,06/30/2024,0.274,,-0.7709,,0.358,,-0.4557,,0.292,,-0.9563,,0.369,,-0.0334,,0.932,,0.4905,,01/01/2023,12/31/2024,-0.1918,,No,
HONORHEALTH TEMPE MEDICAL CENTER,030037,AZ,2026,0.9465,,-0.2932,,07/01/2022,06/30/2024,0.000,,-1.4065,,0.000,,-1.3186,,N/A,13,N/A,5,0.546,,0.6520,,N/A,13,N/A,5,01/01/2023,12/31/2024,-0.5916,,No,
HONORHEALTH SCOTTSDALE OSBORN MEDICAL CENTER,030038,AZ,2026,0.9024,,-0.6005,,07/01/2022,06/30/2024,0.254,,-0.8173,,0.246,,-0.7256,,2.044,,2.0449,,0.304,,-0.2851,,1.095,,0.8312,,01/01/2023,12/31/2024,0.0746,,No,
CANYON VISTA MEDICAL CENTER,030043,AZ,2026,0.9703,,-0.1270,,07/01/2022,06/30/2024,0.000,,-1.4065,,0.000,,-1.3186,,1.579,,1.2484,,0.147,,-0.8930,,N/A,13,N/A,5,01/01/2023,12/31/2024,-0.4993,,No,
KINGMAN REGIONAL MEDICAL CENTER,030055,AZ,2026,1.1257,,0.9581,,07/01/2022,06/30/2024,0.300,,-0.7105,,0.218,,-0.7931,,0.000,,-1.4565,,0.176,,-0.7807,,0.879,,0.3797,,01/01/2023,12/31/2024,-0.4005,,No,
BANNER BOSWELL MEDICAL CENTER,030061,AZ,2026,1.4113,,2.5111,,07/01/2022,06/30/2024,0.831,,0.5213,,0.216,,-0.7979,,0.717,,-0.2283,,0.618,,0.9308,,1.179,,1.0067,,01/01/2023,12/31/2024,0.6573,,Yes,
SUMMIT HEALTHCARE REGIONAL MEDICAL CENTER,030062,AZ,2026,1.3804,,2.5111,,07/01/2022,06/30/2024,0.000,,-1.4065,,0.573,,0.0626,,0.000,,-1.4565,,1.001,,2.1931,,N/A,13,N/A,5,01/01/2023,12/31/2024,0.3808,,Yes,
BANNER - UNIVERSITY MEDICAL CENTER TUCSON CAMPUS,030064,AZ,2026,1.0929,,0.7293,,07/01/2022,06/30/2024,0.617,,0.0248,,0.445,,-0.2459,,1.079,,0.3919,,0.598,,0.8533,,0.723,,0.0537,,01/01/2023,12/31/2024,0.3012,,No,
BANNER DESERT MEDICAL CENTER,030065,AZ,2026,1.2343,,1.7164,,07/01/2022,06/30/2024,0.969,,0.8414,,0.617,,0.1687,,0.601,,-0.4270,,0.375,,-0.0101,,0.776,,0.1645,,01/01/2023,12/31/2024,0.4090,,Yes,
HAVASU REGIONAL MEDICAL CENTER,030069,AZ,2026,0.7872,,-1.4049,,07/01/2022,06/30/2024,0.000,,-1.4065,,0.000,,-1.3186,,N/A,13,N/A,5,0.270,,-0.4167,,2.095,,2.2251,,01/01/2023,12/31/2024,-0.4643,,No,
FORT DEFIANCE INDIAN HOSPITAL,030071,AZ,2026,0.9721,,-0.1143,,07/01/2022,06/30/2024,N/A,13,N/A,5,N/A,13,N/A,5,N/A,13,N/A,5,0.918,,2.0924,,N/A,13,N/A,5,01/01/2023,12/31/2024,0.9890,,Yes,
TUBA CITY REGIONAL HEALTH CARE CORPORATION,030073,AZ,2026,0.9245,,-0.4468,,07/01/2022,06/30/2024,N/A,13,N/A,5,N/A,13,N/A,5,N/A,13,N/A,5,0.616,,0.9230,,N/A,13,N/A,5,01/01/2023,12/31/2024,0.2381,,No,
SELLS HOSPITAL,030074,AZ,2026,N/A,13,N/A,5,07/01/2022,06/30/2024,N/A,13,N/A,5,N/A,13,N/A,5,N/A,18,2.1717,18,N/A,13,N/A,5,N/A,13,N/A,5,01/01/2023,12/31/2024,2.1717,18,Yes,
PHOENIX INDIAN MEDICAL CENTER,030078,AZ,2026,1.1840,,1.3653,,07/01/2022,06/30/2024,N/A,13,N/A,5,0.000,,-1.3186,,3.333,,2.1717,,0.183,,-0.7536,,N/A,13,N/A,5,01/01/2023,12/31/2024,0.3662,,No,
ABRAZO SCOTTSDALE CAMPUS,030083,AZ,2026,0.8843,,-0.7275,,07/01/2022,06/30/2024,0.958,,0.8159,,0.388,,-0.3833,,0.000,,-1.4565,,0.398,,0.0789,,0.000,,-1.4573,,01/01/2023,12/31/2024,-0.5216,,No,
CHINLE COMPREHENSIVE HEALTH CARE FACILITY,030084,AZ,2026,1.1616,,1.2085,,07/01/2022,06/30/2024,N/A,13,N/A,5,N/A,13,N/A,5,N/A,13,N/A,5,0.000,,-1.4622,,N/A,13,N/A,5,01/01/2023,12/31/2024,-0.1268,,No,
NORTHWEST MEDICAL CENTER,030085,AZ,2026,0.7610,,-1.4834,,07/01/2022,06/30/2024,0.201,,-0.9402,,0.176,,-0.8944,,0.722,,-0.2197,,0.412,,0.1331,,0.000,,-1.4573,,01/01/2023,12/31/2024,-0.8103,,No,
HONORHEALTH SCOTTSDALE SHEA MEDICAL CENTER,030087,AZ,2026,1.0729,,0.5893,,07/01/2022,06/30/2024,0.606,,-0.0007,,0.357,,-0.4581,,1.643,,1.3580,,0.360,,-0.0682,,0.930,,0.4863,,01/01/2023,12/31/2024,0.3178,,No,
BANNER BAYWOOD MEDICAL CENTER,030088,AZ,2026,0.8602,,-0.8954,,07/01/2022,06/30/2024,0.369,,-0.5505,,0.476,,-0.1712,,0.992,,0.2428,,0.811,,1.6781,,0.994,,0.6201,,01/01/2023,12/31/2024,0.1540,,No,
BANNER THUNDERBIRD MEDICAL CENTER,030089,AZ,2026,1.2276,,1.6695,,07/01/2022,06/30/2024,0.419,,-0.4345,,0.334,,-0.5135,,0.749,,-0.1734,,0.508,,0.5048,,0.478,,-0.4583,,01/01/2023,12/31/2024,0.0991,,No,
HONORHEALTH DEER VALLEY MEDICAL CENTER,030092,AZ,2026,1.2594,,1.8913,,07/01/2022,06/30/2024,0.750,,0.3334,,0.401,,-0.3520,,0.819,,-0.0535,,0.312,,-0.2541,,0.659,,-0.0800,,01/01/2023,12/31/2024,0.2475,,No,
BANNER DEL E. WEBB MEDICAL CENTER,030093,AZ,2026,0.7453,,-1.4834,,07/01/2022,06/30/2024,0.475,,-0.3046,,0.240,,-0.7401,,0.982,,0.2257,,0.531,,0.5939,,1.147,,0.9398,,01/01/2023,12/31/2024,-0.1281,,No,
ABRAZO ARROWHEAD HOSPITAL,030094,AZ,2026,1.0904,,0.7116,,07/01/2022,06/30/2024,0.151,,-1.0562,,0.060,,-1.1740,,0.082,,-1.3160,,0.253,,-0.4825,,0.194,,-1.0518,,01/01/2023,12/31/2024,-0.7282,,No,
WESTERN ARIZONA REGIONAL MEDICAL CENTER,030101,AZ,2026,0.8342,,-1.0772,,07/01/2022,06/30/2024,0.000,,-1.4065,,0.198,,-0.8413,,0.000,,-1.4565,,0.291,,-0.3354,,0.772,,0.1561,,01/01/2023,12/31/2024,-0.8268,,No,
MAYO CLINIC HOSPITAL,030103,AZ,2026,0.9174,,-0.4960,,07/01/2022,06/30/2024,0.748,,0.3287,,0.485,,-0.1495,,0.937,,0.1486,,0.511,,0.5165,,0.452,,-0.5126,,01/01/2023,12/31/2024,-0.0274,,No,
BANNER HEART HOSPITAL,030105,AZ,2026,0.9827,,-0.0401,,07/01/2022,06/30/2024,0.760,,0.3566,,0.794,,0.5953,,N/A,12,N/A,5,0.585,,0.8030,,1.659,,2.0099,,01/01/2023,12/31/2024,0.7449,,Yes,
ARIZONA SPINE AND JOINT HOSPITAL,030107,AZ,2026,0.8723,,-0.8110,,07/01/2022,06/30/2024,N/A,13,N/A,5,N/A,13,N/A,5,N/A,12,N/A,5,N/A,13,N/A,5,N/A,13,N/A,5,01/01/2023,12/31/2024,-0.8110,,No,
THE CORE INSTITUTE SPECIALTY HOSP,030108,AZ,2026,0.8875,,-0.7048,,07/01/2022,06/30/2024,N/A,13,N/A,5,N/A,13,N/A,5,N/A,12,N/A,5,0.000,,-1.4622,,N/A,13,N/A,5,01/01/2023,12/31/2024,-1.0835,,No,
ABRAZO WEST CAMPUS,030110,AZ,2026,0.8598,,-0.8983,,07/01/2022,06/30/2024,0.301,,-0.7082,,0.781,,0.5640,,0.666,,-0.3156,,0.571,,0.7488,,0.666,,-0.0654,,01/01/2023,12/31/2024,-0.1125,,No,
BANNER-UNIVERSITY MEDICAL CENTER SOUTH CAMPUS,030111,AZ,2026,1.0330,,0.3106,,07/01/2022,06/30/2024,0.947,,0.7904,,0.371,,-0.4243,,0.286,,-0.9666,,0.489,,0.4313,,1.636,,1.9618,,01/01/2023,12/31/2024,0.3505,,No,
ARIZONA ORTHOPEDIC AND SURGICAL SPECIALTY HOSPITAL,030112,AZ,2026,0.9822,,-0.0434,,07/01/2022,06/30/2024,N/A,13,N/A,5,N/A,13,N/A,5,N/A,13,N/A,5,N/A,13,N/A,5,N/A,13,N/A,5,01/01/2023,12/31/2024,-0.0434,,No,
WHITERIVER PHS INDIAN HOSPITAL,030113,AZ,2026,N/A,13,N/A,5,07/01/2022,06/30/2024,N/A,13,N/A,5,N/A,13,N/A,5,N/A,12,N/A,5,0.000,,-1.4622,,N/A,13,N/A,5,01/01/2023,12/31/2024,-1.4622,,No,
ORO VALLEY HOSPITAL,030114,AZ,2026,0.8165,,-1.2007,,07/01/2022,06/30/2024,0.000,,-1.4065,,1.694,,2.3863,,0.487,,-0.6222,,0.627,,0.9656,,N/A,13,N/A,5,01/01/2023,12/31/2024,0.0245,,No,
BANNER ESTRELLA MEDICAL CENTER,030115,AZ,2026,1.2336,,1.7112,,07/01/2022,06/30/2024,0.760,,0.3566,,0.274,,-0.6581,,0.869,,0.0321,,0.552,,0.6752,,0.528,,-0.3538,,01/01/2023,12/31/2024,0.2939,,No,
VALLEY VIEW MEDICAL CENTER,030117,AZ,2026,0.9911,,0.0187,,07/01/2022,06/30/2024,N/A,13,N/A,5,N/A,13,N/A,5,N/A,13,N/A,5,0.476,,0.3809,,N/A,13,N/A,5,01/01/2023,12/31/2024,0.1998,,No,
MERCY GILBERT MEDICAL CENTER,030119,AZ,2026,1.0598,,0.4978,,07/01/2022,06/30/2024,0.929,,0.7486,,0.433,,-0.2749,,0.957,,0.1829,,0.386,,0.0325,,0.476,,-0.4625,,01/01/2023,12/31/2024,0.1207,,No,
HONORHEALTH MOUNTAIN VISTA MEDICAL CENTER,030121,AZ,2026,0.7999,,-1.3162,,07/01/2022,06/30/2024,0.494,,-0.2605,,0.313,,-0.5641,,0.416,,-0.7439,,0.084,,-1.1369,,1.199,,1.0485,,01/01/2023,12/31/2024,-0.4955,,No,
BANNER GATEWAY MEDICAL CENTER,030122,AZ,2026,0.9783,,-0.0710,,07/01/2022,06/30/2024,0.854,,0.5746,,1.311,,1.8416,,0.758,,-0.1580,,0.350,,-0.1069,,0.290,,-0.8512,,01/01/2023,12/31/2024,0.2048,,No,
HONORHEALTH SCOTTSDALE THOMPSON PEAK MED CTR,030123,AZ,2026,0.8742,,-0.7976,,07/01/2022,06/30/2024,0.384,,-0.5157,,0.808,,0.6291,,1.807,,1.6389,,0.517,,0.5397,,0.626,,-0.1490,,01/01/2023,12/31/2024,0.2242,,No,
BANNER IRONWOOD MEDICAL CENTER,030130,AZ,2026,0.9352,,-0.3719,,07/01/2022,06/30/2024,1.689,,2.2402,,0.736,,0.4555,,1.328,,0.8184,,0.105,,-1.0556,,0.000,,-1.4573,,01/01/2023,12/31/2024,0.1049,,No,
BANNER GOLDFIELD MEDICAL CENTER,030134,AZ,2026,N/A,13,N/A,5,07/01/2022,06/30/2024,N/A,13,N/A,5,N/A,13,N/A,5,N/A,13,N/A,5,0.000,,-1.4622,,N/A,13,N/A,5,01/01/2023,12/31/2024,-1.4622,,No,
DIGNITY HEALTH - ARIZONA GENERAL HOSPITAL,030136,AZ,2026,N/A,13,N/A,5,07/01/2022,06/30/2024,N/A,13,N/A,5,N/A,13,N/A,5,N/A,13,N/A,5,N/A,13,N/A,5,N/A,13,N/A,5,01/01/2023,12/31/2024,N/A,5,No,
CITY OF HOPE CANCER CENTER PHOENIX,030138,AZ,2026,0.9519,,-0.2552,,07/01/2022,06/30/2024,N/A,13,N/A,5,N/A,13,N/A,5,0.315,,-0.9169,,0.241,,-0.5290,,N/A,13,N/A,5,01/01/2023,12/31/2024,-0.5670,,No,
DIGNITY HEALTH ARIZONA GENERAL HOSPITAL,030139,AZ,2026,0.9804,,-0.0563,,07/01/2022,06/30/2024,0.997,,0.9063,,0.000,,-1.3186,,N/A,13,N/A,5,1.246,,2.1931,,N/A,13,N/A,5,01/01/2023,12/31/2024,0.4311,,Yes,
HONORHEALTH SONORAN CROSSING MEDICAL CENTER,030146,AZ,2026,0.9516,,-0.2576,,07/01/2022,06/30/2024,0.465,,-0.3278,,0.000,,-1.3186,,1.155,,0.5220,,0.197,,-0.6994,,N/A,13,N/A,5,01/01/2023,12/31/2024,-0.4163,,No,
BANNER OCOTILLO MEDICAL CENTER,030147,AZ,2026,0.8807,,-0.7526,,07/01/2022,06/30/2024,0.000,,-1.4065,,0.748,,0.4844,,0.960,,0.1880,,0.387,,0.0363,,0.000,,-1.4573,,01/01/2023,12/31/2024,-0.4846,,No,
NORTHWEST MEDICAL CENTER SAHUARITA,030148,AZ,2026,0.8880,,-0.7014,,07/01/2022,06/30/2024,0.000,,-1.4065,,1.047,,1.2052,,1.040,,0.3250,,0.085,,-1.1330,,N/A,13,N/A,5,01/01/2023,12/31/2024,-0.3421,,No,
EXCEPTIONAL COMMUNITY HOSPITAL - MARICOPA,030152,AZ,2026,N/A,13,N/A,5,07/01/2022,06/30/2024,N/A,13,N/A,5,N/A,13,N/A,5,N/A,12,N/A,5,N/A,13,N/A,5,N/A,13,N/A,5,01/01/2023,12/31/2024,N/A,5,No,
EAST VALLEY ER & HOSPITAL,030153,AZ,2026,N/A,13,N/A,5,07/01/2022,06/30/2024,N/A,13,N/A,5,N/A,13,N/A,5,N/A,18,2.1717,18,N/A,18,2.1931,18,N/A,18,2.2251,18,01/01/2023,12/31/2024,2.1966,18,Yes,
EXCEPTIONAL COMMUNITY HOSPITAL YUMA,030154,AZ,2026,N/A,13,N/A,5,07/01/2022,06/30/2024,N/A,13,N/A,5,N/A,13,N/A,5,N/A,18,2.1717,18,N/A,13,N/A,5,N/A,13,N/A,5,01/01/2023,12/31/2024,2.1717,18,Yes,
EXCEPTIONAL COMMUNITY HOSPITAL BULLHEAD CITY,030155,AZ,2026,N/A,5,N/A,5,07/01/2022,06/30/2024,N/A,5,N/A,5,N/A,5,N/A,5,N/A,5,N/A,5,N/A,5,N/A,5,N/A,5,N/A,5,01/01/2023,12/31/2024,N/A,5,No,
SILOAM SPRINGS REGIONAL HOSPITAL,040001,AR,2026,0.9113,,-0.5388,,07/01/2022,06/30/2024,N/A,13,N/A,5,N/A,13,N/A,5,1.718,,1.4865,,0.000,,-1.4622,,N/A,13,N/A,5,01/01/2023,12/31/2024,-0.1715,,No,
JOHNSON REGIONAL MEDICAL CENTER,040002,AR,2026,0.9841,,-0.0305,,07/01/2022,06/30/2024,N/A,13,N/A,5,0.000,,-1.3186,,N/A,13,N/A,5,0.415,,0.1447,,N/A,13,N/A,5,01/01/2023,12/31/2024,-0.4015,,No,
WASHINGTON REGIONAL MEDICAL CENTER,040004,AR,2026,0.7208,,-1.4834,,07/01/2022,06/30/2024,0.704,,0.2266,,0.306,,-0.5810,,0.908,,0.0989,,0.366,,-0.0450,,0.854,,0.3275,,01/01/2023,12/31/2024,-0.2427,,No,
CHI-ST VINCENT INFIRMARY,040007,AR,2026,1.0130,,0.1714,,07/01/2022,06/30/2024,0.713,,0.2475,,0.136,,-0.9908,,0.408,,-0.7576,,0.256,,-0.4709,,0.582,,-0.2409,,01/01/2023,12/31/2024,-0.3402,,No,
MERCY HOSPITAL NORTHWEST ARKANSAS,040010,AR,2026,0.7478,,-1.4834,,07/01/2022,06/30/2024,0.266,,-0.7894,,0.365,,-0.4388,,1.884,,1.7708,,0.358,,-0.0760,,0.244,,-0.9473,,01/01/2023,12/31/2024,-0.3273,,No,
CHAMBERS MEMORIAL HOSPITAL,040011,AR,2026,N/A,13,N/A,5,07/01/2022,06/30/2024,N/A,13,N/A,5,N/A,13,N/A,5,N/A,12,N/A,5,0.000,,-1.4622,,N/A,13,N/A,5,01/01/2023,12/31/2024,-1.4622,,No,
WHITE COUNTY MEDICAL CENTER,040014,AR,2026,0.8530,,-0.9459,,07/01/2022,06/30/2024,0.000,,-1.4065,,0.363,,-0.4436,,1.321,,0.8064,,0.527,,0.5784,,0.987,,0.6055,,01/01/2023,12/31/2024,-0.1343,,No,
University of Arkansas Medical Sciences,040016,AR,2026,0.9386,,-0.3479,,07/01/2022,06/30/2024,1.133,,1.2218,,0.818,,0.6532,,0.818,,-0.0552,,0.469,,0.3538,,1.240,,1.1342,,01/01/2023,12/31/2024,0.4933,,Yes,
NORTH ARKANSAS REGIONAL MEDICAL CENTER,040017,AR,2026,1.0444,,0.3907,,07/01/2022,06/30/2024,N/A,13,N/A,5,N/A,13,N/A,5,N/A,11,2.1717,11,N/A,11,2.1931,11,N/A,11,2.2251,11,01/01/2023,12/31/2024,1.7451,,Yes,
BAPTIST HEALTH - VAN BUREN,040018,AR,2026,N/A,13,N/A,5,07/01/2022,06/30/2024,N/A,13,N/A,5,N/A,13,N/A,5,N/A,13,N/A,5,N/A,13,N/A,5,N/A,13,N/A,5,01/01/2023,12/31/2024,N/A,5,No,
FORREST CITY MEDICAL CENTER,040019,AR,2026,0.9757,,-0.0895,,07/01/2022,06/30/2024,N/A,13,N/A,5,N/A,13,N/A,5,N/A,13,N/A,5,0.000,,-1.4622,,N/A,13,N/A,5,01/01/2023,12/31/2024,-0.7758,,No,
ST BERNARDS MEDICAL CENTER,040020,AR,2026,3.1785,,2.5111,,07/01/2022,06/30/2024,0.391,,-0.4994,,0.388,,-0.3833,,0.824,,-0.0450,,0.685,,1.1902,,0.671,,-0.0549,,01/01/2023,12/31/2024,0.4531,,Yes,
NORTHWEST MEDICAL CENTER-SPRINGDALE,040022,AR,2026,0.9403,,-0.3366,,07/01/2022,06/30/2024,1.101,,1.1476,,0.369,,-0.4291,,1.255,,0.6933,,0.252,,-0.4864,,0.600,,-0.2033,,01/01/2023,12/31/2024,0.0643,,No,
CHI ST. VINCENT HOSPITAL HOT SPRINGS,040026,AR,2026,0.8898,,-0.6891,,07/01/2022,06/30/2024,0.201,,-0.9402,,0.045,,-1.2101,,0.517,,-0.5709,,0.087,,-1.1253,,0.761,,0.1331,,01/01/2023,12/31/2024,-0.7337,,No,
BAXTER HEALTH,040027,AR,2026,0.9147,,-0.5151,,07/01/2022,06/30/2024,0.308,,-0.6920,,0.563,,0.0385,,0.409,,-0.7559,,0.239,,-0.5367,,0.596,,-0.2117,,01/01/2023,12/31/2024,-0.4455,,No,
"CONWAY REGIONAL MEDICAL CENTER, INC",040029,AR,2026,1.1578,,1.1818,,07/01/2022,06/30/2024,0.975,,0.8553,,0.620,,0.1759,,0.965,,0.1966,,0.290,,-0.3393,,1.613,,1.9137,,01/01/2023,12/31/2024,0.6640,,Yes,
BAPTIST HEALTH MEDICAL CENTER NORTH LITTLE ROCK,040036,AR,2026,0.9393,,-0.3435,,07/01/2022,06/30/2024,0.284,,-0.7477,,0.211,,-0.8100,,1.357,,0.8681,,0.285,,-0.3586,,1.055,,0.7476,,01/01/2023,12/31/2024,-0.1074,,No,
ARKANSAS METHODIST MEDICAL CENTER,040039,AR,2026,0.9837,,-0.0332,,07/01/2022,06/30/2024,0.000,,-1.4065,,0.537,,-0.0242,,N/A,13,N/A,5,1.431,,2.1931,,N/A,13,N/A,5,01/01/2023,12/31/2024,0.1823,,No,
ST MARYS REGIONAL MEDICAL CENTER,040041,AR,2026,0.9628,,-0.1792,,07/01/2022,06/30/2024,1.085,,1.1105,,1.333,,1.8946,,2.700,,2.1717,,0.082,,-1.1446,,0.000,,-1.4573,,01/01/2023,12/31/2024,0.3993,,Yes,
OUACHITA COUNTY MEDICAL CENTER,040050,AR,2026,0.9503,,-0.2663,,07/01/2022,06/30/2024,N/A,13,N/A,5,0.589,,0.1012,,N/A,13,N/A,5,0.883,,1.9569,,N/A,13,N/A,5,01/01/2023,12/31/2024,0.5972,,Yes,
BAPTIST HEALTH MEDICAL CENTER-DREW COUNTY,040051,AR,2026,0.9607,,-0.1941,,07/01/2022,06/30/2024,N/A,13,N/A,5,N/A,13,N/A,5,N/A,13,N/A,5,1.327,,2.1931,,N/A,13,N/A,5,01/01/2023,12/31/2024,0.9995,,Yes,
BAPTIST HEALTH - FORT SMITH,040055,AR,2026,1.3044,,2.2056,,07/01/2022,06/30/2024,0.558,,-0.1120,,0.421,,-0.3038,,1.490,,1.0959,,0.336,,-0.1611,,1.260,,1.1760,,01/01/2023,12/31/2024,0.6501,,Yes,
MERCY HOSPITAL FORT SMITH,040062,AR,2026,0.6984,,-1.4834,,07/01/2022,06/30/2024,0.905,,0.6929,,0.170,,-0.9088,,0.839,,-0.0193,,0.119,,-1.0014,,0.687,,-0.0215,,01/01/2023,12/31/2024,-0.4569,,No,
MAGNOLIA REGIONAL MEDICAL HOSPITAL,040067,AR,2026,0.9762,,-0.0858,,07/01/2022,06/30/2024,N/A,13,N/A,5,2.209,,2.3863,,N/A,13,N/A,5,0.000,,-1.4622,,N/A,13,N/A,5,01/01/2023,12/31/2024,0.2795,,No,
GREAT RIVER MEDICAL CENTER,040069,AR,2026,0.9695,,-0.1321,,07/01/2022,06/30/2024,N/A,13,N/A,5,N/A,13,N/A,5,N/A,13,N/A,5,0.000,,-1.4622,,N/A,13,N/A,5,01/01/2023,12/31/2024,-0.7971,,No,
JEFFERSON REGIONAL MEDICAL CENTER,040071,AR,2026,0.9081,,-0.5613,,07/01/2022,06/30/2024,1.448,,1.9526,,0.414,,-0.3207,,2.818,,2.1717,,0.441,,0.2454,,1.795,,2.2251,,01/01/2023,12/31/2024,0.9521,,Yes,
BAPTIST HEALTH MEDICAL CENTER-STUTTGART,040072,AR,2026,0.9831,,-0.0371,,07/01/2022,06/30/2024,N/A,13,N/A,5,N/A,13,N/A,5,N/A,13,N/A,5,N/A,13,N/A,5,N/A,13,N/A,5,01/01/2023,12/31/2024,-0.0371,,No,
BAPTIST HEALTH MEDICAL CENTER-HOT SPRINGS COUNTY,040076,AR,2026,0.9861,,-0.0169,,07/01/2022,06/30/2024,N/A,13,N/A,5,N/A,13,N/A,5,N/A,12,N/A,5,0.000,,-1.4622,,N/A,13,N/A,5,01/01/2023,12/31/2024,-0.7395,,No,
NATIONAL PARK MEDICAL CENTER,040078,AR,2026,1.0719,,0.5821,,07/01/2022,06/30/2024,1.103,,1.1522,,0.838,,0.7014,,1.584,,1.2569,,0.059,,-1.2337,,0.370,,-0.6840,,01/01/2023,12/31/2024,0.2958,,No,
SALINE MEMORIAL HOSPITAL,040084,AR,2026,0.8692,,-0.8329,,07/01/2022,06/30/2024,0.000,,-1.4065,,0.000,,-1.3186,,0.547,,-0.5195,,0.333,,-0.1728,,0.000,,-1.4573,,01/01/2023,12/31/2024,-0.9512,,No,
SOUTH ARKANSAS REGIONAL HOSPITAL LLC,040088,AR,2026,0.8862,,-0.7136,,07/01/2022,06/30/2024,N/A,13,N/A,5,0.491,,-0.1351,,1.569,,1.2312,,1.505,,2.1931,,0.744,,0.0976,,01/01/2023,12/31/2024,0.5346,,Yes,
BAPTIST HEALTH MEDICAL CENTER-LITTLE ROCK,040114,AR,2026,0.8992,,-0.6233,,07/01/2022,06/30/2024,0.509,,-0.2257,,0.454,,-0.2242,,1.053,,0.3473,,0.189,,-0.7303,,0.905,,0.4341,,01/01/2023,12/31/2024,-0.1704,,No,
"BAPTIST MEMORIAL HOSPITAL JONESBORO, INC.",040118,AR,2026,1.1818,23,1.3499,23,07/01/2022,06/30/2024,0.784,,0.4122,,0.303,,-0.5882,,0.343,,-0.8689,,0.455,,0.2996,,2.143,,2.2251,,01/01/2023,12/31/2024,0.4716,23,Yes,
WHITE RIVER MEDICAL CENTER,040119,AR,2026,2.0625,,2.5111,,07/01/2022,06/30/2024,1.956,,2.2402,,0.640,,0.2241,,1.039,,0.3233,,0.154,,-0.8659,,0.513,,-0.3851,,01/01/2023,12/31/2024,0.6746,,Yes,
LEVI HOSPITAL,040132,AR,2026,N/A,13,N/A,5,07/01/2022,06/30/2024,N/A,13,N/A,5,N/A,13,N/A,5,N/A,18,2.1717,18,0.000,,-1.4622,,N/A,13,N/A,5,01/01/2023,12/31/2024,0.3548,,No,
"ARKANSAS HEART HOSPITAL, LLC",040134,AR,2026,1.0158,,0.1905,,07/01/2022,06/30/2024,0.366,,-0.5574,,1.185,,1.5378,,N/A,13,N/A,5,0.600,,0.8611,,2.510,,2.2251,,01/01/2023,12/31/2024,0.8514,,Yes,
ST VINCENT MEDICAL CENTER/NORTH,040137,AR,2026,0.9077,,-0.5635,,07/01/2022,06/30/2024,0.000,,-1.4065,,0.168,,-0.9136,,N/A,13,N/A,5,0.319,,-0.2270,,1.722,,2.1415,,01/01/2023,12/31/2024,-0.1938,,No,
ARKANSAS SURGICAL HOSPITAL,040147,AR,2026,0.8007,,-1.3106,,07/01/2022,06/30/2024,N/A,13,N/A,5,0.000,,-1.3186,,N/A,12,N/A,5,0.000,,-1.4622,,N/A,13,N/A,5,01/01/2023,12/31/2024,-1.3638,,No,
SOUTHWEST ARKANSAS REGIONAL MEDICAL CENTER LLC,040153,AR,2026,N/A,13,N/A,5,07/01/2022,06/30/2024,N/A,13,N/A,5,N/A,13,N/A,5,N/A,13,N/A,5,N/A,13,N/A,5,N/A,13,N/A,5,01/01/2023,12/31/2024,N/A,5,No,
BAPTIST HEALTH MEDICAL CENTER- CONWAY,040154,AR,2026,1.0460,,0.4016,,07/01/2022,06/30/2024,1.810,,2.2402,,0.241,,-0.7377,,0.679,,-0.2933,,0.448,,0.2725,,3.448,,2.2251,,01/01/2023,12/31/2024,0.6847,,Yes,
"BAPTIST MEMORIAL HOSPITAL-CRITTENDEN, INC",040156,AR,2026,N/A,13,N/A,5,07/01/2022,06/30/2024,N/A,13,N/A,5,N/A,13,N/A,5,N/A,13,N/A,5,N/A,13,N/A,5,N/A,13,N/A,5,01/01/2023,12/31/2024,N/A,5,No,
ARKANSAS HEART HOSPITAL-ENCORE,040161,AR,2026,0.8985,,-0.6282,,07/01/2022,06/30/2024,0.000,,-1.4065,,0.000,,-1.3186,,N/A,13,N/A,5,0.905,,2.0420,,N/A,13,N/A,5,01/01/2023,12/31/2024,-0.3278,,No,
UNITY HEALTH - JACKSONVILLE,040164,AR,2026,N/A,13,N/A,5,07/01/2022,06/30/2024,N/A,13,N/A,5,N/A,13,N/A,5,N/A,13,N/A,5,N/A,13,N/A,5,N/A,13,N/A,5,01/01/2023,12/31/2024,N/A,5,No,
ST ROSE HOSPITAL,050002,CA,2026,1.0218,,0.2325,,07/01/2022,06/30/2024,0.413,,-0.4484,,0.849,,0.7279,,N/A,13,N/A,5,0.862,,1.8755,,1.649,,1.9890,,01/01/2023,12/31/2024,0.8753,,Yes,
PROVIDENCE ST JOSEPH HOSPITAL,050006,CA,2026,0.6801,,-1.4834,,07/01/2022,06/30/2024,0.319,,-0.6665,,0.384,,-0.3930,,0.875,,0.0424,,0.472,,0.3654,,0.257,,-0.9202,,01/01/2023,12/31/2024,-0.5092,,No,
PENINSULA MEDICAL CENTER,050007,CA,2026,0.8074,,-1.2643,,07/01/2022,06/30/2024,0.000,,-1.4065,,0.230,,-0.7642,,0.555,,-0.5058,,0.228,,-0.5793,,0.172,,-1.0978,,01/01/2023,12/31/2024,-0.9363,,No,
CALIFORNIA PACIFIC MEDICAL CTR-DAVIES CAMPUS HOSP,050008,CA,2026,0.9800,,-0.0588,,07/01/2022,06/30/2024,0.747,,0.3264,,0.407,,-0.3375,,N/A,13,N/A,5,0.484,,0.4119,,1.558,,1.7988,,01/01/2023,12/31/2024,0.4281,,Yes,
PROVIDENCE QUEEN OF THE VALLEY MEDICAL CENTER,050009,CA,2026,0.8589,,-0.9043,,07/01/2022,06/30/2024,0.879,,0.6326,,0.000,,-1.3186,,1.043,,0.3302,,0.285,,-0.3586,,0.449,,-0.5189,,01/01/2023,12/31/2024,-0.3563,,No,
ADVENTIST HEALTH ST HELENA,050013,CA,2026,1.2092,,1.5411,,07/01/2022,06/30/2024,0.286,,-0.7430,,0.000,,-1.3186,,0.746,,-0.1786,,0.789,,1.5929,,0.875,,0.3714,,01/01/2023,12/31/2024,0.2109,,No,
SUTTER AMADOR HOSPITAL,050014,CA,2026,1.0516,,0.4405,,07/01/2022,06/30/2024,N/A,13,N/A,5,0.000,,-1.3186,,N/A,13,N/A,5,0.233,,-0.5600,,N/A,13,N/A,5,01/01/2023,12/31/2024,-0.4794,,No,
MERCY GENERAL HOSPITAL,050017,CA,2026,1.4164,,2.5111,,07/01/2022,06/30/2024,0.392,,-0.4971,,0.173,,-0.9016,,0.725,,-0.2145,,0.107,,-1.0478,,0.326,,-0.7760,,01/01/2023,12/31/2024,-0.1543,,No,
RIVERSIDE COMMUNITY HOSPITAL,050022,CA,2026,0.9853,,-0.0223,,07/01/2022,06/30/2024,1.022,,0.9643,,0.673,,0.3037,,1.385,,0.9160,,0.230,,-0.5716,,0.907,,0.4383,,01/01/2023,12/31/2024,0.3381,,No,
PARADISE VALLEY HOSPITAL,050024,CA,2026,0.8733,,-0.8042,,07/01/2022,06/30/2024,1.259,,1.5141,,0.603,,0.1349,,N/A,13,N/A,5,0.067,,-1.2027,,0.000,,-1.4573,,01/01/2023,12/31/2024,-0.3630,,No,
UC SAN DIEGO HEALTH HILLCREST - HILLCREST MED CTR,050025,CA,2026,1.0250,,0.2550,,07/01/2022,06/30/2024,0.690,,0.1942,,0.664,,0.2820,,0.266,,-1.0008,,0.610,,0.8998,,0.986,,0.6034,,01/01/2023,12/31/2024,0.2056,,No,
GROSSMONT HOSPITAL,050026,CA,2026,1.2230,,1.6376,,07/01/2022,06/30/2024,0.477,,-0.2999,,0.333,,-0.5159,,0.355,,-0.8484,,0.554,,0.6830,,0.600,,-0.2033,,01/01/2023,12/31/2024,0.0755,,No,
MAD RIVER COMMUNITY HOSPITAL,050028,CA,2026,1.0159,,0.1915,,07/01/2022,06/30/2024,N/A,13,N/A,5,N/A,13,N/A,5,0.000,,-1.4565,,2.211,,2.1931,,N/A,13,N/A,5,01/01/2023,12/31/2024,0.3094,,No,
OROVILLE HOSPITAL,050030,CA,2026,0.9334,,-0.3841,,07/01/2022,06/30/2024,1.455,,1.9688,,0.588,,0.0988,,2.456,,2.1717,,0.464,,0.3345,,0.538,,-0.3329,,01/01/2023,12/31/2024,0.6428,,Yes,
BAKERSFIELD MEMORIAL HOSPITAL,050036,CA,2026,0.8818,,-0.7447,,07/01/2022,06/30/2024,0.632,,0.0596,,0.537,,-0.0242,,0.950,,0.1709,,0.192,,-0.7187,,0.404,,-0.6129,,01/01/2023,12/31/2024,-0.3117,,No,
SANTA CLARA VALLEY MEDICAL CENTER,050038,CA,2026,1.0715,,0.5796,,07/01/2022,06/30/2024,0.932,,0.7556,,1.069,,1.2582,,1.813,,1.6492,,0.385,,0.0286,,0.876,,0.3735,,01/01/2023,12/31/2024,0.7741,,Yes,
ENLOE HEALTH,050039,CA,2026,0.9865,,-0.0134,,07/01/2022,06/30/2024,0.573,,-0.0772,,0.481,,-0.1592,,0.256,,-1.0179,,0.855,,1.8484,,0.207,,-1.0246,,01/01/2023,12/31/2024,-0.0740,,No,
LAC/OLIVE VIEW-UCLA MEDICAL CENTER,050040,CA,2026,1.1404,,1.0605,,07/01/2022,06/30/2024,1.026,,0.9736,,1.833,,2.3863,,0.309,,-0.9272,,0.482,,0.4042,,0.753,,0.1164,,01/01/2023,12/31/2024,0.6690,,Yes,
ST ELIZABETH COMMUNITY HOSPITAL,050042,CA,2026,0.8968,,-0.6401,,07/01/2022,06/30/2024,N/A,13,N/A,5,0.000,,-1.3186,,0.977,,0.2171,,0.000,,-1.4622,,N/A,13,N/A,5,01/01/2023,12/31/2024,-0.8009,,No,
ALTA BATES SUMMIT MEDICAL CENTER,050043,CA,2026,0.8896,,-0.6899,,07/01/2022,06/30/2024,0.212,,-0.9147,,0.183,,-0.8775,,0.230,,-1.0625,,0.257,,-0.4670,,0.295,,-0.8407,,01/01/2023,12/31/2024,-0.8087,,No,
EL CENTRO REGIONAL MEDICAL CENTER,050045,CA,2026,0.8867,,-0.7105,,07/01/2022,06/30/2024,0.958,,0.8159,,2.573,,2.3863,,0.916,,0.1126,,1.741,,2.1931,,0.000,,-1.4573,,01/01/2023,12/31/2024,0.5567,,Yes,
CALIFORNIA PACIFIC MEDICAL CENTER- VAN NESS CAMPUS,050047,CA,2026,1.0583,,0.4877,,07/01/2022,06/30/2024,0.658,,0.1199,,0.314,,-0.5617,,1.345,,0.8475,,0.190,,-0.7265,,0.715,,0.0370,,01/01/2023,12/31/2024,0.0340,,No,
SAN GORGONIO MEMORIAL HOSPITAL,050054,CA,2026,0.9574,,-0.2171,,07/01/2022,06/30/2024,1.076,,1.0896,,0.240,,-0.7401,,N/A,11,2.1717,11,N/A,11,2.1931,11,N/A,11,2.2251,11,01/01/2023,12/31/2024,1.1204,,Yes,
CALIFORNIA PACIFIC MEDICAL CENTER - MISSION BERNAL,050055,CA,2026,0.8704,,-0.8242,,07/01/2022,06/30/2024,0.000,,-1.4065,,0.688,,0.3398,,0.580,,-0.4629,,0.324,,-0.2076,,0.870,,0.3609,,01/01/2023,12/31/2024,-0.3667,,No,
ANTELOPE VALLEY HOSPITAL,050056,CA,2026,1.0766,,0.6156,,07/01/2022,06/30/2024,0.552,,-0.1260,,1.239,,1.6680,,0.590,,-0.4458,,0.556,,0.6907,,0.772,,0.1561,,01/01/2023,12/31/2024,0.4264,,Yes,
KAWEAH HEALTH MEDICAL CENTER,050057,CA,2026,0.8131,,-1.2240,,07/01/2022,06/30/2024,0.959,,0.8182,,0.436,,-0.2676,,1.267,,0.7139,,0.453,,0.2919,,0.803,,0.2209,,01/01/2023,12/31/2024,0.0922,,No,
GLENDALE MEM HOSPITAL & HLTH CENTER,050058,CA,2026,0.8667,,-0.8501,,07/01/2022,06/30/2024,0.760,,0.3566,,0.371,,-0.4243,,0.861,,0.0184,,0.031,,-1.3421,,0.263,,-0.9076,,01/01/2023,12/31/2024,-0.5249,,No,
COMMUNITY REGIONAL MEDICAL CENTER,050060,CA,2026,1.0792,,0.6336,,07/01/2022,06/30/2024,0.932,,0.7556,,1.063,,1.2438,,1.130,,0.4792,,1.005,,2.1931,,0.934,,0.4947,,01/01/2023,12/31/2024,0.9666,,Yes,
HOLLYWOOD PRESBYTERIAN MEDICAL CENTER,050063,CA,2026,0.8612,,-0.8882,,07/01/2022,06/30/2024,0.000,,-1.4065,,0.310,,-0.5714,,0.000,,-1.4565,,0.076,,-1.1679,,0.408,,-0.6046,,01/01/2023,12/31/2024,-1.0158,,No,
OAK VALLEY HOSPITAL DISTRICT,050067,CA,2026,0.9777,,-0.0749,,07/01/2022,06/30/2024,N/A,13,N/A,5,N/A,13,N/A,5,N/A,13,N/A,5,1.285,,2.1931,,N/A,13,N/A,5,01/01/2023,12/31/2024,1.0591,,Yes,
PROVIDENCE ST. JOSEPH HOSPITAL,050069,CA,2026,1.1656,,1.2369,,07/01/2022,06/30/2024,0.436,,-0.3951,,0.936,,0.9376,,0.696,,-0.2642,,0.418,,0.1564,,0.947,,0.5219,,01/01/2023,12/31/2024,0.3656,,No,
KAISER FOUNDATION HOSPITAL - SOUTH SAN FRANCISCO,050070,CA,2026,0.9714,,-0.1195,,07/01/2022,06/30/2024,0.377,,-0.5319,,0.550,,0.0072,,1.006,,0.2668,,0.133,,-0.9472,,0.000,,-1.4573,,01/01/2023,12/31/2024,-0.4636,,No,
KAISER FOUNDATION HOSPITAL-SANTA CLARA,050071,CA,2026,1.0143,,0.1805,,07/01/2022,06/30/2024,0.722,,0.2684,,1.248,,1.6897,,1.390,,0.9246,,0.436,,0.2261,,0.579,,-0.2472,,01/01/2023,12/31/2024,0.5070,,Yes,
KAISER FOUNDATION HOSPITAL - WALNUT CREEK,050072,CA,2026,1.1358,,1.0285,,07/01/2022,06/30/2024,0.827,,0.5120,,0.727,,0.4338,,0.994,,0.2463,,0.574,,0.7604,,0.129,,-1.1877,,01/01/2023,12/31/2024,0.2989,,No,
KAISER FOUNDATION HOSPITAL AND REHAB CENTER,050073,CA,2026,0.9697,,-0.1307,,07/01/2022,06/30/2024,0.442,,-0.3811,,0.963,,1.0027,,1.070,,0.3764,,0.415,,0.1447,,0.403,,-0.6150,,01/01/2023,12/31/2024,0.0662,,No,
KAISER FOUNDATION HOSPITAL - OAKLAND/RICHMOND,050075,CA,2026,1.0088,,0.1416,,07/01/2022,06/30/2024,0.863,,0.5955,,0.640,,0.2241,,1.300,,0.7704,,0.263,,-0.4438,,0.881,,0.3839,,01/01/2023,12/31/2024,0.2786,,No,
KAISER FOUNDATION HOSPITAL - SAN FRANCISCO,050076,CA,2026,1.1741,,1.2961,,07/01/2022,06/30/2024,1.154,,1.2706,,0.864,,0.7641,,1.396,,0.9349,,0.340,,-0.1457,,0.000,,-1.4573,,01/01/2023,12/31/2024,0.4438,,Yes,
SCRIPPS MERCY HOSPITAL,050077,CA,2026,0.9217,,-0.4663,,07/01/2022,06/30/2024,0.838,,0.5375,,0.611,,0.1542,,1.197,,0.5940,,0.119,,-1.0014,,0.571,,-0.2639,,01/01/2023,12/31/2024,-0.0743,,No,
PROVIDENCE LITTLE CO OF MARY MED CTR SAN PEDRO,050078,CA,2026,0.8960,,-0.6455,,07/01/2022,06/30/2024,0.000,,-1.4065,,0.769,,0.5351,,0.583,,-0.4578,,0.215,,-0.6297,,0.566,,-0.2744,,01/01/2023,12/31/2024,-0.4798,,No,
ST JOHNS REGIONAL MEDICAL CENTER,050082,CA,2026,0.8457,,-0.9966,,07/01/2022,06/30/2024,0.698,,0.2127,,0.126,,-1.0149,,0.715,,-0.2317,,0.412,,0.1331,,0.838,,0.2941,,01/01/2023,12/31/2024,-0.2672,,No,
ST JOSEPH'S MEDICAL CENTER OF STOCKTON,050084,CA,2026,1.0596,,0.4964,,07/01/2022,06/30/2024,1.014,,0.9458,,0.491,,-0.1351,,1.158,,0.5272,,0.273,,-0.4051,,1.089,,0.8186,,01/01/2023,12/31/2024,0.3746,,No,
COMMUNITY HOSPITAL OF SAN BERNARDINO,050089,CA,2026,1.1353,,1.0249,,07/01/2022,06/30/2024,0.358,,-0.5760,,0.312,,-0.5665,,0.000,,-1.4565,,0.360,,-0.0682,,0.000,,-1.4573,,01/01/2023,12/31/2024,-0.5166,,No,
SONOMA VALLEY HOSPITAL,050090,CA,2026,1.1138,,0.8752,,07/01/2022,06/30/2024,N/A,13,N/A,5,N/A,13,N/A,5,N/A,13,N/A,5,1.404,,2.1931,,N/A,13,N/A,5,01/01/2023,12/31/2024,1.5341,,Yes,
COMMUNITY HOSPITAL OF HUNTINGTON PARK,050091,CA,2026,0.9235,,-0.4536,,07/01/2022,06/30/2024,2.692,,2.2402,,0.000,,-1.3186,,N/A,13,N/A,5,1.310,,2.1931,,N/A,13,N/A,5,01/01/2023,12/31/2024,0.6653,,Yes,
SAINT AGNES MEDICAL CENTER,050093,CA,2026,1.0197,,0.2183,,07/01/2022,06/30/2024,1.122,,1.1963,,0.550,,0.0072,,1.054,,0.3490,,0.538,,0.6210,,0.789,,0.1917,,01/01/2023,12/31/2024,0.4306,,Yes,
SAN ANTONIO REGIONAL HOSPITAL,050099,CA,2026,1.1193,,0.9133,,07/01/2022,06/30/2024,0.556,,-0.1167,,0.664,,0.2820,,0.980,,0.2223,,0.318,,-0.2308,,0.698,,0.0015,,01/01/2023,12/31/2024,0.1786,,No,
SHARP MEMORIAL HOSPITAL,050100,CA,2026,1.2055,,1.5149,,07/01/2022,06/30/2024,0.696,,0.2081,,0.581,,0.0819,,0.880,,0.0510,,0.624,,0.9540,,0.543,,-0.3225,,01/01/2023,12/31/2024,0.4146,,Yes,
SUTTER SOLANO MEDICAL CENTER,050101,CA,2026,1.0011,,0.0880,,07/01/2022,06/30/2024,0.337,,-0.6247,,1.537,,2.3863,,0.921,,0.1212,,0.173,,-0.7923,,0.000,,-1.4573,,01/01/2023,12/31/2024,-0.0464,,No,
PARKVIEW COMMUNITY HOSPITAL MEDICAL CENTER,050102,CA,2026,0.9388,,-0.3464,,07/01/2022,06/30/2024,0.424,,-0.4229,,0.380,,-0.4026,,0.000,,-1.4565,,0.161,,-0.8388,,0.000,,-1.4573,,01/01/2023,12/31/2024,-0.8207,,No,
ADVENTIST HEALTH WHITE MEMORIAL,050103,CA,2026,0.9631,,-0.1768,,07/01/2022,06/30/2024,0.285,,-0.7453,,1.051,,1.2148,,0.376,,-0.8124,,0.180,,-0.7652,,0.665,,-0.0675,,01/01/2023,12/31/2024,-0.2254,,No,
SAINT FRANCIS MEDICAL CENTER,050104,CA,2026,0.8208,,-1.1707,,07/01/2022,06/30/2024,0.200,,-0.9425,,0.482,,-0.1567,,0.081,,-1.3177,,0.397,,0.0750,,0.675,,-0.0466,,01/01/2023,12/31/2024,-0.5932,,No,
MARIAN REGIONAL MEDICAL CENTER,050107,CA,2026,0.6685,,-1.4834,,07/01/2022,06/30/2024,0.686,,0.1849,,0.258,,-0.6967,,1.476,,1.0719,,0.126,,-0.9743,,0.617,,-0.1678,,01/01/2023,12/31/2024,-0.3442,,No,
"SUTTER MEDICAL CENTER, SACRAMENTO",050108,CA,2026,0.9861,,-0.0164,,07/01/2022,06/30/2024,0.520,,-0.2002,,0.642,,0.2289,,1.022,,0.2942,,0.277,,-0.3896,,0.427,,-0.5649,,01/01/2023,12/31/2024,-0.1080,,No,
LOMPOC VALLEY MEDICAL CENTER,050110,CA,2026,1.0155,,0.1884,,07/01/2022,06/30/2024,0.973,,0.8507,,0.311,,-0.5689,,2.118,,2.1717,,0.496,,0.4584,,N/A,13,N/A,5,01/01/2023,12/31/2024,0.6200,,Yes,
SANTA MONICA - UCLA MED CTR & ORTHOPAEDIC HOSPITAL,050112,CA,2026,1.0339,,0.3175,,07/01/2022,06/30/2024,1.322,,1.6603,,1.044,,1.1980,,1.866,,1.7400,,0.494,,0.4506,,0.715,,0.0370,,01/01/2023,12/31/2024,0.9006,,Yes,
SAN MATEO MEDICAL CENTER,050113,CA,2026,0.9728,,-0.1097,,07/01/2022,06/30/2024,0.000,,-1.4065,,0.000,,-1.3186,,0.569,,-0.4818,,1.158,,2.1931,,0.838,,0.2941,,01/01/2023,12/31/2024,-0.1382,,No,
PALOMAR HEALTH DOWNTOWN CAMPUS,050115,CA,2026,0.9487,,-0.2777,,07/01/2022,06/30/2024,0.701,,0.2197,,0.865,,0.7665,,0.758,,-0.1580,,0.371,,-0.0256,,0.194,,-1.0518,,01/01/2023,12/31/2024,-0.0878,,No,
NORTHRIDGE HOSPITAL MEDICAL CENTER,050116,CA,2026,0.7810,,-1.4485,,07/01/2022,06/30/2024,0.196,,-0.9518,,0.241,,-0.7377,,0.340,,-0.8741,,0.163,,-0.8310,,0.572,,-0.2618,,01/01/2023,12/31/2024,-0.8508,,No,
DOCTORS HOSPITAL OF MANTECA,050118,CA,2026,0.9562,,-0.2251,,07/01/2022,06/30/2024,1.151,,1.2636,,1.790,,2.3863,,N/A,13,N/A,5,0.374,,-0.0140,,0.902,,0.4278,,01/01/2023,12/31/2024,0.7677,,Yes,
ADVENTIST HEALTH HANFORD,050121,CA,2026,0.7667,,-1.4834,,07/01/2022,06/30/2024,0.784,,0.4122,,0.342,,-0.4942,,0.650,,-0.3430,,0.412,,0.1331,,0.212,,-1.0142,,01/01/2023,12/31/2024,-0.4649,,No,
DAMERON HOSPITAL,050122,CA,2026,0.8867,,-0.7108,,07/01/2022,06/30/2024,1.502,29,2.0778,29,0.000,29,-1.3186,29,0.000,29,-1.4565,29,0.331,29,-0.1805,29,3.568,29,2.2251,29,01/01/2023,12/31/2024,0.1061,,No,
USC VERDUGO HILLS HOSPITAL,050124,CA,2026,0.8995,,-0.6211,,07/01/2022,06/30/2024,1.102,,1.1499,,0.622,,0.1807,,0.822,,-0.0484,,0.534,,0.6055,,1.076,,0.7915,,01/01/2023,12/31/2024,0.3430,,No,
REGIONAL MEDICAL CENTER OF SAN JOSE,050125,CA,2026,0.9862,,-0.0161,,07/01/2022,06/30/2024,0.507,,-0.2303,,0.322,,-0.5424,,1.004,,0.2634,,0.099,,-1.0788,,0.722,,0.0516,,01/01/2023,12/31/2024,-0.2588,,No,
VALLEY PRESBYTERIAN HOSPITAL,050126,CA,2026,0.8687,,-0.8362,,07/01/2022,06/30/2024,0.736,,0.3009,,1.073,,1.2679,,0.609,,-0.4133,,0.158,,-0.8504,,0.984,,0.5992,,01/01/2023,12/31/2024,0.0114,,No,
WOODLAND MEMORIAL HOSPITAL,050127,CA,2026,1.0363,,0.3338,,07/01/2022,06/30/2024,0.000,,-1.4065,,0.711,,0.3953,,0.000,,-1.4565,,0.725,,1.3451,,0.000,,-1.4573,,01/01/2023,12/31/2024,-0.3744,,No,
TRI-CITY MEDICAL CENTER,050128,CA,2026,0.9267,,-0.4310,,07/01/2022,06/30/2024,0.716,,0.2545,,0.552,,0.0120,,0.986,,0.2325,,0.892,,1.9917,,0.798,,0.2105,,01/01/2023,12/31/2024,0.3784,,No,
ST BERNARDINE MEDICAL CENTER,050129,CA,2026,1.0303,,0.2919,,07/01/2022,06/30/2024,0.079,,-1.2232,,0.223,,-0.7811,,0.508,,-0.5863,,0.289,,-0.3431,,0.782,,0.1770,,01/01/2023,12/31/2024,-0.4108,,No,
NOVATO COMMUNITY HOSPITAL,050131,CA,2026,0.8474,,-0.9847,,07/01/2022,06/30/2024,N/A,13,N/A,5,N/A,13,N/A,5,N/A,13,N/A,5,0.137,,-0.9317,,N/A,13,N/A,5,01/01/2023,12/31/2024,-0.9582,,No,
SAN GABRIEL VALLEY MEDICAL CENTER,050132,CA,2026,0.9597,,-0.2011,,07/01/2022,06/30/2024,1.692,,2.2402,,0.131,,-1.0028,,0.000,,-1.4565,,0.169,,-0.8078,,0.289,,-0.8533,,01/01/2023,12/31/2024,-0.3469,,No,
ADVENTIST HEALTH AND RIDEOUT,050133,CA,2026,0.8987,,-0.6267,,07/01/2022,06/30/2024,0.562,,-0.1028,,0.353,,-0.4677,,0.593,,-0.4407,,0.210,,-0.6490,,1.430,,1.5313,,01/01/2023,12/31/2024,-0.1259,,No,
SOUTHERN CALIFORNIA HOSPITAL AT HOLLYWOOD,050135,CA,2026,0.8674,,-0.8451,,07/01/2022,06/30/2024,0.000,,-1.4065,,0.000,,-1.3186,,N/A,13,N/A,5,0.024,,-1.3692,,0.000,,-1.4573,,01/01/2023,12/31/2024,-1.2793,,No,
PETALUMA VALLEY HOSPITAL,050136,CA,2026,0.8839,,-0.7299,,07/01/2022,06/30/2024,0.000,,-1.4065,,2.471,,2.3863,,2.171,,2.1717,,0.314,,-0.2463,,N/A,13,N/A,5,01/01/2023,12/31/2024,0.4351,,Yes,
KAISER FOUNDATION HOSPITAL - PANORAMA CITY,050137,CA,2026,0.9238,,-0.4514,,07/01/2022,06/30/2024,0.540,,-0.1538,,1.317,,1.8560,,0.423,,-0.7319,,0.416,,0.1486,,0.215,,-1.0079,,01/01/2023,12/31/2024,-0.0567,,No,
KAISER FOUNDATION HOSPITAL - LOS ANGELES,050138,CA,2026,0.9813,,-0.0503,,07/01/2022,06/30/2024,0.517,,-0.2072,,0.819,,0.6556,,1.061,,0.3610,,0.342,,-0.1379,,0.533,,-0.3433,,01/01/2023,12/31/2024,0.0463,,No,
KAISER FOUNDATION HOSPITAL - DOWNEY,050139,CA,2026,0.9922,,0.0263,,07/01/2022,06/30/2024,0.671,,0.1501,,0.583,,0.0867,,0.792,,-0.0998,,0.523,,0.5629,,0.775,,0.1624,,01/01/2023,12/31/2024,0.1481,,No,
KAISER FOUNDATION HOSPITAL FONTANA/ONTARIO,050140,CA,2026,0.9742,,-0.0997,,07/01/2022,06/30/2024,0.410,,-0.4554,,0.566,,0.0457,,1.027,,0.3028,,0.428,,0.1951,,0.361,,-0.7028,,01/01/2023,12/31/2024,-0.1190,,No,
COMMUNITY HOSPITAL OF THE MONTEREY PENINSULA,050145,CA,2026,1.4859,,2.5111,,07/01/2022,06/30/2024,0.611,,0.0109,,0.621,,0.1783,,0.221,,-1.0779,,0.716,,1.3102,,0.424,,-0.5711,,01/01/2023,12/31/2024,0.3936,,Yes,
CALIFORNIA HOSPITAL MEDICAL CENTER LA,050149,CA,2026,1.0563,,0.4738,,07/01/2022,06/30/2024,0.759,,0.3542,,0.285,,-0.6316,,1.046,,0.3353,,0.330,,-0.1844,,1.389,,1.4456,,01/01/2023,12/31/2024,0.2988,,No,
SIERRA NEVADA MEMORIAL HOSPITAL,050150,CA,2026,0.8333,,-1.0833,,07/01/2022,06/30/2024,0.000,,-1.4065,,0.548,,0.0023,,0.673,,-0.3036,,0.136,,-0.9356,,0.000,,-1.4573,,01/01/2023,12/31/2024,-0.8640,,No,
UCSF HEALTH SAINT FRANCIS HOSPITAL,050152,CA,2026,0.8143,,-1.2159,,07/01/2022,06/30/2024,0.280,,-0.7569,,0.884,,0.8123,,0.873,,0.0390,,0.000,,-1.4622,,3.003,,2.2251,,01/01/2023,12/31/2024,-0.0598,,No,
ENCINO HOSPITAL MEDICAL CENTER,050158,CA,2026,0.9457,,-0.2987,,07/01/2022,06/30/2024,0.000,,-1.4065,,0.925,,0.9111,,N/A,13,N/A,5,0.113,,-1.0246,,0.000,,-1.4573,,01/01/2023,12/31/2024,-0.6552,,No,
VENTURA COUNTY MEDICAL CENTER,050159,CA,2026,0.9472,,-0.2881,,07/01/2022,06/30/2024,1.190,,1.3541,,1.356,,1.9500,,0.855,,0.0081,,1.216,,2.1931,,1.252,,1.1593,,01/01/2023,12/31/2024,1.0627,,Yes,
SAN JOAQUIN GENERAL HOSPITAL,050167,CA,2026,1.4933,,2.5111,,07/01/2022,06/30/2024,0.741,,0.3125,,0.237,,-0.7473,,0.515,,-0.5743,,0.198,,-0.6955,,0.939,,0.5051,,01/01/2023,12/31/2024,0.2186,,No,
PROVIDENCE ST. JUDE MEDICAL CENTER,050168,CA,2026,0.7938,,-1.3588,,07/01/2022,06/30/2024,0.255,,-0.8149,,0.697,,0.3615,,0.450,,-0.6856,,0.424,,0.1796,,0.740,,0.0893,,01/01/2023,12/31/2024,-0.3715,,No,
PIH HEALTH HOSPITAL-WHITTIER,050169,CA,2026,1.0539,,0.4572,,07/01/2022,06/30/2024,0.406,29,-0.4646,29,0.876,29,0.7930,29,1.010,29,0.2737,29,0.926,29,2.1234,29,0.582,29,-0.2409,29,01/01/2023,12/31/2024,0.4903,,Yes,
PROVIDENCE SANTA ROSA MEMORIAL HOSPITAL,050174,CA,2026,0.7602,,-1.4834,,07/01/2022,06/30/2024,1.200,,1.3773,,0.801,,0.6122,,1.356,,0.8664,,0.288,,-0.3470,,1.102,,0.8458,,01/01/2023,12/31/2024,0.3119,,No,
EMANUEL MEDICAL CENTER,050179,CA,2026,0.8650,,-0.8616,,07/01/2022,06/30/2024,1.100,,1.1453,,0.000,,-1.3186,,1.054,,0.3490,,0.180,,-0.7652,,0.000,,-1.4573,,01/01/2023,12/31/2024,-0.4847,,No,
JOHN MUIR MEDICAL CENTER - WALNUT CREEK CAMPUS,050180,CA,2026,1.1372,,1.0385,,07/01/2022,06/30/2024,1.033,,0.9899,,0.511,,-0.0868,,1.415,,0.9674,,0.533,,0.6016,,0.617,,-0.1678,,01/01/2023,12/31/2024,0.5571,,Yes,
ST MARY MEDICAL CENTER,050191,CA,2026,0.9979,,0.0660,,07/01/2022,06/30/2024,0.412,,-0.4507,,0.397,,-0.3616,,0.467,,-0.6565,,0.254,,-0.4787,,0.944,,0.5156,,01/01/2023,12/31/2024,-0.2277,,No,
ADVENTIST HEALTH REEDLEY,050192,CA,2026,N/A,13,N/A,5,07/01/2022,06/30/2024,N/A,13,N/A,5,N/A,13,N/A,5,N/A,13,N/A,5,0.858,,1.8601,,N/A,13,N/A,5,01/01/2023,12/31/2024,1.8601,,Yes,
WATSONVILLE COMMUNITY HOSPITAL,050194,CA,2026,0.8850,,-0.7223,,07/01/2022,06/30/2024,0.000,,-1.4065,,1.442,,2.1573,,0.889,,0.0664,,1.192,,2.1931,,N/A,13,N/A,5,01/01/2023,12/31/2024,0.4576,,Yes,
WASHINGTON HOSPITAL,050195,CA,2026,0.9228,,-0.4587,,07/01/2022,06/30/2024,0.000,,-1.4065,,0.541,,-0.0145,,0.657,,-0.3310,,0.231,,-0.5677,,0.987,,0.6055,,01/01/2023,12/31/2024,-0.3622,,No,
SEQUOIA HOSPITAL,050197,CA,2026,0.9202,,-0.4765,,07/01/2022,06/30/2024,0.808,,0.4679,,0.992,,1.0726,,0.764,,-0.1477,,0.189,,-0.7303,,0.685,,-0.0257,,01/01/2023,12/31/2024,0.0267,,No,
PALMDALE REGIONAL MEDICAL CENTER,050204,CA,2026,0.8680,,-0.8408,,07/01/2022,06/30/2024,0.419,,-0.4345,,0.482,,-0.1567,,0.646,,-0.3499,,0.269,,-0.4206,,0.214,,-1.0100,,01/01/2023,12/31/2024,-0.5354,,No,
ALAMEDA HOSPITAL,050211,CA,2026,0.8895,,-0.6907,,07/01/2022,06/30/2024,0.000,,-1.4065,,0.000,,-1.3186,,N/A,13,N/A,5,0.835,,1.7710,,0.000,,-1.4573,,01/01/2023,12/31/2024,-0.6204,,No,
SHARP CHULA VISTA MEDICAL CENTER,050222,CA,2026,1.1190,,0.9113,,07/01/2022,06/30/2024,1.060,,1.0525,,0.474,,-0.1760,,1.022,,0.2942,,0.382,,0.0170,,0.814,,0.2439,,01/01/2023,12/31/2024,0.3905,,Yes,
HOAG MEMORIAL HOSPITAL PRESBYTERIAN,050224,CA,2026,0.9862,,-0.0160,,07/01/2022,06/30/2024,0.358,,-0.5760,,0.330,,-0.5231,,0.837,,-0.0227,,0.524,,0.5668,,0.277,,-0.8784,,01/01/2023,12/31/2024,-0.2416,,No,
AHMC ANAHEIM REGIONAL MEDICAL CENTER,050226,CA,2026,0.9037,,-0.5920,,07/01/2022,06/30/2024,0.236,,-0.8590,,0.423,,-0.2990,,1.972,,1.9216,,0.494,,0.4506,,0.904,,0.4320,,01/01/2023,12/31/2024,0.1757,,No,
ZUCKERBERG SAN FRANCISCO GENERAL HOSP & TRAUMA CTR,050228,CA,2026,1.1218,,0.9308,,07/01/2022,06/30/2024,0.412,,-0.4507,,1.016,,1.1305,,1.750,,1.5413,,0.474,,0.3732,,0.440,,-0.5377,,01/01/2023,12/31/2024,0.4979,,Yes,
GARDEN GROVE HOSPITAL & MEDICAL CENTER,050230,CA,2026,0.8670,,-0.8480,,07/01/2022,06/30/2024,1.841,,2.2402,,0.000,,-1.3186,,N/A,13,N/A,5,0.427,,0.1912,,2.844,,2.2251,,01/01/2023,12/31/2024,0.4980,,Yes,
POMONA VALLEY HOSPITAL MEDICAL CENTER,050231,CA,2026,0.6465,,-1.4834,,07/01/2022,06/30/2024,0.736,,0.3009,,0.487,,-0.1447,,0.912,,0.1058,,0.551,,0.6713,,0.441,,-0.5356,,01/01/2023,12/31/2024,-0.1809,,No,
FRENCH HOSPITAL MEDICAL CENTER,050232,CA,2026,0.7167,,-1.4834,,07/01/2022,06/30/2024,0.000,,-1.4065,,0.722,,0.4218,,0.972,,0.2086,,0.103,,-1.0633,,0.687,,-0.0215,,01/01/2023,12/31/2024,-0.5574,,No,
SHARP CORONADO HOSPITAL AND HLTHCR CTR,050234,CA,2026,1.2221,,1.6310,,07/01/2022,06/30/2024,0.780,,0.4030,,0.436,,-0.2676,,N/A,13,N/A,5,0.925,,2.1195,,0.000,,-1.4573,,01/01/2023,12/31/2024,0.4857,,Yes,
PROVIDENCE SAINT JOSEPH MEDICAL CTR,050235,CA,2026,0.9633,,-0.1756,,07/01/2022,06/30/2024,0.685,,0.1826,,0.665,,0.2844,,0.211,,-1.0950,,0.403,,0.0983,,0.416,,-0.5879,,01/01/2023,12/31/2024,-0.2155,,No,
ADVENTIST HEALTH SIMI VALLEY,050236,CA,2026,1.0900,,0.7087,,07/01/2022,06/30/2024,1.103,,1.1522,,0.253,,-0.7088,,0.271,,-0.9923,,0.360,,-0.0682,,1.795,,2.2251,,01/01/2023,12/31/2024,0.3861,,Yes,
USC ARCADIA HOSPITAL,050238,CA,2026,1.2790,,2.0283,,07/01/2022,06/30/2024,1.290,,1.5860,,0.943,,0.9545,,0.899,,0.0835,,0.752,,1.4496,,0.594,,-0.2159,,01/01/2023,12/31/2024,0.9810,,Yes,
GLENDALE ADVENTIST MEDICAL CENTER,050239,CA,2026,0.7406,,-1.4834,,07/01/2022,06/30/2024,0.338,,-0.6224,,0.215,,-0.8004,,0.000,,-1.4565,,0.127,,-0.9704,,0.831,,0.2794,,01/01/2023,12/31/2024,-0.8423,,No,
DOMINICAN HOSPITAL,050242,CA,2026,1.1485,,1.1170,,07/01/2022,06/30/2024,0.092,,-1.1931,,0.606,,0.1422,,0.425,,-0.7284,,0.579,,0.7798,,0.528,,-0.3538,,01/01/2023,12/31/2024,-0.0394,,No,
DESERT REGIONAL MEDICAL CENTER,050243,CA,2026,0.7736,,-1.4834,,07/01/2022,06/30/2024,0.497,,-0.2535,,0.773,,0.5447,,0.233,,-1.0573,,0.535,,0.6094,,0.726,,0.0600,,01/01/2023,12/31/2024,-0.2634,,No,
ARROWHEAD REGIONAL MEDICAL CENTER,050245,CA,2026,0.8839,23,-0.7297,23,07/01/2022,06/30/2024,0.583,,-0.0540,,0.826,,0.6725,,0.956,,0.1812,,0.296,,-0.3160,,0.737,,0.0830,,01/01/2023,12/31/2024,-0.0272,23,No,
NATIVIDAD MEDICAL CENTER,050248,CA,2026,1.1773,,1.3183,,07/01/2022,06/30/2024,0.358,,-0.5760,,0.606,,0.1422,,0.277,,-0.9820,,0.467,,0.3461,,0.241,,-0.9536,,01/01/2023,12/31/2024,-0.1175,,No,
MARSHALL MEDICAL CENTER,050254,CA,2026,0.8609,,-0.8902,,07/01/2022,06/30/2024,0.000,,-1.4065,,0.000,,-1.3186,,0.000,,-1.4565,,0.962,,2.1931,,1.457,,1.5877,,01/01/2023,12/31/2024,-0.2152,,No,
GOOD SAMARITAN HOSPITAL,050257,CA,2026,1.0529,,0.4495,,07/01/2022,06/30/2024,N/A,13,N/A,5,N/A,13,N/A,5,N/A,13,N/A,5,0.000,,-1.4622,,N/A,13,N/A,5,01/01/2023,12/31/2024,-0.5063,,No,
SIERRA VIEW MEDICAL CENTER,050261,CA,2026,1.0766,,0.6153,,07/01/2022,06/30/2024,0.468,,-0.3208,,0.439,,-0.2604,,1.584,,1.2569,,0.247,,-0.5058,,1.878,,2.2251,,01/01/2023,12/31/2024,0.5017,,Yes,
RONALD REAGAN UCLA MEDICAL CENTER,050262,CA,2026,0.8941,,-0.6587,,07/01/2022,06/30/2024,0.892,,0.6628,,0.711,,0.3953,,1.158,,0.5272,,0.542,,0.6365,,0.517,,-0.3768,,01/01/2023,12/31/2024,0.1977,,No,
REDLANDS COMMUNITY HOSPITAL,050272,CA,2026,0.9627,,-0.1797,,07/01/2022,06/30/2024,0.753,,0.3403,,0.427,,-0.2893,,1.232,,0.6539,,0.785,,1.5774,,0.982,,0.5950,,01/01/2023,12/31/2024,0.4496,,Yes,
CONTRA COSTA REGIONAL MEDICAL CENTER,050276,CA,2026,1.0888,,0.7001,,07/01/2022,06/30/2024,0.000,,-1.4065,,0.683,,0.3278,,1.604,,1.2912,,0.374,,-0.0140,,0.000,,-1.4573,,01/01/2023,12/31/2024,-0.0931,,No,
PROVIDENCE HOLY CROSS MEDICAL CENTER,050278,CA,2026,0.9267,,-0.4311,,07/01/2022,06/30/2024,0.424,,-0.4229,,0.982,,1.0485,,0.306,,-0.9323,,0.227,,-0.5832,,0.240,,-0.9557,,01/01/2023,12/31/2024,-0.3794,,No,
HI-DESERT MEDICAL CENTER,050279,CA,2026,0.9722,,-0.1137,,07/01/2022,06/30/2024,0.953,,0.8043,,0.954,,0.9810,,1.609,,1.2997,,0.000,,-1.4622,,N/A,13,N/A,5,01/01/2023,12/31/2024,0.3018,,No,
MERCY MEDICAL CENTER REDDING,050280,CA,2026,1.2262,,1.6594,,07/01/2022,06/30/2024,0.254,,-0.8173,,0.236,,-0.7497,,0.908,,0.0989,,0.390,,0.0479,,0.390,,-0.6422,,01/01/2023,12/31/2024,-0.0672,,No,
ALHAMBRA HOSPITAL MEDICAL CENTER,050281,CA,2026,0.9560,,-0.2269,,07/01/2022,06/30/2024,0.475,,-0.3046,,0.613,,0.1590,,0.000,,-1.4565,,0.391,,0.0518,,2.358,,2.2251,,01/01/2023,12/31/2024,0.0747,,No,
STANFORD HEALTH CARE TRI-VALLEY,050283,CA,2026,0.7964,,-1.3405,,07/01/2022,06/30/2024,0.538,,-0.1584,,0.722,,0.4218,,0.358,,-0.8432,,0.220,,-0.6103,,0.454,,-0.5084,,01/01/2023,12/31/2024,-0.5065,,No,
AHMC SETON MEDICAL CENTER,050289,CA,2026,0.9114,,-0.5378,,07/01/2022,06/30/2024,0.000,,-1.4065,,0.558,,0.0265,,0.000,,-1.4565,,0.660,,1.0934,,1.474,,1.6232,,01/01/2023,12/31/2024,-0.1096,,No,
SAINT JOHN'S HEALTH CENTER,050290,CA,2026,0.8687,,-0.8359,,07/01/2022,06/30/2024,0.582,,-0.0564,,0.564,,0.0409,,0.000,,-1.4565,,0.911,,2.0653,,1.779,,2.2251,,01/01/2023,12/31/2024,0.3304,,No,
SUTTER SANTA ROSA REGIONAL HOSPITAL,050291,CA,2026,1.0309,,0.2963,,07/01/2022,06/30/2024,0.233,,-0.8660,,0.114,,-1.0438,,0.163,,-1.1773,,0.229,,-0.5755,,0.817,,0.2502,,01/01/2023,12/31/2024,-0.5193,,No,
RIVERSIDE UNIVERSITY HEALTH SYSTEM-MEDICAL CENTER,050292,CA,2026,0.9337,,-0.3826,,07/01/2022,06/30/2024,0.192,,-0.9611,,0.238,,-0.7449,,0.000,,-1.4565,,0.358,,-0.0760,,1.327,,1.3160,,01/01/2023,12/31/2024,-0.3842,,No,
MERCY HOSPITAL,050295,CA,2026,1.0973,,0.7595,,07/01/2022,06/30/2024,0.334,,-0.6317,,0.582,,0.0843,,0.224,,-1.0728,,0.150,,-0.8814,,1.006,,0.6452,,01/01/2023,12/31/2024,-0.1828,,No,
BARSTOW COMMUNITY HOSPITAL,050298,CA,2026,1.3087,,2.2356,,07/01/2022,06/30/2024,0.778,,0.3983,,0.553,,0.0144,,N/A,13,N/A,5,2.630,,2.1931,,N/A,13,N/A,5,01/01/2023,12/31/2024,1.2103,,Yes,
PROVIDENCE ST MARY MEDICAL CENTER,050300,CA,2026,1.0527,,0.4485,,07/01/2022,06/30/2024,1.383,,1.8018,,0.189,,-0.8630,,1.184,,0.5717,,0.576,,0.7681,,0.704,,0.0140,,01/01/2023,12/31/2024,0.4569,,Yes,
ADVENTIST HEALTH UKIAH VALLEY,050301,CA,2026,0.9097,,-0.5502,,07/01/2022,06/30/2024,0.590,,-0.0378,,0.000,,-1.3186,,0.666,,-0.3156,,0.508,,0.5048,,0.000,,-1.4573,,01/01/2023,12/31/2024,-0.5291,,No,
ALTA BATES SUMMIT MEDICAL CENTER - ALTA BATES CAMP,050305,CA,2026,0.8713,,-0.8179,,07/01/2022,06/30/2024,0.317,,-0.6711,,0.487,,-0.1447,,2.067,,2.0843,,0.206,,-0.6645,,0.777,,0.1666,,01/01/2023,12/31/2024,-0.0079,,No,
EL CAMINO HEALTH,050308,CA,2026,1.0255,,0.2584,,07/01/2022,06/30/2024,0.193,,-0.9588,,0.697,,0.3615,,0.778,,-0.1238,,0.431,,0.2067,,0.328,,-0.7718,,01/01/2023,12/31/2024,-0.1713,,No,
SUTTER ROSEVILLE MEDICAL CENTER,050309,CA,2026,0.9060,,-0.5758,,07/01/2022,06/30/2024,0.274,,-0.7709,,0.575,,0.0674,,0.547,,-0.5195,,0.192,,-0.7187,,0.340,,-0.7467,,01/01/2023,12/31/2024,-0.5440,,No,
SUTTER TRACY COMMUNITY HOSPITAL,050313,CA,2026,0.8338,,-1.0798,,07/01/2022,06/30/2024,0.870,,0.6117,,0.441,,-0.2556,,0.383,,-0.8004,,0.270,,-0.4167,,0.747,,0.1039,,01/01/2023,12/31/2024,-0.3061,,No,
KERN MEDICAL CENTER,050315,CA,2026,1.0066,,0.1263,,07/01/2022,06/30/2024,0.871,,0.6141,,0.396,,-0.3641,,0.403,,-0.7661,,0.312,,-0.2541,,0.575,,-0.2556,,01/01/2023,12/31/2024,-0.1499,,No,
HIGHLAND HOSPITAL,050320,CA,2026,1.0669,,0.5473,,07/01/2022,06/30/2024,0.601,,-0.0123,,1.934,,2.3863,,2.686,,2.1717,,0.812,,1.6819,,0.865,,0.3505,,01/01/2023,12/31/2024,1.1876,,Yes,
SCRIPPS MEMORIAL HOSPITAL LA JOLLA,050324,CA,2026,1.3933,,2.5111,,07/01/2022,06/30/2024,0.427,,-0.4159,,0.639,,0.2217,,0.611,,-0.4098,,0.310,,-0.2618,,0.485,,-0.4437,,01/01/2023,12/31/2024,0.2003,,No,
LOMA LINDA UNIVERSITY MEDICAL CENTER,050327,CA,2026,0.7130,,-1.4834,,07/01/2022,06/30/2024,0.358,,-0.5760,,0.444,,-0.2483,,0.574,,-0.4732,,0.382,,0.0170,,0.362,,-0.7007,,01/01/2023,12/31/2024,-0.5774,,No,
CORONA REGIONAL MEDICAL CENTER,050329,CA,2026,0.8128,,-1.2266,,07/01/2022,06/30/2024,0.000,,-1.4065,,0.000,,-1.3186,,0.169,,-1.1670,,0.168,,-0.8117,,0.234,,-0.9682,,01/01/2023,12/31/2024,-1.1498,,No,
SALINAS VALLEY MEMORIAL HOSPITAL,050334,CA,2026,0.9787,,-0.0681,,07/01/2022,06/30/2024,0.649,,0.0991,,0.620,,0.1759,,0.584,,-0.4561,,0.327,,-0.1960,,0.254,,-0.9264,,01/01/2023,12/31/2024,-0.2286,,No,
ADVENTIST HEALTH SONORA,050335,CA,2026,0.8606,,-0.8925,,07/01/2022,06/30/2024,2.044,,2.2402,,0.670,,0.2964,,1.814,,1.6509,,0.408,,0.1176,,N/A,13,N/A,5,01/01/2023,12/31/2024,0.6825,,Yes,
ADVENTIST HEALTH LODI MEMORIAL,050336,CA,2026,0.9878,,-0.0046,,07/01/2022,06/30/2024,1.288,,1.5814,,0.137,,-0.9884,,0.713,,-0.2351,,0.617,,0.9269,,1.316,,1.2930,,01/01/2023,12/31/2024,0.4289,,Yes,
PIONEERS MEMORIAL HEALTHCARE DISTRICT,050342,CA,2026,1.1586,,1.1877,,07/01/2022,06/30/2024,1.699,,2.2402,,0.892,,0.8316,,2.521,,2.1717,,0.550,,0.6675,,1.322,,1.3056,,01/01/2023,12/31/2024,1.4007,,Yes,
UCI HEALTH-ORANGE,050348,CA,2026,0.9021,,-0.6030,,07/01/2022,06/30/2024,0.453,,-0.3556,,0.435,,-0.2700,,0.413,,-0.7490,,0.385,,0.0286,,0.515,,-0.3810,,01/01/2023,12/31/2024,-0.3883,,No,
ADVENTIST HEALTH WHITE MEMORIAL MONTEBELLO,050350,CA,2026,1.4968,,2.5111,,07/01/2022,06/30/2024,0.000,,-1.4065,,0.000,,-1.3186,,N/A,13,N/A,5,1.573,,2.1931,,N/A,13,N/A,5,01/01/2023,12/31/2024,0.4948,,Yes,
TORRANCE MEMORIAL MEDICAL CENTER,050351,CA,2026,1.3636,,2.5111,,07/01/2022,06/30/2024,0.437,,-0.3927,,1.308,,1.8343,,0.456,,-0.6753,,0.382,,0.0170,,0.483,,-0.4478,,01/01/2023,12/31/2024,0.4744,,Yes,
BARTON MEMORIAL HOSPITAL,050352,CA,2026,0.8826,,-0.7391,,07/01/2022,06/30/2024,N/A,13,N/A,5,N/A,13,N/A,5,0.502,,-0.5965,,0.765,,1.5000,,N/A,13,N/A,5,01/01/2023,12/31/2024,0.0548,,No,
PROVIDENCE LITTLE COMPANY OF MARY MED CTR TORRANCE,050353,CA,2026,0.8941,,-0.6589,,07/01/2022,06/30/2024,0.476,,-0.3023,,0.629,,0.1976,,0.208,,-1.1002,,0.326,,-0.1999,,0.417,,-0.5858,,01/01/2023,12/31/2024,-0.4416,,No,
GOLETA VALLEY COTTAGE HOSPITAL,050357,CA,2026,1.0782,,0.6262,,07/01/2022,06/30/2024,N/A,13,N/A,5,0.000,,-1.3186,,N/A,13,N/A,5,0.000,,-1.4622,,N/A,13,N/A,5,01/01/2023,12/31/2024,-0.7182,,No,
MARINHEALTH MEDICAL CENTER,050360,CA,2026,1.0448,,0.3933,,07/01/2022,06/30/2024,0.577,,-0.0680,,0.632,,0.2048,,0.686,,-0.2814,,0.330,,-0.1844,,0.220,,-0.9975,,01/01/2023,12/31/2024,-0.1555,,No,
NORTHBAY MEDICAL CENTER,050367,CA,2026,1.0413,,0.3685,,07/01/2022,06/30/2024,0.111,,-1.1490,,1.288,,1.7861,,0.347,,-0.8621,,0.373,,-0.0179,,0.803,,0.2209,,01/01/2023,12/31/2024,0.0578,,No,
LOS ANGELES GENERAL MEDICAL CENTER,050373,CA,2026,0.9689,,-0.1362,,07/01/2022,06/30/2024,0.476,,-0.3023,,0.418,,-0.3110,,0.328,,-0.8946,,0.103,,-1.0633,,1.411,,1.4916,,01/01/2023,12/31/2024,-0.2027,,No,
LAC/HARBOR-UCLA MED CENTER,050376,CA,2026,1.3984,,2.5111,,07/01/2022,06/30/2024,1.520,,2.1196,,1.154,,1.4631,,1.753,,1.5464,,0.562,,0.7139,,1.160,,0.9670,,01/01/2023,12/31/2024,1.5535,,Yes,
PACIFICA HOSPITAL OF THE VALLEY,050378,CA,2026,0.9593,,-0.2035,,07/01/2022,06/30/2024,2.597,,2.2402,,2.513,,2.3863,,N/A,13,N/A,5,0.607,,0.8882,,2.970,,2.2251,,01/01/2023,12/31/2024,1.5073,,Yes,
GOOD SAMARITAN HOSPITAL,050380,CA,2026,0.8388,,-1.0445,,07/01/2022,06/30/2024,0.649,,0.0991,,1.169,,1.4993,,1.940,,1.8668,,0.307,,-0.2734,,0.512,,-0.3872,,01/01/2023,12/31/2024,0.2933,,No,
EMANATE HEALTH INTER-COMMUNITY HOSPITAL,050382,CA,2026,0.8499,,-0.9673,,07/01/2022,06/30/2024,0.000,,-1.4065,,0.703,,0.3760,,0.421,,-0.7353,,0.662,,1.1011,,0.641,,-0.1176,,01/01/2023,12/31/2024,-0.2916,,No,
HEMET GLOBAL MEDICAL CENTER,050390,CA,2026,0.8853,,-0.7205,,07/01/2022,06/30/2024,0.279,,-0.7593,,0.054,,-1.1884,,0.640,,-0.3602,,0.563,,0.7178,,1.016,,0.6661,,01/01/2023,12/31/2024,-0.2741,,No,
PIH HEALTH DOWNEY HOSPITAL,050393,CA,2026,0.8661,,-0.8545,,07/01/2022,06/30/2024,0.872,29,0.6164,29,0.000,29,-1.3186,29,0.000,29,-1.4565,29,0.416,29,0.1486,29,0.671,29,-0.0549,29,01/01/2023,12/31/2024,-0.4866,,No,
COMMUNITY MEMORIAL HOSPITAL - VENTURA,050394,CA,2026,0.8157,,-1.2063,,07/01/2022,06/30/2024,1.230,,1.4469,,0.903,,0.8581,,1.514,,1.1370,,0.793,,1.6084,,0.106,,-1.2357,,01/01/2023,12/31/2024,0.4347,,Yes,
SANTA BARBARA COTTAGE HOSPITAL,050396,CA,2026,0.9435,,-0.3140,,07/01/2022,06/30/2024,0.754,,0.3426,,0.300,,-0.5955,,1.471,,1.0634,,0.534,,0.6055,,0.412,,-0.5962,,01/01/2023,12/31/2024,0.0843,,No,
CHINESE HOSPITAL,050407,CA,2026,1.1279,,0.9731,,07/01/2022,06/30/2024,N/A,13,N/A,5,N/A,13,N/A,5,1.890,,1.7811,,0.467,,0.3461,,N/A,13,N/A,5,01/01/2023,12/31/2024,1.0334,,Yes,
KAISER FOUNDATION HOSPITAL - SOUTH BAY,050411,CA,2026,0.8924,,-0.6706,,07/01/2022,06/30/2024,1.404,,1.8505,,0.938,,0.9424,,1.641,,1.3546,,0.354,,-0.0915,,0.988,,0.6075,,01/01/2023,12/31/2024,0.6655,,Yes,
MERCY HOSPITAL OF FOLSOM,050414,CA,2026,0.9631,,-0.1772,,07/01/2022,06/30/2024,0.333,,-0.6340,,0.898,,0.8460,,0.000,,-1.4565,,0.101,,-1.0711,,0.000,,-1.4573,,01/01/2023,12/31/2024,-0.6583,,No,
SUTTER COAST HOSPITAL,050417,CA,2026,0.9495,,-0.2722,,07/01/2022,06/30/2024,0.000,,-1.4065,,0.950,,0.9714,,0.000,,-1.4565,,0.324,,-0.2076,,N/A,13,N/A,5,01/01/2023,12/31/2024,-0.4743,,No,
SCRIPPS GREEN HOSPITAL,050424,CA,2026,0.9638,,-0.1721,,07/01/2022,06/30/2024,1.719,,2.2402,,1.157,,1.4703,,0.231,,-1.0608,,0.418,,0.1564,,0.554,,-0.2995,,01/01/2023,12/31/2024,0.3891,,Yes,
KAISER FOUNDATION HOSPITAL - SACRAMENTO,050425,CA,2026,0.9713,,-0.1195,,07/01/2022,06/30/2024,0.783,,0.4099,,0.654,,0.2579,,1.341,,0.8407,,0.414,,0.1409,,0.710,,0.0266,,01/01/2023,12/31/2024,0.2594,,No,
WEST ANAHEIM MEDICAL CENTER,050426,CA,2026,0.8004,,-1.3127,,07/01/2022,06/30/2024,0.178,,-0.9936,,0.498,,-0.1182,,0.000,,-1.4565,,0.071,,-1.1872,,1.633,,1.9555,,01/01/2023,12/31/2024,-0.5188,,No,
HUNTINGTON HOSPITAL,050438,CA,2026,0.9045,,-0.5864,,07/01/2022,06/30/2024,1.483,,2.0338,,1.350,,1.9356,,2.718,,2.1717,,0.833,,1.7633,,0.580,,-0.2451,,01/01/2023,12/31/2024,1.1788,,Yes,
STANFORD HEALTH CARE,050441,CA,2026,0.8647,,-0.8638,,07/01/2022,06/30/2024,0.698,,0.2127,,0.687,,0.3374,,0.994,,0.2463,,0.485,,0.4158,,0.759,,0.1290,,01/01/2023,12/31/2024,0.0796,,No,
MERCY MEDICAL CENTER,050444,CA,2026,0.7471,,-1.4834,,07/01/2022,06/30/2024,0.482,,-0.2883,,0.210,,-0.8124,,1.186,,0.5751,,0.292,,-0.3315,,0.197,,-1.0455,,01/01/2023,12/31/2024,-0.5643,,No,
UCSF MEDICAL CENTER,050454,CA,2026,1.0451,,0.3951,,07/01/2022,06/30/2024,0.680,,0.1710,,0.806,,0.6243,,0.806,,-0.0758,,0.638,,1.0082,,0.416,,-0.5879,,01/01/2023,12/31/2024,0.2558,,No,
ADVENTIST HEALTH BAKERSFIELD,050455,CA,2026,0.8234,,-1.1521,,07/01/2022,06/30/2024,0.708,,0.2359,,0.383,,-0.3954,,0.494,,-0.6103,,0.335,,-0.1650,,0.409,,-0.6025,,01/01/2023,12/31/2024,-0.4482,,No,
UCSF HEALTH ST. MARY'S HOSPITAL,050457,CA,2026,0.9582,,-0.2111,,07/01/2022,06/30/2024,0.311,,-0.6850,,0.355,,-0.4629,,2.513,,2.1717,,0.000,,-1.4622,,0.429,,-0.5607,,01/01/2023,12/31/2024,-0.2017,,No,
DOCTORS MEDICAL CENTER,050464,CA,2026,1.3547,,2.5111,,07/01/2022,06/30/2024,0.655,,0.1130,,0.395,,-0.3665,,0.473,,-0.6462,,0.342,,-0.1379,,0.679,,-0.0382,,01/01/2023,12/31/2024,0.2392,,No,
MEMORIAL HOSPITAL OF GARDENA,050468,CA,2026,0.8650,,-0.8622,,07/01/2022,06/30/2024,2.228,,2.2402,,0.198,,-0.8413,,0.514,,-0.5760,,0.187,,-0.7381,,1.065,,0.7685,,01/01/2023,12/31/2024,-0.0015,,No,
PIH HEALTH GOOD SAMARITAN HOSPITAL,050471,CA,2026,1.1345,,1.0194,,07/01/2022,06/30/2024,0.461,29,-0.3371,29,0.418,29,-0.3110,29,0.276,29,-0.9837,29,0.449,29,0.2764,29,0.535,29,-0.3392,29,01/01/2023,12/31/2024,-0.1125,,No,
UCLA WEST VALLEY MEDICAL CENTER,050481,CA,2026,1.0708,,0.5749,,07/01/2022,06/30/2024,1.251,,1.4956,,0.429,,-0.2845,,0.771,,-0.1357,,0.635,,0.9966,,1.325,,1.3118,,01/01/2023,12/31/2024,0.6598,,Yes,
MEMORIALCARE LONG BEACH MEDICAL CENTER,050485,CA,2026,1.0916,,0.7202,,07/01/2022,06/30/2024,0.681,,0.1733,,0.548,,0.0023,,1.310,,0.7876,,0.676,,1.1553,,1.198,,1.0464,,01/01/2023,12/31/2024,0.6475,,Yes,
EDEN MEDICAL CENTER,050488,CA,2026,0.8128,,-1.2266,,07/01/2022,06/30/2024,0.615,,0.0202,,0.280,,-0.6437,,0.663,,-0.3208,,0.048,,-1.2763,,0.668,,-0.0612,,01/01/2023,12/31/2024,-0.5847,,No,
CLOVIS COMMUNITY MEDICAL CENTER,050492,CA,2026,1.1541,,1.1563,,07/01/2022,06/30/2024,1.008,,0.9319,,0.639,,0.2217,,2.029,,2.0192,,0.688,,1.2018,,1.750,,2.2000,,01/01/2023,12/31/2024,1.2885,,Yes,
JOHN MUIR MEDICAL CENTER - CONCORD CAMPUS,050496,CA,2026,1.0300,,0.2897,,07/01/2022,06/30/2024,0.723,,0.2707,,0.471,,-0.1833,,1.750,,1.5413,,0.756,,1.4651,,0.551,,-0.3057,,01/01/2023,12/31/2024,0.5130,,Yes,
SUTTER AUBURN FAITH HOSPITAL,050498,CA,2026,1.0409,,0.3663,,07/01/2022,06/30/2024,0.384,,-0.5157,,0.000,,-1.3186,,0.000,,-1.4565,,0.131,,-0.9549,,0.000,,-1.4573,,01/01/2023,12/31/2024,-0.8894,,No,
SCRIPPS MEMORIAL HOSPITAL - ENCINITAS,050503,CA,2026,0.9828,,-0.0396,,07/01/2022,06/30/2024,0.575,,-0.0726,,0.323,,-0.5400,,0.461,,-0.6668,,0.157,,-0.8542,,0.794,,0.2021,,01/01/2023,12/31/2024,-0.3285,,No,
ADVENTIST HEALTH SIERRA VISTA,050506,CA,2026,0.9636,,-0.1734,,07/01/2022,06/30/2024,0.389,,-0.5041,,0.262,,-0.6871,,0.000,,-1.4565,,0.309,,-0.2657,,0.000,,-1.4573,,01/01/2023,12/31/2024,-0.7573,,No,
KAISER FOUNDATION HOSPITAL,050510,CA,2026,0.9643,,-0.1689,,07/01/2022,06/30/2024,0.585,,-0.0494,,0.215,,-0.8004,,2.033,,2.0261,,0.691,,1.2134,,0.623,,-0.1553,,01/01/2023,12/31/2024,0.3443,,No,
KAISER FOUNDATION HOSPITAL - FREMONT,050512,CA,2026,0.9692,,-0.1347,,07/01/2022,06/30/2024,0.965,,0.8321,,1.180,,1.5258,,0.579,,-0.4646,,0.483,,0.4080,,0.748,,0.1060,,01/01/2023,12/31/2024,0.3788,,No,
KAISER FOUNDATION HOSPITAL - SAN DIEGO,050515,CA,2026,1.0147,,0.1829,,07/01/2022,06/30/2024,0.118,,-1.1327,,1.210,,1.5981,,1.859,,1.7280,,0.590,,0.8224,,0.406,,-0.6088,,01/01/2023,12/31/2024,0.4316,,Yes,
MERCY SAN JUAN MEDICAL CENTER,050516,CA,2026,0.7750,,-1.4834,,07/01/2022,06/30/2024,0.386,,-0.5110,,0.428,,-0.2869,,0.542,,-0.5280,,0.119,,-1.0014,,0.566,,-0.2744,,01/01/2023,12/31/2024,-0.6809,,No,
VICTOR VALLEY GLOBAL MEDICAL CENTER,050517,CA,2026,0.8957,,-0.6479,,07/01/2022,06/30/2024,2.063,,2.2402,,0.582,,0.0843,,0.000,,-1.4565,,0.481,,0.4003,,0.674,,-0.0487,,01/01/2023,12/31/2024,0.0953,,No,
SUTTER DELTA MEDICAL CENTER,050523,CA,2026,0.8840,,-0.7296,,07/01/2022,06/30/2024,0.356,,-0.5806,,0.314,,-0.5617,,0.000,,-1.4565,,0.411,,0.1293,,0.454,,-0.5084,,01/01/2023,12/31/2024,-0.6179,,No,
HUNTINGTON BEACH HOSPITAL,050526,CA,2026,0.9064,,-0.5728,,07/01/2022,06/30/2024,3.866,,2.2402,,1.511,,2.3237,,N/A,13,N/A,5,0.891,,1.9878,,0.936,,0.4989,,01/01/2023,12/31/2024,1.2956,,Yes,
MEMORIAL HOSPITAL LOS BANOS,050528,CA,2026,0.9456,,-0.2994,,07/01/2022,06/30/2024,N/A,13,N/A,5,N/A,13,N/A,5,N/A,13,N/A,5,0.000,,-1.4622,,N/A,13,N/A,5,01/01/2023,12/31/2024,-0.8808,,No,
JOHN F KENNEDY MEMORIAL HOSPITAL,050534,CA,2026,0.9117,,-0.5362,,07/01/2022,06/30/2024,0.000,,-1.4065,,0.000,,-1.3186,,0.000,,-1.4565,,0.107,,-1.0478,,0.609,,-0.1845,,01/01/2023,12/31/2024,-0.9917,,No,
SUTTER DAVIS HOSPITAL,050537,CA,2026,0.8781,,-0.7708,,07/01/2022,06/30/2024,0.000,,-1.4065,,0.722,,0.4218,,0.000,,-1.4565,,0.190,,-0.7265,,N/A,13,N/A,5,01/01/2023,12/31/2024,-0.7877,,No,
KAISER FOUNDATION HOSPITAL - REDWOOD CITY,050541,CA,2026,0.9092,,-0.5531,,07/01/2022,06/30/2024,0.895,,0.6697,,0.072,,-1.1451,,1.317,,0.7996,,0.287,,-0.3509,,0.000,,-1.4573,,01/01/2023,12/31/2024,-0.3395,,No,
COLLEGE HOSPITAL COSTA MESA,050543,CA,2026,N/A,13,N/A,5,07/01/2022,06/30/2024,N/A,13,N/A,5,N/A,13,N/A,5,N/A,13,N/A,5,0.000,,-1.4622,,0.000,,-1.4573,,01/01/2023,12/31/2024,-1.4597,,No,
PORTERVILLE DEVELOPMENTAL CENTER,050546,CA,2026,N/A,13,N/A,5,07/01/2022,06/30/2024,N/A,13,N/A,5,N/A,13,N/A,5,N/A,18,2.1717,18,N/A,13,N/A,5,N/A,13,N/A,5,01/01/2023,12/31/2024,2.1717,18,Yes,
LOS ROBLES HOSPITAL & MEDICAL CENTER,050549,CA,2026,0.8331,,-1.0843,,07/01/2022,06/30/2024,0.428,,-0.4136,,0.921,,0.9015,,0.627,,-0.3824,,0.586,,0.8069,,0.000,,-1.4573,,01/01/2023,12/31/2024,-0.2715,,No,
UCI HEALTH - LOS ALAMITOS,050551,CA,2026,1.1896,,1.4040,,07/01/2022,06/30/2024,0.467,,-0.3231,,1.234,,1.6560,,0.838,,-0.0210,,0.761,,1.4845,,0.872,,0.3651,,01/01/2023,12/31/2024,0.7609,,Yes,
MEMORIAL MEDICAL CENTER,050557,CA,2026,1.0198,,0.2189,,07/01/2022,06/30/2024,0.449,,-0.3649,,0.215,,-0.8004,,1.590,,1.2672,,0.106,,-1.0517,,0.626,,-0.1490,,01/01/2023,12/31/2024,-0.1466,,No,
KAISER FOUNDATION HOSPITAL - WEST LA,050561,CA,2026,0.9102,,-0.5463,,07/01/2022,06/30/2024,0.551,,-0.1283,,0.384,,-0.3930,,0.988,,0.2360,,0.468,,0.3500,,1.070,,0.7789,,01/01/2023,12/31/2024,0.0495,,No,
PROVIDENCE MISSION HOSPITAL,050567,CA,2026,0.9221,,-0.4636,,07/01/2022,06/30/2024,0.684,,0.1803,,0.352,,-0.4701,,0.406,,-0.7610,,0.361,,-0.0643,,0.235,,-0.9661,,01/01/2023,12/31/2024,-0.4242,,No,
UCI HEALTH - FOUNTAIN VALLEY,050570,CA,2026,0.8820,,-0.7432,,07/01/2022,06/30/2024,0.860,,0.5885,,0.915,,0.8870,,0.928,,0.1332,,0.521,,0.5552,,0.468,,-0.4792,,01/01/2023,12/31/2024,0.1569,,No,
EISENHOWER MEDICAL CENTER,050573,CA,2026,0.7458,,-1.4834,,07/01/2022,06/30/2024,0.451,,-0.3603,,0.514,,-0.0796,,0.837,,-0.0227,,0.334,,-0.1689,,0.380,,-0.6631,,01/01/2023,12/31/2024,-0.4630,,No,
LA PALMA INTERCOMMUNITY HOSPITAL,050580,CA,2026,0.8718,,-0.8145,,07/01/2022,06/30/2024,3.070,,2.2402,,0.396,,-0.3641,,0.000,,-1.4565,,0.486,,0.4197,,N/A,13,N/A,5,01/01/2023,12/31/2024,0.0050,,No,
UCI HEALTH-LAKEWOOD,050581,CA,2026,1.1568,,1.1751,,07/01/2022,06/30/2024,0.308,,-0.6920,,0.840,,0.7062,,0.000,,-1.4565,,0.252,,-0.4864,,0.525,,-0.3601,,01/01/2023,12/31/2024,-0.1856,,No,
CHINO VALLEY MEDICAL CENTER,050586,CA,2026,0.8824,,-0.7405,,07/01/2022,06/30/2024,0.623,,0.0387,,0.000,,-1.3186,,0.000,,-1.4565,,0.166,,-0.8194,,1.462,,1.5981,,01/01/2023,12/31/2024,-0.4497,,No,
SAN DIMAS COMMUNITY HOSPITAL,050588,CA,2026,0.8698,,-0.8281,,07/01/2022,06/30/2024,0.260,,-0.8033,,0.465,,-0.1977,,N/A,13,N/A,5,0.580,,0.7836,,1.622,,1.9325,,01/01/2023,12/31/2024,0.1774,,No,
UCI HEALTH - PLACENTIA LINDA,050589,CA,2026,0.9740,,-0.1013,,07/01/2022,06/30/2024,1.604,,2.2402,,0.000,,-1.3186,,0.000,,-1.4565,,0.248,,-0.5019,,0.682,,-0.0320,,01/01/2023,12/31/2024,-0.1950,,No,
METHODIST HOSPITAL OF SACRAMENTO,050590,CA,2026,0.8470,,-0.9872,,07/01/2022,06/30/2024,0.000,,-1.4065,,1.750,,2.3863,,1.476,,1.0719,,0.064,,-1.2143,,0.934,,0.4947,,01/01/2023,12/31/2024,0.0575,,No,
EMANATE HEALTH FOOTHILL PRESBYTERIAN HOSPITAL,050597,CA,2026,1.1646,,1.2297,,07/01/2022,06/30/2024,0.000,,-1.4065,,0.156,,-0.9426,,0.458,,-0.6719,,0.918,,2.0924,,1.431,,1.5334,,01/01/2023,12/31/2024,0.3057,,No,
UNIVERSITY OF CALIFORNIA DAVIS MEDICAL CENTER,050599,CA,2026,0.9802,,-0.0574,,07/01/2022,06/30/2024,0.803,,0.4563,,0.813,,0.6411,,0.997,,0.2514,,1.308,,2.1931,,1.340,,1.3432,,01/01/2023,12/31/2024,0.8046,,Yes,
MEMORIALCARE SADDLEBACK MEDICAL CENTER,050603,CA,2026,0.9894,,0.0062,,07/01/2022,06/30/2024,0.463,,-0.3324,,0.890,,0.8267,,0.434,,-0.7130,,0.531,,0.5939,,0.511,,-0.3893,,01/01/2023,12/31/2024,-0.0013,,No,
KAISER FOUNDATION HOSPITAL-SAN JOSE,050604,CA,2026,0.8929,,-0.6673,,07/01/2022,06/30/2024,1.027,,0.9759,,0.523,,-0.0579,,1.221,,0.6351,,0.448,,0.2725,,1.254,,1.1635,,01/01/2023,12/31/2024,0.3870,,Yes,
ADVENTIST HEALTH DELANO,050608,CA,2026,1.0251,,0.2559,,07/01/2022,06/30/2024,N/A,13,N/A,5,1.504,,2.3068,,N/A,13,N/A,5,0.000,,-1.4622,,N/A,13,N/A,5,01/01/2023,12/31/2024,0.3669,,No,
KAISER FOUNDATION HOSPITAL - ORANGE COUNTY - ANAHEIM,050609,CA,2026,0.8820,,-0.7429,,07/01/2022,06/30/2024,1.172,,1.3123,,0.770,,0.5375,,1.025,,0.2994,,0.480,,0.3964,,0.245,,-0.9452,,01/01/2023,12/31/2024,0.1429,,No,
HENRY MAYO NEWHALL  HOSPITAL,050624,CA,2026,1.2253,,1.6536,,07/01/2022,06/30/2024,0.396,,-0.4878,,0.663,,0.2796,,1.581,,1.2518,,0.503,,0.4855,,1.463,,1.6002,,01/01/2023,12/31/2024,0.7971,,Yes,
CEDARS-SINAI MEDICAL CENTER,050625,CA,2026,1.0719,,0.5825,,07/01/2022,06/30/2024,0.749,,0.3310,,0.541,,-0.0145,,0.982,,0.2257,,0.660,,1.0934,,0.457,,-0.5022,,01/01/2023,12/31/2024,0.2860,,No,
ADVENTIST HEALTH TWIN CITIES,050633,CA,2026,0.9422,,-0.3226,,07/01/2022,06/30/2024,3.127,,2.2402,,1.299,,1.8126,,0.476,,-0.6411,,0.310,,-0.2618,,0.634,,-0.1323,,01/01/2023,12/31/2024,0.4492,,Yes,
PALOMAR MEDICAL CENTER POWAY,050636,CA,2026,0.9443,,-0.3085,,07/01/2022,06/30/2024,0.670,,0.1478,,0.191,,-0.8582,,1.000,,0.2565,,0.321,,-0.2192,,1.788,,2.2251,,01/01/2023,12/31/2024,0.2072,,No,
EAST LOS ANGELES DOCTORS HOSPITAL,050641,CA,2026,0.9594,,-0.2027,,07/01/2022,06/30/2024,N/A,13,N/A,5,0.000,,-1.3186,,N/A,13,N/A,5,0.375,,-0.0101,,0.000,,-1.4573,,01/01/2023,12/31/2024,-0.7472,,No,
LOS ANGELES COMMUNITY HOSPITAL,050663,CA,2026,0.6636,,-1.4834,,07/01/2022,06/30/2024,0.000,,-1.4065,,1.046,,1.2028,,N/A,13,N/A,5,0.165,,-0.8233,,2.746,,2.2251,,01/01/2023,12/31/2024,-0.0570,,No,
LAGUNA HONDA HOSPITAL & REHABILITATION CENTER,050668,CA,2026,N/A,13,N/A,5,07/01/2022,06/30/2024,N/A,13,N/A,5,N/A,13,N/A,5,N/A,13,N/A,5,0.000,,-1.4622,,N/A,13,N/A,5,01/01/2023,12/31/2024,-1.4622,,No,
KAISER FOUNDATION HOSP SO SACRAMENTO,050674,CA,2026,0.8620,,-0.8830,,07/01/2022,06/30/2024,0.786,,0.4169,,0.959,,0.9931,,0.960,,0.1880,,0.528,,0.5823,,1.003,,0.6389,,01/01/2023,12/31/2024,0.3227,,No,
KAISER FOUNDATION HOSPITAL - WOODLAND HILLS,050677,CA,2026,0.9975,,0.0632,,07/01/2022,06/30/2024,1.966,,2.2402,,0.958,,0.9907,,0.821,,-0.0501,,0.265,,-0.4361,,1.243,,1.1405,,01/01/2023,12/31/2024,0.6581,,Yes,
MEMORIALCARE ORANGE COAST MEDICAL CENTER,050678,CA,2026,1.0423,,0.3761,,07/01/2022,06/30/2024,1.260,,1.5164,,0.166,,-0.9185,,1.257,,0.6968,,0.547,,0.6559,,0.917,,0.4592,,01/01/2023,12/31/2024,0.4643,,Yes,
MENIFEE GLOBAL MEDICAL CENTER,050684,CA,2026,0.9671,,-0.1493,,07/01/2022,06/30/2024,N/A,13,N/A,5,0.000,,-1.3186,,N/A,13,N/A,5,0.183,,-0.7536,,0.900,,0.4236,,01/01/2023,12/31/2024,-0.4495,,No,
"KAISER FOUNDATION HOSPITAL, RIVERSIDE",050686,CA,2026,0.8565,,-0.9212,,07/01/2022,06/30/2024,1.286,,1.5768,,0.407,,-0.3375,,1.110,,0.4450,,0.261,,-0.4516,,0.486,,-0.4416,,01/01/2023,12/31/2024,-0.0217,,No,
SAN RAMON REGIONAL MEDICAL CENTER,050689,CA,2026,0.8180,,-1.1901,,07/01/2022,06/30/2024,N/A,13,N/A,5,0.000,,-1.3186,,0.377,,-0.8107,,0.649,,1.0508,,0.000,,-1.4573,,01/01/2023,12/31/2024,-0.7452,,No,
KAISER FOUNDATION HOSPITAL-SANTA ROSA,050690,CA,2026,0.9480,,-0.2822,,07/01/2022,06/30/2024,0.720,,0.2638,,0.488,,-0.1423,,1.280,,0.7362,,0.449,,0.2764,,0.469,,-0.4771,,01/01/2023,12/31/2024,0.0625,,No,
KECK HOSPITAL OF USC,050696,CA,2026,0.7915,,-1.3749,,07/01/2022,06/30/2024,0.748,,0.3287,,0.601,,0.1301,,0.861,,0.0184,,0.677,,1.1592,,0.654,,-0.0905,,01/01/2023,12/31/2024,0.0285,,No,
PATIENTS' HOSPITAL OF REDDING,050697,CA,2026,0.9806,,-0.0548,,07/01/2022,06/30/2024,N/A,13,N/A,5,N/A,13,N/A,5,N/A,13,N/A,5,N/A,13,N/A,5,N/A,13,N/A,5,01/01/2023,12/31/2024,-0.0548,,No,
SOUTHWEST HEALTHCARE RANCHO SPRINGS HOSPITAL,050701,CA,2026,1.2037,,1.5025,,07/01/2022,06/30/2024,0.000,,-1.4065,,0.620,,0.1759,,0.480,,-0.6342,,0.386,,0.0325,,0.389,,-0.6443,,01/01/2023,12/31/2024,-0.1624,,No,
MISSION COMMUNITY HOSPITAL,050704,CA,2026,0.8449,,-1.0021,,07/01/2022,06/30/2024,1.427,,1.9039,,2.308,,2.3863,,N/A,13,N/A,5,1.292,,2.1931,,0.689,,-0.0173,,01/01/2023,12/31/2024,1.0928,,Yes,
FRESNO SURGICAL HOSPITAL,050708,CA,2026,0.8180,,-1.1900,,07/01/2022,06/30/2024,N/A,13,N/A,5,N/A,13,N/A,5,N/A,13,N/A,5,N/A,13,N/A,5,N/A,13,N/A,5,01/01/2023,12/31/2024,-1.1900,,No,
DESERT VALLEY HOSPITAL,050709,CA,2026,0.8397,,-1.0385,,07/01/2022,06/30/2024,0.247,,-0.8335,,0.456,,-0.2194,,0.000,,-1.4565,,0.206,,-0.6645,,0.000,,-1.4573,,01/01/2023,12/31/2024,-0.9449,,No,
KAISER FOUNDATION HOSPITAL - FRESNO,050710,CA,2026,0.9343,,-0.3780,,07/01/2022,06/30/2024,1.538,,2.1613,,0.305,,-0.5834,,1.175,,0.5563,,0.441,,0.2454,,1.103,,0.8479,,01/01/2023,12/31/2024,0.4749,,Yes,
SUTTER MATERNITY & SURGERY CENTER OF SANTA CRUZ,050714,CA,2026,1.0105,,0.1541,,07/01/2022,06/30/2024,N/A,13,N/A,5,N/A,13,N/A,5,0.363,,-0.8347,,N/A,13,N/A,5,N/A,13,N/A,5,01/01/2023,12/31/2024,-0.3403,,No,
LAC/RANCHO LOS AMIGOS NATIONAL REHABILITATION  CTR,050717,CA,2026,0.9189,,-0.4853,,07/01/2022,06/30/2024,0.281,,-0.7546,,3.565,,2.3863,,N/A,13,N/A,5,1.272,,2.1931,,2.212,,2.2251,,01/01/2023,12/31/2024,1.1129,,Yes,
KAISER FOUNDATION HOSPITAL - BALDWIN PARK,050723,CA,2026,1.0238,,0.2468,,07/01/2022,06/30/2024,0.765,,0.3682,,0.481,,-0.1592,,0.733,,-0.2008,,0.966,,2.1931,,0.169,,-1.1041,,01/01/2023,12/31/2024,0.2240,,No,
STANISLAUS SURGICAL HOSPITAL,050726,CA,2026,0.9718,,-0.1162,,07/01/2022,06/30/2024,N/A,13,N/A,5,N/A,13,N/A,5,N/A,13,N/A,5,N/A,13,N/A,5,N/A,13,N/A,5,01/01/2023,12/31/2024,-0.1162,,No,
WHITTIER HOSPITAL MEDICAL CENTER,050735,CA,2026,0.8858,,-0.7164,,07/01/2022,06/30/2024,0.000,,-1.4065,,0.229,,-0.7666,,N/A,13,N/A,5,0.348,,-0.1147,,0.000,,-1.4573,,01/01/2023,12/31/2024,-0.8923,,No,
MONTEREY PARK HOSPITAL,050736,CA,2026,0.9171,,-0.4979,,07/01/2022,06/30/2024,1.538,,2.1613,,1.932,,2.3863,,0.838,,-0.0210,,0.877,,1.9336,,1.953,,2.2251,,01/01/2023,12/31/2024,1.3646,,Yes,
GARFIELD MEDICAL CENTER,050737,CA,2026,0.9722,,-0.1136,,07/01/2022,06/30/2024,1.877,,2.2402,,1.617,,2.3863,,2.623,,2.1717,,0.457,,0.3074,,0.721,,0.0495,,01/01/2023,12/31/2024,1.1736,,Yes,
GREATER EL MONTE COMMUNITY HOSPITAL,050738,CA,2026,0.9482,,-0.2813,,07/01/2022,06/30/2024,0.354,,-0.5853,,0.254,,-0.7063,,N/A,13,N/A,5,0.468,,0.3500,,N/A,13,N/A,5,01/01/2023,12/31/2024,-0.3057,,No,
CENTINELA HOSPITAL MEDICAL CENTER,050739,CA,2026,0.8344,,-1.0754,,07/01/2022,06/30/2024,0.698,,0.2127,,0.218,,-0.7931,,0.000,,-1.4565,,0.000,,-1.4622,,1.201,,1.0527,,01/01/2023,12/31/2024,-0.5870,,No,
CEDAR-SINAI MARINA DEL REY HOSPITAL,050740,CA,2026,0.8966,,-0.6411,,07/01/2022,06/30/2024,0.290,,-0.7337,,0.264,,-0.6822,,0.000,,-1.4565,,0.310,,-0.2618,,2.052,,2.2251,,01/01/2023,12/31/2024,-0.2584,,No,
ANAHEIM GLOBAL MEDICAL CENTER,050744,CA,2026,0.9721,,-0.1141,,07/01/2022,06/30/2024,0.000,,-1.4065,,0.000,,-1.3186,,N/A,11,2.1717,11,N/A,11,2.1931,11,N/A,11,2.2251,11,01/01/2023,12/31/2024,0.6251,,Yes,
CHAPMAN GLOBAL MEDICAL CENTER,050745,CA,2026,0.9858,,-0.0183,,07/01/2022,06/30/2024,N/A,13,N/A,5,1.867,,2.3863,,N/A,13,N/A,5,0.581,,0.7875,,N/A,13,N/A,5,01/01/2023,12/31/2024,1.0518,,Yes,
ORANGE COUNTY GLOBAL MEDICAL CENTER,050746,CA,2026,0.8548,,-0.9332,,07/01/2022,06/30/2024,0.567,,-0.0912,,1.460,,2.2007,,1.013,,0.2788,,0.856,,1.8523,,1.182,,1.0130,,01/01/2023,12/31/2024,0.7201,,Yes,
COASTAL COMMUNITIES HOSPITAL,050747,CA,2026,0.9374,,-0.3562,,07/01/2022,06/30/2024,0.000,,-1.4065,,0.000,,-1.3186,,N/A,13,N/A,5,0.251,,-0.4903,,0.000,,-1.4573,,01/01/2023,12/31/2024,-1.0058,,No,
KAISER FOUNDATION HOSPITAL MANTECA,050748,CA,2026,0.9284,,-0.4194,,07/01/2022,06/30/2024,0.549,,-0.1329,,0.456,,-0.2194,,0.310,,-0.9254,,0.257,,-0.4670,,0.925,,0.4759,,01/01/2023,12/31/2024,-0.2814,,No,
SHERMAN OAKS HOSPITAL,050755,CA,2026,0.7658,,-1.4834,,07/01/2022,06/30/2024,0.000,,-1.4065,,0.248,,-0.7208,,N/A,13,N/A,5,0.115,,-1.0169,,0.000,,-1.4573,,01/01/2023,12/31/2024,-1.2170,,No,
MONTCLAIR HOSPITAL MEDICAL CENTER,050758,CA,2026,0.8975,,-0.6347,,07/01/2022,06/30/2024,0.000,,-1.4065,,0.000,,-1.3186,,N/A,13,N/A,5,0.000,,-1.4622,,N/A,13,N/A,5,01/01/2023,12/31/2024,-1.2055,,No,
KAISER FOUNDATION HOSPITAL - ANTIOCH,050760,CA,2026,1.1404,,1.0609,,07/01/2022,06/30/2024,0.759,,0.3542,,0.000,,-1.3186,,1.108,,0.4415,,0.525,,0.5707,,0.277,,-0.8784,,01/01/2023,12/31/2024,0.0384,,No,
PROVIDENCE CEDARS SINAI TARZANA MEDICAL CENTER,050761,CA,2026,0.8275,,-1.1236,,07/01/2022,06/30/2024,0.503,,-0.2396,,0.635,,0.2121,,0.523,,-0.5606,,0.700,,1.2483,,0.845,,0.3087,,01/01/2023,12/31/2024,-0.0258,,No,
L A DOWNTOWN MEDICAL CENTER,050763,CA,2026,0.8311,,-1.0988,,07/01/2022,06/30/2024,N/A,13,N/A,5,0.000,,-1.3186,,N/A,18,2.1717,18,0.392,,0.0557,,N/A,13,N/A,5,01/01/2023,12/31/2024,-0.0475,,No,
SHASTA REGIONAL MEDICAL CENTER,050764,CA,2026,0.9033,,-0.5947,,07/01/2022,06/30/2024,0.304,,-0.7013,,0.594,,0.1132,,0.551,,-0.5126,,0.333,,-0.1728,,0.484,,-0.4458,,01/01/2023,12/31/2024,-0.3856,,No,
KAISER FOUNDATION HOSPITAL-MORENO VALLEY,050765,CA,2026,0.9638,,-0.1723,,07/01/2022,06/30/2024,1.045,,1.0177,,0.467,,-0.1929,,0.885,,0.0595,,0.268,,-0.4244,,0.473,,-0.4687,,01/01/2023,12/31/2024,-0.0302,,No,
SUTTER SURGICAL HOSPITAL - NORTH VALLEY,050766,CA,2026,0.9040,,-0.5893,,07/01/2022,06/30/2024,N/A,13,N/A,5,N/A,13,N/A,5,0.000,,-1.4565,,N/A,13,N/A,5,N/A,13,N/A,5,01/01/2023,12/31/2024,-1.0229,,No,
KAISER FOUNDATION HOSPITAL - VACAVILLE,050767,CA,2026,0.9153,,-0.5106,,07/01/2022,06/30/2024,0.434,,-0.3997,,0.865,,0.7665,,1.808,,1.6406,,0.540,,0.6287,,0.000,,-1.4573,,01/01/2023,12/31/2024,0.1114,,No,
HOAG ORTHOPEDIC INSTITUTE,050769,CA,2026,0.9353,,-0.3710,,07/01/2022,06/30/2024,N/A,13,N/A,5,N/A,13,N/A,5,N/A,12,N/A,5,0.769,,1.5154,,N/A,13,N/A,5,01/01/2023,12/31/2024,0.5722,,Yes,
LOMA LINDA UNIVERSITY MEDICAL CENTER-MURRIETA,050770,CA,2026,0.9405,,-0.3351,,07/01/2022,06/30/2024,0.000,,-1.4065,,0.341,,-0.4966,,0.631,,-0.3756,,0.101,,-1.0711,,1.125,,0.8939,,01/01/2023,12/31/2024,-0.4652,,No,
COAST PLAZA HOSPITAL,050771,CA,2026,0.8999,,-0.6180,,07/01/2022,06/30/2024,1.018,,0.9551,,0.506,,-0.0989,,N/A,13,N/A,5,0.443,,0.2532,,2.240,,2.2251,,01/01/2023,12/31/2024,0.5433,,Yes,
KAISER FOUNDATION HOSPITAL - ROSEVILLE,050772,CA,2026,1.0998,,0.7771,,07/01/2022,06/30/2024,0.666,,0.1385,,0.082,,-1.1210,,0.922,,0.1229,,0.656,,1.0779,,0.235,,-0.9661,,01/01/2023,12/31/2024,0.0049,,No,
TEMECULA VALLEY HOSPITAL,050775,CA,2026,0.9497,,-0.2708,,07/01/2022,06/30/2024,0.462,,-0.3347,,0.323,,-0.5400,,0.502,,-0.5965,,0.369,,-0.0334,,0.600,,-0.2033,,01/01/2023,12/31/2024,-0.3298,,No,
COLLEGE MEDICAL CENTER,050776,CA,2026,0.9235,,-0.4538,,07/01/2022,06/30/2024,0.427,,-0.4159,,0.703,,0.3760,,N/A,13,N/A,5,0.371,,-0.0256,,1.263,,1.1823,,01/01/2023,12/31/2024,0.1326,,No,
KAISER FOUNDATION HOSPITAL - SAN LEANDRO,050777,CA,2026,0.9125,,-0.5301,,07/01/2022,06/30/2024,0.562,,-0.1028,,0.782,,0.5664,,1.181,,0.5666,,0.261,,-0.4516,,0.422,,-0.5753,,01/01/2023,12/31/2024,-0.0878,,No,
LOMA LINDA UNIVERSITY CHILDREN'S HOSPITAL,050778,CA,2026,N/A,13,N/A,5,07/01/2022,06/30/2024,0.432,,-0.4043,,0.482,,-0.1567,,N/A,13,N/A,5,0.150,,-0.8814,,0.321,,-0.7864,,01/01/2023,12/31/2024,-0.5572,,No,
"MARTIN LUTHER KING, JR. COMMUNITY HOSPITAL",050779,CA,2026,0.9231,,-0.4566,,07/01/2022,06/30/2024,0.000,,-1.4065,,0.000,,-1.3186,,0.000,,-1.4565,,0.291,,-0.3354,,0.000,,-1.4573,,01/01/2023,12/31/2024,-1.0718,,No,
FOOTHILL REGIONAL MEDICAL CENTER,050780,CA,2026,0.7983,,-1.3273,,07/01/2022,06/30/2024,N/A,13,N/A,5,0.000,,-1.3186,,0.000,,-1.4565,,0.000,,-1.4622,,0.000,,-1.4573,,01/01/2023,12/31/2024,-1.4044,,No,
CASA COLINA HOSPITAL,050782,CA,2026,0.8890,,-0.6947,,07/01/2022,06/30/2024,N/A,13,N/A,5,N/A,13,N/A,5,1.880,,1.7640,,0.806,,1.6587,,N/A,13,N/A,5,01/01/2023,12/31/2024,0.9093,,Yes,
COLUSA MEDICAL CENTER,050783,CA,2026,N/A,13,N/A,5,07/01/2022,06/30/2024,N/A,13,N/A,5,0.000,,-1.3186,,N/A,12,N/A,5,0.867,,1.8949,,N/A,13,N/A,5,01/01/2023,12/31/2024,0.2881,,No,
ADVENTIST HEALTH TULARE,050784,CA,2026,0.9465,,-0.2930,,07/01/2022,06/30/2024,0.734,,0.2962,,0.000,,-1.3186,,N/A,13,N/A,5,0.238,,-0.5406,,N/A,13,N/A,5,01/01/2023,12/31/2024,-0.4640,,No,
DOCS SURGICAL HOSPITAL,050785,CA,2026,0.9135,,-0.5231,,07/01/2022,06/30/2024,N/A,13,N/A,5,N/A,13,N/A,5,N/A,13,N/A,5,N/A,13,N/A,5,N/A,13,N/A,5,01/01/2023,12/31/2024,-0.5231,,No,
"ANAHEIM COMMUNITY HOSPITAL, LLC",050854,CA,2026,N/A,13,N/A,5,07/01/2022,06/30/2024,N/A,18,2.2402,18,N/A,18,2.3863,18,N/A,18,2.1717,18,N/A,18,2.1931,18,N/A,18,2.2251,18,01/01/2023,12/31/2024,2.2433,18,Yes,
KAISER FOUNDATION HOSPITAL - SAN MARCOS,050855,CA,2026,N/A,5,N/A,5,07/01/2022,06/30/2024,1.886,,2.2402,,2.088,,2.3863,,0.781,,-0.1186,,0.793,,1.6084,,0.547,,-0.3141,,01/01/2023,12/31/2024,1.1604,,Yes,
BANNER NORTH COLORADO MEDICAL CENTER,060001,CO,2026,1.1120,,0.8626,,07/01/2022,06/30/2024,0.313,,-0.6804,,0.474,,-0.1760,,1.506,,1.1233,,0.476,,0.3809,,0.640,,-0.1197,,01/01/2023,12/31/2024,0.2318,,No,
LONGMONT UNITED HOSPITAL,060003,CO,2026,0.9224,,-0.4612,,07/01/2022,06/30/2024,0.628,,0.0503,,0.000,,-1.3186,,0.000,,-1.4565,,0.000,,-1.4622,,N/A,13,N/A,5,01/01/2023,12/31/2024,-0.9296,,No,
INTERMOUNTAIN HEALTH PLATTE VALLEY HOSPITAL,060004,CO,2026,0.9065,,-0.5722,,07/01/2022,06/30/2024,0.953,,0.8043,,0.000,,-1.3186,,0.319,,-0.9100,,0.173,,-0.7923,,0.778,,0.1687,,01/01/2023,12/31/2024,-0.4367,,No,
MONTROSE REGIONAL HEALTH,060006,CO,2026,0.9381,,-0.3514,,07/01/2022,06/30/2024,0.864,,0.5978,,0.643,,0.2313,,0.428,,-0.7233,,0.281,,-0.3741,,N/A,13,N/A,5,01/01/2023,12/31/2024,-0.1239,,No,
SAN LUIS VALLEY REGIONAL  MEDICAL CENTER,060008,CO,2026,0.9633,,-0.1757,,07/01/2022,06/30/2024,N/A,13,N/A,5,N/A,13,N/A,5,0.000,,-1.4565,,0.461,,0.3229,,N/A,13,N/A,5,01/01/2023,12/31/2024,-0.4364,,No,
LUTHERAN MEDICAL CENTER,060009,CO,2026,1.0026,,0.0987,,07/01/2022,06/30/2024,0.104,,-1.1652,,0.606,,0.1422,,0.930,,0.1366,,0.362,,-0.0605,,0.616,,-0.1699,,01/01/2023,12/31/2024,-0.1697,,No,
POUDRE VALLEY HOSPITAL,060010,CO,2026,0.8663,,-0.8529,,07/01/2022,06/30/2024,0.280,,-0.7569,,0.352,,-0.4701,,1.726,,1.5002,,0.197,,-0.6994,,0.000,,-1.4573,,01/01/2023,12/31/2024,-0.4561,,No,
DENVER HEALTH & HOSPITAL AUTHORITY,060011,CO,2026,1.1603,,1.1996,,07/01/2022,06/30/2024,0.611,,0.0109,,0.662,,0.2771,,0.989,,0.2377,,0.423,,0.1757,,0.838,,0.2941,,01/01/2023,12/31/2024,0.3659,,No,
ST MARY-CORWIN HOSPITAL,060012,CO,2026,0.9461,,-0.2959,,07/01/2022,06/30/2024,N/A,13,N/A,5,N/A,13,N/A,5,0.269,,-0.9957,,0.496,,0.4584,,N/A,13,N/A,5,01/01/2023,12/31/2024,-0.2777,,No,
MERCY REGIONAL MEDICAL CENTER,060013,CO,2026,0.7912,,-1.3770,,07/01/2022,06/30/2024,0.847,,0.5584,,0.367,,-0.4340,,0.495,,-0.6085,,0.228,,-0.5793,,0.562,,-0.2827,,01/01/2023,12/31/2024,-0.4539,,No,
HCA HEALTHONE PRESBYTERIAN ST LUKES,060014,CO,2026,1.1149,,0.8830,,07/01/2022,06/30/2024,0.540,,-0.1538,,0.488,,-0.1423,,1.368,,0.8869,,0.346,,-0.1224,,0.539,,-0.3308,,01/01/2023,12/31/2024,0.1701,,No,
CENTURA HEALTH-ST ANTHONY HOSPITAL,060015,CO,2026,1.0367,,0.3365,,07/01/2022,06/30/2024,0.395,,-0.4902,,0.147,,-0.9643,,0.066,,-1.3434,,0.327,,-0.1960,,2.560,,2.2251,,01/01/2023,12/31/2024,-0.0720,,No,
"PARKVIEW MEDICAL CENTER, INC",060020,CO,2026,0.8694,,-0.8314,,07/01/2022,06/30/2024,0.264,,-0.7941,,0.443,,-0.2508,,2.587,,2.1717,,0.888,,1.9762,,0.432,,-0.5544,,01/01/2023,12/31/2024,0.2862,,No,
UCH-MEMORIAL HEALTH SYSTEM,060022,CO,2026,0.7157,,-1.4834,,07/01/2022,06/30/2024,0.468,,-0.3208,,0.581,,0.0819,,1.449,,1.0257,,0.424,,0.1796,,0.428,,-0.5628,,01/01/2023,12/31/2024,-0.1800,,No,
INTERMOUNTAIN HEALTH ST. MARY'S REGIONAL HOSPITAL,060023,CO,2026,0.9976,,0.0640,,07/01/2022,06/30/2024,0.466,,-0.3255,,0.548,,0.0023,,1.098,,0.4244,,0.185,,-0.7458,,0.313,,-0.8031,,01/01/2023,12/31/2024,-0.2306,,No,
UNIVERSITY OF COLORADO HOSPITAL AUTHORITY,060024,CO,2026,1.3497,,2.5111,,07/01/2022,06/30/2024,0.786,,0.4169,,0.407,,-0.3375,,1.054,,0.3490,,0.349,,-0.1108,,0.388,,-0.6464,,01/01/2023,12/31/2024,0.3637,,No,
BOULDER COMMUNITY HEALTH,060027,CO,2026,1.2819,,2.0482,,07/01/2022,06/30/2024,1.090,,1.1221,,0.511,,-0.0868,,1.974,,1.9250,,0.347,,-0.1186,,0.385,,-0.6527,,01/01/2023,12/31/2024,0.7062,,Yes,
SAINT JOSEPH HOSPITAL,060028,CO,2026,1.0496,,0.4268,,07/01/2022,06/30/2024,0.423,,-0.4252,,0.125,,-1.0173,,1.049,,0.3405,,0.470,,0.3577,,0.646,,-0.1072,,01/01/2023,12/31/2024,-0.0708,,No,
BANNER MCKEE MEDICAL CENTER,060030,CO,2026,1.1868,,1.3846,,07/01/2022,06/30/2024,N/A,13,N/A,5,N/A,13,N/A,5,0.000,,-1.4565,,0.620,,0.9385,,N/A,13,N/A,5,01/01/2023,12/31/2024,0.2889,,No,
CENTURA HEALTH-PENROSE ST FRANCIS HEALTH SERVICES,060031,CO,2026,1.2596,,1.8927,,07/01/2022,06/30/2024,0.370,,-0.5482,,0.307,,-0.5786,,0.562,,-0.4938,,0.117,,-1.0091,,0.124,,-1.1981,,01/01/2023,12/31/2024,-0.3225,,No,
HCA HEALTHONE ROSE,060032,CO,2026,0.9037,,-0.5917,,07/01/2022,06/30/2024,0.399,,-0.4809,,0.253,,-0.7088,,0.406,,-0.7610,,0.127,,-0.9704,,0.183,,-1.0748,,01/01/2023,12/31/2024,-0.7646,,No,
HCA-HEALTHONE DBA SWEDISH MEDICAL CENTER,060034,CO,2026,0.9640,,-0.1711,,07/01/2022,06/30/2024,0.256,,-0.8126,,0.506,,-0.0989,,0.599,,-0.4304,,0.252,,-0.4864,,0.267,,-0.8993,,01/01/2023,12/31/2024,-0.4831,,No,
ST ELIZABETH HOSPITAL,060044,CO,2026,0.9724,,-0.1119,,07/01/2022,06/30/2024,N/A,13,N/A,5,N/A,13,N/A,5,N/A,13,N/A,5,2.402,,2.1931,,N/A,13,N/A,5,01/01/2023,12/31/2024,1.0406,,Yes,
UCHEALTH YAMPA VALLEY MEDICAL CENTER,060049,CO,2026,0.9499,,-0.2690,,07/01/2022,06/30/2024,N/A,13,N/A,5,N/A,13,N/A,5,1.387,,0.9195,,0.000,,-1.4622,,N/A,13,N/A,5,01/01/2023,12/31/2024,-0.2706,,No,
COMMUNITY HOSPITAL,060054,CO,2026,1.0580,,0.4854,,07/01/2022,06/30/2024,1.073,,1.0826,,0.000,,-1.3186,,1.737,,1.5190,,0.740,,1.4032,,N/A,13,N/A,5,01/01/2023,12/31/2024,0.6343,,Yes,
AdventHealth Porter,060064,CO,2026,0.9037,,-0.5921,,07/01/2022,06/30/2024,0.294,,-0.7245,,0.248,,-0.7208,,0.551,,-0.5126,,0.334,,-0.1689,,0.831,,0.2794,,01/01/2023,12/31/2024,-0.4066,,No,
HCA HEALTHONE MOUNTAIN RIDGE,060065,CO,2026,0.9077,,-0.5640,,07/01/2022,06/30/2024,0.936,,0.7648,,0.851,,0.7327,,0.969,,0.2034,,0.323,,-0.2115,,0.538,,-0.3329,,01/01/2023,12/31/2024,0.0988,,No,
DELTA COUNTY MEMORIAL HOSPITAL,060071,CO,2026,0.9610,,-0.1915,,07/01/2022,06/30/2024,N/A,13,N/A,5,N/A,13,N/A,5,0.632,,-0.3739,,0.000,,-1.4622,,N/A,13,N/A,5,01/01/2023,12/31/2024,-0.6758,,No,
VALLEY VIEW HOSPITAL ASSOCIATION,060075,CO,2026,0.9264,,-0.4333,,07/01/2022,06/30/2024,N/A,13,N/A,5,0.000,,-1.3186,,0.000,,-1.4565,,0.944,,2.1931,,N/A,13,N/A,5,01/01/2023,12/31/2024,-0.2538,,No,
STERLING REGIONAL MEDCENTER,060076,CO,2026,0.9533,,-0.2454,,07/01/2022,06/30/2024,N/A,13,N/A,5,N/A,13,N/A,5,N/A,13,N/A,5,0.000,,-1.4622,,N/A,13,N/A,5,01/01/2023,12/31/2024,-0.8538,,No,
VAIL HEALTH HOSPITAL,060096,CO,2026,0.8576,,-0.9136,,07/01/2022,06/30/2024,N/A,13,N/A,5,N/A,13,N/A,5,N/A,13,N/A,5,0.570,,0.7449,,N/A,13,N/A,5,01/01/2023,12/31/2024,-0.0843,,No,
THE MEDICAL CENTER OF AURORA & SOUTH HOSPITAL,060100,CO,2026,1.3586,,2.5111,,07/01/2022,06/30/2024,0.713,,0.2475,,0.587,,0.0964,,1.920,,1.8325,,0.146,,-0.8968,,0.491,,-0.4311,,01/01/2023,12/31/2024,0.5599,,Yes,
ADVENTHEALTH AVISTA,060103,CO,2026,0.9696,,-0.1316,,07/01/2022,06/30/2024,0.000,,-1.4065,,0.000,,-1.3186,,0.934,,0.1435,,0.195,,-0.7071,,0.000,,-1.4573,,01/01/2023,12/31/2024,-0.8129,,No,
CENTURA HEALTH-ST ANTHONY NORTH HEALTH CAMPUS,060104,CO,2026,0.8341,,-1.0775,,07/01/2022,06/30/2024,0.571,,-0.0819,,0.307,,-0.5786,,1.237,,0.6625,,0.328,,-0.1921,,0.000,,-1.4573,,01/01/2023,12/31/2024,-0.4541,,No,
NATIONAL JEWISH HEALTH,060107,CO,2026,N/A,13,N/A,5,07/01/2022,06/30/2024,N/A,13,N/A,5,N/A,13,N/A,5,N/A,12,N/A,5,N/A,13,N/A,5,N/A,13,N/A,5,01/01/2023,12/31/2024,N/A,5,No,
SKY RIDGE MEDICAL CENTER,060112,CO,2026,0.9577,,-0.2145,,07/01/2022,06/30/2024,1.060,,1.0525,,0.746,,0.4796,,1.638,,1.3494,,0.244,,-0.5174,,0.130,,-1.1856,,01/01/2023,12/31/2024,0.1607,,No,
AdventHealth Littleton,060113,CO,2026,1.0861,,0.6816,,07/01/2022,06/30/2024,0.172,,-1.0075,,1.585,,2.3863,,0.782,,-0.1169,,0.317,,-0.2347,,0.566,,-0.2744,,01/01/2023,12/31/2024,0.2391,,No,
AdventHealth Parker,060114,CO,2026,1.0299,,0.2894,,07/01/2022,06/30/2024,0.175,,-1.0005,,1.332,,1.8922,,0.633,,-0.3721,,0.263,,-0.4438,,0.428,,-0.5628,,01/01/2023,12/31/2024,-0.0329,,No,
GOOD SAMARITAN MEDICAL CENTER LLC,060116,CO,2026,0.9524,,-0.2517,,07/01/2022,06/30/2024,0.582,,-0.0564,,1.197,,1.5668,,1.624,,1.3254,,0.531,,0.5939,,0.274,,-0.8846,,01/01/2023,12/31/2024,0.3822,,Yes,
"ANIMAS SURGICAL HOSPITAL, LLC",060117,CO,2026,0.9917,,0.0225,,07/01/2022,06/30/2024,N/A,13,N/A,5,N/A,13,N/A,5,N/A,13,N/A,5,N/A,13,N/A,5,N/A,13,N/A,5,01/01/2023,12/31/2024,0.0225,,No,
ST ANTHONY SUMMIT MEDICAL CENTER,060118,CO,2026,0.9554,,-0.2308,,07/01/2022,06/30/2024,N/A,13,N/A,5,N/A,13,N/A,5,0.000,,-1.4565,,0.403,,0.0983,,N/A,13,N/A,5,01/01/2023,12/31/2024,-0.5297,,No,
MEDICAL CENTER OF THE ROCKIES,060119,CO,2026,0.9894,,0.0066,,07/01/2022,06/30/2024,0.672,,0.1524,,1.334,,1.8970,,1.155,,0.5220,,0.378,,0.0015,,0.816,,0.2481,,01/01/2023,12/31/2024,0.4713,,Yes,
ORTHOCOLORADO HOSP AT ST ANTHONY MED CAMPUS,060124,CO,2026,0.8180,,-1.1900,,07/01/2022,06/30/2024,N/A,13,N/A,5,N/A,13,N/A,5,N/A,13,N/A,5,N/A,13,N/A,5,N/A,13,N/A,5,01/01/2023,12/31/2024,-1.1900,,No,
ADVENTHEALTH CASTLE ROCK,060125,CO,2026,0.9331,,-0.3863,,07/01/2022,06/30/2024,0.000,,-1.4065,,0.843,,0.7134,,0.628,,-0.3807,,0.062,,-1.2221,,0.942,,0.5114,,01/01/2023,12/31/2024,-0.3618,,No,
BANNER FORT COLLINS MEDICAL CENTER,060126,CO,2026,0.9712,,-0.1205,,07/01/2022,06/30/2024,N/A,13,N/A,5,N/A,13,N/A,5,0.000,,-1.4565,,1.020,,2.1931,,N/A,13,N/A,5,01/01/2023,12/31/2024,0.2054,,No,
LONGS PEAK HOSPITAL,060128,CO,2026,0.8877,,-0.7034,,07/01/2022,06/30/2024,0.414,,-0.4461,,0.701,,0.3712,,1.319,,0.8030,,0.388,,0.0402,,0.592,,-0.2200,,01/01/2023,12/31/2024,-0.0259,,No,
UCHEALTH BROOMFIELD HOSPITAL,060129,CO,2026,0.9818,,-0.0463,,07/01/2022,06/30/2024,N/A,13,N/A,5,N/A,13,N/A,5,N/A,13,N/A,5,0.315,,-0.2425,,N/A,13,N/A,5,01/01/2023,12/31/2024,-0.1444,,No,
UCHEALTH GRANDVIEW HOSPITAL,060130,CO,2026,0.9723,,-0.1132,,07/01/2022,06/30/2024,N/A,13,N/A,5,N/A,13,N/A,5,N/A,13,N/A,5,N/A,13,N/A,5,N/A,13,N/A,5,01/01/2023,12/31/2024,-0.1132,,No,
UCHEALTH GREELEY HOSPITAL,060131,CO,2026,1.1574,,1.1790,,07/01/2022,06/30/2024,1.001,,0.9156,,1.698,,2.3863,,1.238,,0.6642,,0.219,,-0.6142,,1.883,,2.2251,,01/01/2023,12/31/2024,1.1260,,Yes,
UCHEALTH HIGHLANDS RANCH HOSPITAL,060132,CO,2026,0.7577,,-1.4834,,07/01/2022,06/30/2024,0.856,,0.5793,,0.394,,-0.3689,,0.420,,-0.7370,,0.344,,-0.1302,,0.000,,-1.4573,,01/01/2023,12/31/2024,-0.5996,,No,
ST FRANCIS HOSPITAL - INTERQUEST,060133,CO,2026,N/A,5,N/A,5,07/01/2022,06/30/2024,N/A,13,N/A,5,N/A,13,N/A,5,N/A,13,N/A,5,N/A,13,N/A,5,N/A,13,N/A,5,01/01/2023,12/31/2024,N/A,5,No,
ST FRANCIS HOSPITAL & MEDICAL CENTER,070002,CT,2026,1.3858,,2.5111,,07/01/2022,06/30/2024,0.845,,0.5537,,0.342,,-0.4942,,1.160,,0.5306,,0.530,,0.5900,,0.309,,-0.8115,,01/01/2023,12/31/2024,0.4800,,Yes,
DAY KIMBALL HOSPITAL,070003,CT,2026,0.9707,,-0.1240,,07/01/2022,06/30/2024,N/A,13,N/A,5,1.610,,2.3863,,1.037,,0.3199,,0.608,,0.8920,,N/A,13,N/A,5,01/01/2023,12/31/2024,0.8686,,Yes,
SHARON HOSPITAL,070004,CT,2026,0.9388,,-0.3466,,07/01/2022,06/30/2024,N/A,13,N/A,5,N/A,13,N/A,5,N/A,13,N/A,5,0.000,,-1.4622,,N/A,13,N/A,5,01/01/2023,12/31/2024,-0.9044,,No,
WATERBURY HOSPITAL,070005,CT,2026,1.1902,,1.4085,,07/01/2022,06/30/2024,0.192,,-0.9611,,0.281,,-0.6413,,0.565,,-0.4886,,0.348,,-0.1147,,1.096,,0.8333,,01/01/2023,12/31/2024,0.0060,,No,
STAMFORD HOSPITAL,070006,CT,2026,0.9561,,-0.2260,,07/01/2022,06/30/2024,0.395,,-0.4902,,0.283,,-0.6364,,0.409,,-0.7559,,0.528,,0.5823,,0.146,,-1.1521,,01/01/2023,12/31/2024,-0.4464,,No,
LAWRENCE & MEMORIAL HOSPITAL,070007,CT,2026,1.0542,,0.4589,,07/01/2022,06/30/2024,0.122,,-1.1235,,0.334,,-0.5135,,1.772,,1.5790,,0.624,,0.9540,,0.521,,-0.3684,,01/01/2023,12/31/2024,0.1644,,No,
JOHNSON MEMORIAL HOSPITAL,070008,CT,2026,0.9707,,-0.1237,,07/01/2022,06/30/2024,N/A,13,N/A,5,N/A,13,N/A,5,N/A,13,N/A,5,0.197,,-0.6994,,N/A,13,N/A,5,01/01/2023,12/31/2024,-0.4116,,No,
BRIDGEPORT HOSPITAL,070010,CT,2026,0.9174,,-0.4961,,07/01/2022,06/30/2024,0.542,,-0.1492,,0.264,,-0.6822,,0.947,,0.1657,,0.445,,0.2609,,1.181,,1.0109,,01/01/2023,12/31/2024,0.0183,,No,
CHARLOTTE HUNGERFORD HOSPITAL,070011,CT,2026,0.8337,,-1.0804,,07/01/2022,06/30/2024,0.269,,-0.7825,,0.170,,-0.9088,,0.296,,-0.9494,,0.316,,-0.2386,,1.728,,2.1541,,01/01/2023,12/31/2024,-0.3009,,No,
ROCKVILLE GENERAL HOSPITAL,070012,CT,2026,N/A,13,N/A,5,07/01/2022,06/30/2024,N/A,13,N/A,5,N/A,13,N/A,5,N/A,13,N/A,5,N/A,13,N/A,5,N/A,13,N/A,5,01/01/2023,12/31/2024,N/A,5,No,
SAINT MARY'S HOSPITAL,070016,CT,2026,0.9901,,0.0115,,07/01/2022,06/30/2024,0.303,,-0.7036,,0.334,,-0.5135,,0.558,,-0.5006,,0.301,,-0.2967,,0.605,,-0.1929,,01/01/2023,12/31/2024,-0.3660,,No,
MIDSTATE MEDICAL CENTER,070017,CT,2026,0.7124,,-1.4834,,07/01/2022,06/30/2024,0.150,,-1.0585,,0.000,,-1.3186,,0.690,,-0.2745,,0.189,,-0.7303,,0.337,,-0.7530,,01/01/2023,12/31/2024,-0.9364,,No,
GREENWICH HOSPITAL ASSOCIATION -,070018,CT,2026,0.9269,,-0.4297,,07/01/2022,06/30/2024,0.578,,-0.0656,,0.489,,-0.1399,,0.909,,0.1006,,0.372,,-0.0218,,0.428,,-0.5628,,01/01/2023,12/31/2024,-0.1865,,No,
MIDDLESEX HOSPITAL,070020,CT,2026,0.8273,,-1.1248,,07/01/2022,06/30/2024,0.231,,-0.8706,,0.332,,-0.5183,,2.188,,2.1717,,0.407,,0.1138,,0.183,,-1.0748,,01/01/2023,12/31/2024,-0.2172,,No,
WINDHAM COMMUNITY MEMORIAL HOSPITAL,070021,CT,2026,0.9281,,-0.4213,,07/01/2022,06/30/2024,N/A,13,N/A,5,N/A,13,N/A,5,N/A,13,N/A,5,0.223,,-0.5987,,N/A,13,N/A,5,01/01/2023,12/31/2024,-0.5100,,No,
YALE-NEW HAVEN HOSPITAL,070022,CT,2026,0.7064,,-1.4834,,07/01/2022,06/30/2024,0.770,,0.3798,,0.560,,0.0313,,0.829,,-0.0364,,0.489,,0.4313,,0.679,,-0.0382,,01/01/2023,12/31/2024,-0.1193,,No,
WILLIAM W BACKUS HOSPITAL,070024,CT,2026,0.7574,,-1.4834,,07/01/2022,06/30/2024,0.440,,-0.3858,,0.222,,-0.7835,,0.333,,-0.8860,,0.068,,-1.1989,,0.730,,0.0684,,01/01/2023,12/31/2024,-0.7782,,No,
HARTFORD HOSPITAL,070025,CT,2026,0.6667,,-1.4834,,07/01/2022,06/30/2024,0.513,,-0.2164,,0.223,,-0.7811,,0.712,,-0.2368,,0.433,,0.2144,,0.445,,-0.5273,,01/01/2023,12/31/2024,-0.5051,,No,
MANCHESTER MEMORIAL HOSPITAL,070027,CT,2026,0.8557,,-0.9266,,07/01/2022,06/30/2024,0.000,,-1.4065,,0.285,,-0.6316,,0.496,,-0.6068,,0.366,,-0.0450,,0.000,,-1.4573,,01/01/2023,12/31/2024,-0.8456,,No,
ST VINCENT'S MEDICAL CENTER,070028,CT,2026,0.8826,,-0.7390,,07/01/2022,06/30/2024,0.918,,0.7231,,0.195,,-0.8486,,0.815,,-0.0604,,0.280,,-0.3780,,0.851,,0.3212,,01/01/2023,12/31/2024,-0.1636,,No,
BRISTOL HOSPITAL,070029,CT,2026,1.1192,,0.9123,,07/01/2022,06/30/2024,0.000,,-1.4065,,0.261,,-0.6895,,0.000,,-1.4565,,1.002,,2.1931,,N/A,13,N/A,5,01/01/2023,12/31/2024,-0.0894,,No,
GRIFFIN HOSPITAL,070031,CT,2026,1.0176,,0.2036,,07/01/2022,06/30/2024,0.875,,0.6233,,0.565,,0.0433,,0.695,,-0.2659,,0.445,,0.2609,,1.124,,0.8918,,01/01/2023,12/31/2024,0.2928,,No,
DANBURY HOSPITAL,070033,CT,2026,0.9001,,-0.6169,,07/01/2022,06/30/2024,0.432,,-0.4043,,0.275,,-0.6557,,0.582,,-0.4595,,0.451,,0.2841,,0.256,,-0.9222,,01/01/2023,12/31/2024,-0.4624,,No,
NORWALK HOSPITAL,070034,CT,2026,0.9872,,-0.0091,,07/01/2022,06/30/2024,0.346,,-0.6038,,0.670,,0.2964,,0.722,,-0.2197,,0.155,,-0.8620,,0.932,,0.4905,,01/01/2023,12/31/2024,-0.1513,,No,
THE HOSPITAL OF CENTRAL CONNECTICUT,070035,CT,2026,1.0314,,0.2999,,07/01/2022,06/30/2024,0.231,,-0.8706,,0.105,,-1.0655,,1.084,,0.4004,,0.222,,-0.6026,,0.824,,0.2648,,01/01/2023,12/31/2024,-0.2623,,No,
JOHN DEMPSEY HOSPITAL OF THE UNIVERSITY OF CONNECT,070036,CT,2026,0.9985,,0.0699,,07/01/2022,06/30/2024,0.837,,0.5352,,1.047,,1.2052,,1.242,,0.6711,,0.327,,-0.1960,,0.768,,0.1478,,01/01/2023,12/31/2024,0.4055,,Yes,
THE CONNECTICUT HOSPICE INC.,070038,CT,2026,N/A,13,N/A,5,07/01/2022,06/30/2024,N/A,13,N/A,5,N/A,13,N/A,5,N/A,12,N/A,5,N/A,13,N/A,5,N/A,13,N/A,5,01/01/2023,12/31/2024,N/A,5,No,
CHRISTIANA HOSPITAL,080001,DE,2026,0.7714,,-1.4834,,07/01/2022,06/30/2024,0.833,,0.5259,,0.753,,0.4965,,0.953,,0.1760,,0.333,,-0.1728,,0.638,,-0.1239,,01/01/2023,12/31/2024,-0.0969,,No,
ST FRANCIS HOSPITAL,080003,DE,2026,0.8827,,-0.7383,,07/01/2022,06/30/2024,0.616,,0.0225,,0.326,,-0.5328,,0.654,,-0.3362,,0.361,,-0.0643,,0.000,,-1.4573,,01/01/2023,12/31/2024,-0.5177,,No,
"BAYHEALTH MEDICAL CENTER, KENT CAMPUS",080004,DE,2026,1.1612,,1.2061,,07/01/2022,06/30/2024,0.257,,-0.8103,,0.236,,-0.7497,,0.528,,-0.5520,,0.316,,-0.2386,,0.652,,-0.0947,,01/01/2023,12/31/2024,-0.2065,,No,
"TIDALHEALTH NANTICOKE, INC.",080006,DE,2026,0.8965,,-0.6419,,07/01/2022,06/30/2024,0.292,,-0.7291,,0.417,,-0.3134,,0.622,,-0.3910,,0.754,,1.4574,,0.621,,-0.1594,,01/01/2023,12/31/2024,-0.1296,,No,
BEEBE MEDICAL CENTER,080007,DE,2026,3.0420,,2.5111,,07/01/2022,06/30/2024,0.147,,-1.0655,,0.426,,-0.2917,,0.426,,-0.7267,,0.543,,0.6404,,0.847,,0.3129,,01/01/2023,12/31/2024,0.2301,,No,
"BAYHEALTH HOSPITAL, SUSSEX CAMPUS",080009,DE,2026,1.2741,,1.9941,,07/01/2022,06/30/2024,0.000,,-1.4065,,0.387,,-0.3857,,1.555,,1.2072,,0.340,,-0.1457,,0.191,,-1.0581,,01/01/2023,12/31/2024,0.0342,,No,
GEORGE WASHINGTON UNIV HOSPITAL,090001,DC,2026,1.3320,,2.3984,,07/01/2022,06/30/2024,0.782,,0.4076,,0.553,,0.0144,,0.772,,-0.1340,,0.312,,-0.2541,,0.515,,-0.3810,,01/01/2023,12/31/2024,0.3419,,No,
HOWARD UNIVERSITY HOSPITAL CORP,090003,DC,2026,1.6360,,2.5111,,07/01/2022,06/30/2024,0.553,,-0.1236,,0.732,,0.4459,,0.000,,-1.4565,,0.706,,1.2715,,1.151,,0.9482,,01/01/2023,12/31/2024,0.5994,,Yes,
MEDSTAR GEORGETOWN UNIVERSITY HOSPITAL,090004,DC,2026,1.1345,,1.0194,,07/01/2022,06/30/2024,0.834,,0.5282,,0.223,,-0.7811,,0.090,,-1.3023,,0.596,,0.8456,,0.637,,-0.1260,,01/01/2023,12/31/2024,0.0306,,No,
SIBLEY MEMORIAL HOSPITAL,090005,DC,2026,0.6806,,-1.4834,,07/01/2022,06/30/2024,1.009,,0.9342,,0.525,,-0.0531,,1.210,,0.6163,,0.473,,0.3693,,0.674,,-0.0487,,01/01/2023,12/31/2024,0.0558,,No,
UNITED MEDICAL CENTER,090008,DC,2026,0.9182,,-0.4902,,07/01/2022,06/30/2024,0.000,,-1.4065,,0.338,,-0.5039,,N/A,13,N/A,5,0.687,,1.1979,,0.859,,0.3380,,01/01/2023,12/31/2024,-0.1729,,No,
MEDSTAR WASHINGTON HOSPITAL CENTER,090011,DC,2026,0.7240,,-1.4834,,07/01/2022,06/30/2024,1.022,,0.9643,,0.158,,-0.9378,,0.810,,-0.0689,,0.198,,-0.6955,,0.723,,0.0537,,01/01/2023,12/31/2024,-0.3612,,No,
SHANDS JACKSONVILLE,100001,FL,2026,1.0395,,0.3565,,07/01/2022,06/30/2024,0.664,,0.1339,,0.610,,0.1518,,0.605,,-0.4201,,0.397,,0.0750,,1.017,,0.6682,,01/01/2023,12/31/2024,0.1609,,No,
BETHESDA HOSPITAL EAST,100002,FL,2026,1.0666,,0.5453,,07/01/2022,06/30/2024,0.735,,0.2986,,0.219,,-0.7907,,0.867,,0.0287,,0.338,,-0.1534,,0.912,,0.4487,,01/01/2023,12/31/2024,0.0629,,No,
ORLANDO HEALTH,100006,FL,2026,0.9947,,0.0433,,07/01/2022,06/30/2024,0.432,,-0.4043,,0.275,,-0.6557,,0.923,,0.1246,,0.232,,-0.5638,,0.785,,0.1833,,01/01/2023,12/31/2024,-0.2121,,No,
ADVENTHEALTH ORLANDO,100007,FL,2026,1.1013,,0.7876,,07/01/2022,06/30/2024,0.358,,-0.5760,,0.236,,-0.7497,,0.485,,-0.6257,,0.206,,-0.6645,,0.592,,-0.2200,,01/01/2023,12/31/2024,-0.3414,,No,
BAPTIST HOSPITAL OF MIAMI,100008,FL,2026,1.0335,,0.3141,,07/01/2022,06/30/2024,0.229,,-0.8752,,0.412,,-0.3255,,1.150,,0.5135,,0.259,,-0.4593,,0.825,,0.2669,,01/01/2023,12/31/2024,-0.0943,,No,
LEE MEMORIAL HOSPITAL,100012,FL,2026,0.9453,,-0.3011,,07/01/2022,06/30/2024,0.366,,-0.5574,,0.193,,-0.8534,,0.886,,0.0612,,0.227,,-0.5832,,0.235,,-0.9661,,01/01/2023,12/31/2024,-0.5333,,No,
ADVENTHEALTH NEW SMYRNA BEACH,100014,FL,2026,0.8277,,-1.1223,,07/01/2022,06/30/2024,1.037,,0.9991,,0.678,,0.3157,,0.765,,-0.1460,,0.352,,-0.0992,,0.350,,-0.7258,,01/01/2023,12/31/2024,-0.1297,,No,
HALIFAX HEALTH MEDICAL CENTER,100017,FL,2026,1.2207,,1.6213,,07/01/2022,06/30/2024,0.376,,-0.5342,,0.474,,-0.1760,,0.405,,-0.7627,,0.661,,1.0973,,0.914,,0.4529,,01/01/2023,12/31/2024,0.2831,,No,
NAPLES COMMUNITY HOSPITAL,100018,FL,2026,0.9306,,-0.4037,,07/01/2022,06/30/2024,0.827,,0.5120,,0.625,,0.1880,,1.000,,0.2565,,0.189,,-0.7303,,1.211,,1.0736,,01/01/2023,12/31/2024,0.1493,,No,
HOLMES REGIONAL MEDICAL CENTER,100019,FL,2026,0.8561,,-0.9239,,07/01/2022,06/30/2024,0.331,,-0.6386,,0.139,,-0.9836,,0.754,,-0.1649,,0.184,,-0.7497,,1.023,,0.6807,,01/01/2023,12/31/2024,-0.4633,,No,
JACKSON HEALTH SYSTEM,100022,FL,2026,1.2601,,1.8962,,07/01/2022,06/30/2024,0.177,,-0.9959,,0.223,,-0.7811,,0.640,,-0.3602,,0.221,,-0.6064,,0.964,,0.5574,,01/01/2023,12/31/2024,-0.0483,,No,
HCA FLORIDA CITRUS HOSPITAL,100023,FL,2026,0.8649,,-0.8629,,07/01/2022,06/30/2024,0.825,,0.5073,,0.443,,-0.2508,,1.481,,1.0805,,0.078,,-1.1601,,0.715,,0.0370,,01/01/2023,12/31/2024,-0.1082,,No,
SACRED HEART HOSPITAL,100025,FL,2026,0.7734,29,-1.4834,29,07/01/2022,06/30/2024,0.062,29,-1.2627,29,0.444,29,-0.2483,29,0.984,29,0.2291,29,0.492,29,0.4429,29,0.607,29,-0.1887,29,01/01/2023,12/31/2024,-0.4185,,No,
ASCENSION SACRED HEART BAY,100026,FL,2026,1.1040,29,0.8068,29,07/01/2022,06/30/2024,0.707,29,0.2336,29,0.854,29,0.7400,29,0.000,29,-1.4565,29,0.205,29,-0.6684,29,2.537,29,2.2251,29,01/01/2023,12/31/2024,0.3134,,No,
PARRISH MEDICAL CENTER,100028,FL,2026,1.0909,,0.7148,,07/01/2022,06/30/2024,2.383,,2.2402,,0.474,,-0.1760,,0.547,,-0.5195,,0.277,,-0.3896,,1.867,,2.2251,,01/01/2023,12/31/2024,0.6825,,Yes,
NORTH SHORE MEDICAL CENTER,100029,FL,2026,0.8909,,-0.6813,,07/01/2022,06/30/2024,1.011,,0.9388,,0.216,,-0.7979,,0.604,,-0.4218,,0.013,,-1.4118,,2.903,,2.2251,,01/01/2023,12/31/2024,-0.0248,,No,
ORLANDO HEALTH-HEALTH CENTRAL HOSPITAL,100030,FL,2026,1.0156,,0.1892,,07/01/2022,06/30/2024,1.137,,1.2311,,0.920,,0.8991,,1.576,,1.2432,,0.098,,-1.0827,,0.965,,0.5595,,01/01/2023,12/31/2024,0.5066,,Yes,
ORLANDO HEALTH BAYFRONT HOSPITAL,100032,FL,2026,0.9805,,-0.0557,,07/01/2022,06/30/2024,0.341,,-0.6154,,0.366,,-0.4364,,1.314,,0.7944,,0.075,,-1.1718,,1.321,,1.3035,,01/01/2023,12/31/2024,-0.0302,,No,
"MOUNT SINAI MEDICAL CENTER OF FLORIDA, INC",100034,FL,2026,1.1037,,0.8042,,07/01/2022,06/30/2024,1.790,,2.2402,,0.579,,0.0771,,1.822,,1.6646,,0.459,,0.3151,,0.435,,-0.5482,,01/01/2023,12/31/2024,0.7589,,Yes,
MANATEE MEMORIAL HOSPITAL,100035,FL,2026,0.8154,,-1.2085,,07/01/2022,06/30/2024,0.516,,-0.2095,,0.230,,-0.7642,,1.181,,0.5666,,0.154,,-0.8659,,1.330,,1.3223,,01/01/2023,12/31/2024,-0.1932,,No,
MEMORIAL REGIONAL HOSPITAL,100038,FL,2026,1.0020,,0.0943,,07/01/2022,06/30/2024,0.632,,0.0596,,0.688,,0.3398,,0.414,,-0.7473,,0.383,,0.0208,,0.724,,0.0558,,01/01/2023,12/31/2024,-0.0295,,No,
BROWARD HEALTH MEDICAL CENTER,100039,FL,2026,0.9221,,-0.4630,,07/01/2022,06/30/2024,0.258,,-0.8080,,0.211,,-0.8100,,0.475,,-0.6428,,0.171,,-0.8000,,1.027,,0.6891,,01/01/2023,12/31/2024,-0.4725,,No,
ASCENSION ST VINCENT'S RIVERSIDE,100040,FL,2026,0.8202,29,-1.1749,29,07/01/2022,06/30/2024,0.723,29,0.2707,29,0.374,29,-0.4171,29,0.778,29,-0.1238,29,0.285,29,-0.3586,29,1.147,29,0.9398,29,01/01/2023,12/31/2024,-0.1440,,No,
MEASE DUNEDIN HOSPITAL,100043,FL,2026,1.0811,,0.6470,,07/01/2022,06/30/2024,N/A,13,N/A,5,0.995,,1.0798,,0.000,,-1.4565,,0.601,,0.8649,,0.291,,-0.8491,,01/01/2023,12/31/2024,0.0572,,No,
CLEVELAND CLINIC MARTIN NORTH HOSPITAL,100044,FL,2026,0.9028,,-0.5981,,07/01/2022,06/30/2024,0.091,,-1.1954,,0.352,,-0.4701,,0.442,,-0.6993,,0.450,,0.2803,,0.595,,-0.2138,,01/01/2023,12/31/2024,-0.4827,,No,
ADVENTHEALTH DELAND,100045,FL,2026,1.1239,,0.9456,,07/01/2022,06/30/2024,0.150,,-1.0585,,0.177,,-0.8920,,0.404,,-0.7644,,0.203,,-0.6761,,1.029,,0.6932,,01/01/2023,12/31/2024,-0.2920,,No,
Adventhealth Zephyrhills,100046,FL,2026,0.7593,,-1.4834,,07/01/2022,06/30/2024,0.273,,-0.7732,,0.921,,0.9015,,0.685,,-0.2831,,0.089,,-1.1175,,0.540,,-0.3287,,01/01/2023,12/31/2024,-0.5141,,No,
SHOREPOINT HEALTH PUNTA GORDA,100047,FL,2026,0.8360,,-1.0642,,07/01/2022,06/30/2024,0.000,29,-1.4065,29,0.000,29,-1.3186,29,0.000,29,-1.4565,29,0.236,29,-0.5484,29,N/A,13,N/A,5,01/01/2023,12/31/2024,-1.1588,,No,
HCA FLORIDA HIGHLANDS HOSPITAL,100049,FL,2026,1.0197,,0.2177,,07/01/2022,06/30/2024,0.462,,-0.3347,,0.000,,-1.3186,,N/A,13,N/A,5,0.000,,-1.4622,,0.917,,0.4592,,01/01/2023,12/31/2024,-0.4877,,No,
LARKIN COMMUNITY HOSPITAL PALM SPRINGS CAMPUS,100050,FL,2026,0.9387,,-0.3471,,07/01/2022,06/30/2024,0.000,,-1.4065,,0.275,,-0.6557,,0.000,,-1.4565,,0.863,,1.8794,,1.058,,0.7538,,01/01/2023,12/31/2024,-0.2054,,No,
ORLANDO HEALTH SOUTH LAKE HOSPITAL,100051,FL,2026,0.7098,,-1.4834,,07/01/2022,06/30/2024,0.144,,-1.0724,,0.000,,-1.3186,,1.209,,0.6145,,0.278,,-0.3857,,1.250,,1.1551,,01/01/2023,12/31/2024,-0.4151,,No,
WINTER HAVEN HOSPITAL,100052,FL,2026,1.0767,,0.6162,,07/01/2022,06/30/2024,0.494,,-0.2605,,0.464,,-0.2001,,0.814,,-0.0621,,0.257,,-0.4670,,0.469,,-0.4771,,01/01/2023,12/31/2024,-0.1418,,No,
HIALEAH HOSPITAL,100053,FL,2026,1.0851,,0.6749,,07/01/2022,06/30/2024,0.943,,0.7811,,0.303,,-0.5882,,0.000,,-1.4565,,0.000,,-1.4622,,2.681,,2.2251,,01/01/2023,12/31/2024,0.0290,,No,
HCA FLORIDA TWIN CITIES HOSPITAL,100054,FL,2026,0.8708,,-0.8215,,07/01/2022,06/30/2024,N/A,13,N/A,5,0.000,,-1.3186,,0.371,,-0.8210,,0.000,,-1.4622,,N/A,13,N/A,5,01/01/2023,12/31/2024,-1.1058,,No,
ADVENTHEALTH NORTH PINELLAS,100055,FL,2026,0.8412,,-1.0279,,07/01/2022,06/30/2024,1.307,,1.6255,,0.603,,0.1349,,1.584,,1.2569,,0.362,,-0.0605,,1.334,,1.3306,,01/01/2023,12/31/2024,0.5433,,Yes,
ADVENTHEALTH WATERMAN,100057,FL,2026,1.0889,,0.7013,,07/01/2022,06/30/2024,0.752,,0.3380,,0.731,,0.4435,,1.397,,0.9366,,0.233,,-0.5600,,0.596,,-0.2117,,01/01/2023,12/31/2024,0.2746,,No,
ADVENTHEALTH OCALA,100062,FL,2026,0.7842,,-1.4259,,07/01/2022,06/30/2024,0.078,,-1.2255,,0.000,,-1.3186,,0.158,,-1.1858,,0.058,,-1.2376,,0.211,,-1.0163,,01/01/2023,12/31/2024,-1.2350,,No,
MORTON PLANT NORTH BAY HOSPITAL,100063,FL,2026,0.8219,,-1.1631,,07/01/2022,06/30/2024,0.099,,-1.1768,,0.436,,-0.2676,,1.206,,0.6094,,0.310,,-0.2618,,0.145,,-1.1542,,01/01/2023,12/31/2024,-0.5690,,No,
ST ANTHONYS HOSPITAL,100067,FL,2026,0.8340,,-1.0782,,07/01/2022,06/30/2024,1.257,,1.5095,,1.374,,1.9934,,0.666,,-0.3156,,0.212,,-0.6413,,0.407,,-0.6067,,01/01/2023,12/31/2024,0.1435,,No,
ADVENTHEALTH DAYTONA BEACH,100068,FL,2026,0.8830,,-0.7361,,07/01/2022,06/30/2024,0.458,,-0.3440,,0.789,,0.5833,,0.956,,0.1812,,0.409,,0.1215,,0.571,,-0.2639,,01/01/2023,12/31/2024,-0.0763,,No,
AdventHealth Carrollwood,100069,FL,2026,0.8826,,-0.7391,,07/01/2022,06/30/2024,0.000,,-1.4065,,0.000,,-1.3186,,0.260,,-1.0111,,0.320,,-0.2231,,0.335,,-0.7571,,01/01/2023,12/31/2024,-0.9093,,No,
TAMPA GENERAL HOSPITAL BROOKSVILLE,100071,FL,2026,0.8560,,-0.9244,,07/01/2022,06/30/2024,0.186,,-0.9750,,0.000,,-1.3186,,0.000,,-1.4565,,0.412,,0.1331,,1.616,,1.9200,,01/01/2023,12/31/2024,-0.4369,,No,
ADVENTHEALTH FISH MEMORIAL,100072,FL,2026,0.9895,,0.0070,,07/01/2022,06/30/2024,0.730,,0.2870,,0.134,,-0.9956,,0.468,,-0.6548,,0.138,,-0.9278,,0.434,,-0.5502,,01/01/2023,12/31/2024,-0.4724,,No,
HOLY CROSS HOSPITAL,100073,FL,2026,1.1417,,1.0697,,07/01/2022,06/30/2024,0.735,,0.2986,,0.462,,-0.2050,,0.558,,-0.5006,,0.306,,-0.2773,,0.143,,-1.1584,,01/01/2023,12/31/2024,-0.1288,,No,
ST JOSEPHS HOSPITAL,100075,FL,2026,0.8713,,-0.8178,,07/01/2022,06/30/2024,0.367,,-0.5551,,0.542,,-0.0121,,0.602,,-0.4252,,0.190,,-0.7265,,0.513,,-0.3851,,01/01/2023,12/31/2024,-0.4870,,No,
Adventhealth Port Charlotte,100077,FL,2026,1.2593,,1.8905,,07/01/2022,06/30/2024,0.000,,-1.4065,,0.000,,-1.3186,,0.000,,-1.4565,,0.171,,-0.8000,,0.200,,-1.0393,,01/01/2023,12/31/2024,-0.6884,,No,
HCA FLORIDA JFK HOSPITAL,100080,FL,2026,1.1438,,1.0842,,07/01/2022,06/30/2024,0.677,,0.1640,,0.100,,-1.0776,,0.645,,-0.3516,,0.104,,-1.0595,,0.957,,0.5428,,01/01/2023,12/31/2024,-0.1163,,No,
UF HEALTH LEESBURG HOSPITAL,100084,FL,2026,0.8392,,-1.0423,,07/01/2022,06/30/2024,0.795,,0.4377,,0.887,,0.8195,,1.384,,0.9143,,0.150,,-0.8814,,1.737,,2.1729,,01/01/2023,12/31/2024,0.4035,,Yes,
BROWARD HEALTH NORTH,100086,FL,2026,1.0490,,0.4228,,07/01/2022,06/30/2024,0.627,,0.0480,,0.118,,-1.0342,,0.451,,-0.6839,,0.021,,-1.3808,,0.676,,-0.0445,,01/01/2023,12/31/2024,-0.4454,,No,
SARASOTA MEMORIAL HOSPITAL,100087,FL,2026,0.7397,,-1.4834,,07/01/2022,06/30/2024,0.754,,0.3426,,0.485,,-0.1495,,0.632,,-0.3739,,0.491,,0.4390,,0.383,,-0.6568,,01/01/2023,12/31/2024,-0.3137,,No,
BAPTIST HEALTH MEDICAL CENTER - JACKSONVILLE,100088,FL,2026,1.1725,,1.2849,,07/01/2022,06/30/2024,0.767,,0.3728,,0.596,,0.1181,,0.446,,-0.6925,,0.170,,-0.8039,,1.281,,1.2199,,01/01/2023,12/31/2024,0.2499,,No,
FLAGLER HOSPITAL,100090,FL,2026,0.9446,,-0.3064,,07/01/2022,06/30/2024,1.018,,0.9551,,0.686,,0.3350,,0.385,,-0.7970,,0.170,,-0.8039,,1.257,,1.1697,,01/01/2023,12/31/2024,0.0921,,No,
ORLANDO HEALTH ROCKLEDGE HOSPITAL,100092,FL,2026,0.8624,,-0.8802,,07/01/2022,06/30/2024,0.404,,-0.4693,,0.114,,-1.0438,,0.257,,-1.0162,,0.110,,-1.0362,,1.054,,0.7455,,01/01/2023,12/31/2024,-0.6167,,No,
BAPTIST HOSPITAL,100093,FL,2026,1.0146,,0.1824,,07/01/2022,06/30/2024,0.408,,-0.4600,,0.000,,-1.3186,,1.301,,0.7721,,0.560,,0.7062,,0.663,,-0.0717,,01/01/2023,12/31/2024,-0.0316,,No,
ADVENTHEALTH LAKE WALES,100099,FL,2026,1.0490,,0.4226,,07/01/2022,06/30/2024,0.000,,-1.4065,,0.617,,0.1687,,0.000,,-1.4565,,0.298,,-0.3083,,0.740,,0.0893,,01/01/2023,12/31/2024,-0.4151,,No,
CLEVELAND CLINIC INDIAN RIVER HOSPITAL,100105,FL,2026,0.7598,,-1.4834,,07/01/2022,06/30/2024,0.407,,-0.4623,,0.784,,0.5712,,1.158,,0.5272,,0.493,,0.4468,,0.346,,-0.7342,,01/01/2023,12/31/2024,-0.1891,,No,
HCA FLORIDA LEHIGH REGIONAL MEDICAL CENTER,100107,FL,2026,0.9313,,-0.3988,,07/01/2022,06/30/2024,0.675,,0.1594,,1.527,,2.3622,,N/A,13,N/A,5,0.453,,0.2919,,N/A,13,N/A,5,01/01/2023,12/31/2024,0.6037,,Yes,
ADVENTHEALTH SEBRING,100109,FL,2026,0.9651,,-0.1631,,07/01/2022,06/30/2024,0.205,,-0.9309,,0.175,,-0.8968,,0.000,,-1.4565,,0.501,,0.4777,,1.637,,1.9639,,01/01/2023,12/31/2024,-0.1676,,No,
HCA FLORIDA OSCEOLA HOSPITAL,100110,FL,2026,1.2664,,1.9403,,07/01/2022,06/30/2024,0.073,,-1.2371,,0.000,,-1.3186,,0.748,,-0.1751,,0.009,,-1.4273,,0.594,,-0.2159,,01/01/2023,12/31/2024,-0.4056,,No,
UF HEALTH SHANDS HOSPITAL,100113,FL,2026,1.1009,,0.7846,,07/01/2022,06/30/2024,0.455,,-0.3510,,0.215,,-0.8004,,0.407,,-0.7593,,0.450,,0.2803,,0.916,,0.4571,,01/01/2023,12/31/2024,-0.0648,,No,
BAPTIST MEDICAL CENTER  BEACHES,100117,FL,2026,1.0539,,0.4568,,07/01/2022,06/30/2024,0.316,,-0.6734,,0.000,,-1.3186,,0.487,,-0.6222,,0.080,,-1.1524,,0.946,,0.5198,,01/01/2023,12/31/2024,-0.4650,,No,
AdventHealth Palm Coast,100118,FL,2026,0.8811,,-0.7496,,07/01/2022,06/30/2024,0.445,,-0.3742,,1.753,,2.3863,,0.290,,-0.9597,,0.332,,-0.1766,,1.010,,0.6535,,01/01/2023,12/31/2024,0.1300,,No,
BARTOW REGIONAL MEDICAL CENTER,100121,FL,2026,1.0955,,0.7473,,07/01/2022,06/30/2024,1.255,,1.5049,,1.292,,1.7958,,1.208,,0.6128,,0.341,,-0.1418,,0.000,,-1.4573,,01/01/2023,12/31/2024,0.5103,,Yes,
NORTH OKALOOSA MEDICAL CENTER,100122,FL,2026,0.7620,,-1.4834,,07/01/2022,06/30/2024,0.667,,0.1408,,0.806,,0.6243,,1.588,,1.2638,,0.287,,-0.3509,,1.060,,0.7580,,01/01/2023,12/31/2024,0.1588,,No,
SANTA ROSA MEDICAL CENTER,100124,FL,2026,0.8800,,-0.7574,,07/01/2022,06/30/2024,0.357,,-0.5783,,0.250,,-0.7160,,0.324,,-0.9015,,0.876,,1.9298,,1.580,,1.8448,,01/01/2023,12/31/2024,0.1369,,No,
HOMESTEAD HOSPITAL,100125,FL,2026,0.8863,,-0.7131,,07/01/2022,06/30/2024,0.472,,-0.3115,,2.153,,2.3863,,1.245,,0.6762,,0.044,,-1.2918,,0.278,,-0.8763,,01/01/2023,12/31/2024,-0.0217,,No,
HCA FLORIDA PASADENA HOSPITAL A PART OF HCA FLORID,100126,FL,2026,0.8154,,-1.2082,,07/01/2022,06/30/2024,0.000,,-1.4065,,0.000,,-1.3186,,0.473,,-0.6462,,0.000,,-1.4622,,0.000,,-1.4573,,01/01/2023,12/31/2024,-1.2498,,No,
MORTON PLANT HOSPITAL,100127,FL,2026,1.0100,,0.1506,,07/01/2022,06/30/2024,0.699,,0.2151,,0.736,,0.4555,,1.050,,0.3422,,0.270,,-0.4167,,0.516,,-0.3789,,01/01/2023,12/31/2024,0.0613,,No,
TAMPA GENERAL HOSPITAL,100128,FL,2026,1.4660,,2.5111,,07/01/2022,06/30/2024,1.078,,1.0942,,0.475,,-0.1736,,0.657,,-0.3310,,0.395,,0.0673,,1.150,,0.9461,,01/01/2023,12/31/2024,0.6857,,Yes,
LAKESIDE MEDICAL CENTER,100130,FL,2026,0.9862,,-0.0159,,07/01/2022,06/30/2024,N/A,13,N/A,5,N/A,13,N/A,5,N/A,13,N/A,5,0.000,,-1.4622,,N/A,13,N/A,5,01/01/2023,12/31/2024,-0.7390,,No,
HCA FLORIDA AVENTURA HOSPITAL,100131,FL,2026,0.8959,,-0.6461,,07/01/2022,06/30/2024,0.479,,-0.2953,,0.103,,-1.0703,,0.856,,0.0099,,0.012,,-1.4157,,0.449,,-0.5189,,01/01/2023,12/31/2024,-0.6561,,No,
SOUTH FLORIDA BAPTIST HOSPITAL,100132,FL,2026,0.9881,,-0.0025,,07/01/2022,06/30/2024,1.150,,1.2613,,0.855,,0.7424,,0.638,,-0.3636,,0.216,,-0.6258,,1.258,,1.1718,,01/01/2023,12/31/2024,0.3639,,No,
ED FRASER MEMORIAL HOSPITAL,100134,FL,2026,N/A,13,N/A,5,07/01/2022,06/30/2024,N/A,13,N/A,5,N/A,13,N/A,5,N/A,13,N/A,5,0.000,,-1.4622,,N/A,13,N/A,5,01/01/2023,12/31/2024,-1.4622,,No,
TALLAHASSEE MEMORIAL HEALTHCARE,100135,FL,2026,0.8974,,-0.6354,,07/01/2022,06/30/2024,0.573,,-0.0772,,0.213,,-0.8052,,0.954,,0.1777,,0.550,,0.6675,,0.925,,0.4759,,01/01/2023,12/31/2024,-0.0328,,No,
ADVENTHEALTH HEART OF FLORIDA,100137,FL,2026,0.9532,,-0.2461,,07/01/2022,06/30/2024,0.331,,-0.6386,,0.438,,-0.2628,,0.797,,-0.0912,,0.103,,-1.0633,,0.778,,0.1687,,01/01/2023,12/31/2024,-0.3556,,No,
BAPTIST MEDICAL CENTER - NASSAU,100140,FL,2026,1.0748,,0.6026,,07/01/2022,06/30/2024,N/A,13,N/A,5,0.000,,-1.3186,,0.333,,-0.8860,,0.134,,-0.9433,,0.942,,0.5114,,01/01/2023,12/31/2024,-0.4068,,No,
JACKSON HOSPITAL,100142,FL,2026,1.0903,,0.7112,,07/01/2022,06/30/2024,N/A,13,N/A,5,1.799,,2.3863,,2.511,,2.1717,,0.795,,1.6161,,0.920,,0.4654,,01/01/2023,12/31/2024,1.4701,,Yes,
LOWER KEYS MEDICAL CENTER,100150,FL,2026,0.9950,,0.0460,,07/01/2022,06/30/2024,N/A,13,N/A,5,0.000,,-1.3186,,1.115,,0.4535,,0.346,,-0.1224,,N/A,13,N/A,5,01/01/2023,12/31/2024,-0.2354,,No,
MAYO CLINIC,100151,FL,2026,0.9376,,-0.3548,,07/01/2022,06/30/2024,0.551,,-0.1283,,0.458,,-0.2146,,0.877,,0.0458,,0.329,,-0.1883,,0.288,,-0.8554,,01/01/2023,12/31/2024,-0.2826,,No,
SOUTH MIAMI HOSPITAL,100154,FL,2026,0.7615,,-1.4834,,07/01/2022,06/30/2024,0.276,,-0.7662,,0.000,,-1.3186,,0.470,,-0.6514,,0.258,,-0.4632,,0.464,,-0.4876,,01/01/2023,12/31/2024,-0.8617,,No,
HCA FLORIDA LAKE CITY HOSPITAL,100156,FL,2026,0.8329,,-1.0862,,07/01/2022,06/30/2024,0.977,,0.8600,,0.551,,0.0096,,0.370,,-0.8227,,0.153,,-0.8697,,0.000,,-1.4573,,01/01/2023,12/31/2024,-0.5611,,No,
LAKELAND REGIONAL MEDICAL CENTER,100157,FL,2026,1.5466,,2.5111,,07/01/2022,06/30/2024,1.287,,1.5791,,0.487,,-0.1447,,0.683,,-0.2865,,0.426,,0.1873,,1.289,,1.2366,,01/01/2023,12/31/2024,0.8472,,Yes,
CENTRAL FLORIDA LAKE MONROE HOSPITAL,100161,FL,2026,0.9936,,0.0358,,07/01/2022,06/30/2024,1.196,,1.3680,,0.636,,0.2145,,1.127,,0.4741,,0.177,,-0.7768,,1.363,,1.3912,,01/01/2023,12/31/2024,0.4511,,Yes,
HCA FLORIDA SARASOTA DOCTORS HOSPITAL,100166,FL,2026,0.7203,,-1.4834,,07/01/2022,06/30/2024,0.000,,-1.4065,,0.481,,-0.1592,,0.702,,-0.2539,,0.150,,-0.8814,,0.298,,-0.8345,,01/01/2023,12/31/2024,-0.8365,,No,
HCA FLORIDA MERCY HOSPITAL,100167,FL,2026,1.1386,,1.0479,,07/01/2022,06/30/2024,1.602,,2.2402,,0.000,,-1.3186,,1.435,,1.0017,,0.091,,-1.1098,,0.684,,-0.0278,,01/01/2023,12/31/2024,0.3056,,No,
BOCA RATON REGIONAL HOSPITAL,100168,FL,2026,1.1811,,1.3448,,07/01/2022,06/30/2024,0.507,,-0.2303,,0.560,,0.0313,,0.576,,-0.4698,,0.230,,-0.5716,,0.445,,-0.5273,,01/01/2023,12/31/2024,-0.0705,,No,
ADVENTHEALTH TAMPA,100173,FL,2026,1.2150,,1.5815,,07/01/2022,06/30/2024,0.880,,0.6349,,0.782,,0.5664,,0.686,,-0.2814,,0.321,,-0.2192,,0.770,,0.1520,,01/01/2023,12/31/2024,0.4057,,Yes,
DESOTO MEMORIAL HOSPITAL,100175,FL,2026,0.9755,,-0.0906,,07/01/2022,06/30/2024,N/A,13,N/A,5,N/A,13,N/A,5,N/A,13,N/A,5,1.005,,2.1931,,N/A,13,N/A,5,01/01/2023,12/31/2024,1.0512,,Yes,
PALM BEACH GARDENS MEDICAL CENTER,100176,FL,2026,1.0716,,0.5806,,07/01/2022,06/30/2024,0.633,,0.0619,,0.649,,0.2458,,1.080,,0.3936,,0.410,,0.1254,,0.304,,-0.8219,,01/01/2023,12/31/2024,0.0976,,No,
CAPE CANAVERAL HOSPITAL,100177,FL,2026,0.9728,,-0.1095,,07/01/2022,06/30/2024,0.000,,-1.4065,,0.208,,-0.8172,,0.379,,-0.8072,,0.167,,-0.8155,,1.177,,1.0025,,01/01/2023,12/31/2024,-0.4922,,No,
HCA FLORIDA MEMORIAL HOSPITAL,100179,FL,2026,1.5732,,2.5111,,07/01/2022,06/30/2024,0.305,,-0.6989,,0.000,,-1.3186,,0.272,,-0.9905,,0.046,,-1.2840,,0.994,,0.6201,,01/01/2023,12/31/2024,-0.1935,,No,
HCA FLORIDA ST PETERSBURG HOSPITAL,100180,FL,2026,0.8926,,-0.6694,,07/01/2022,06/30/2024,0.000,,-1.4065,,0.255,,-0.7039,,0.884,,0.0578,,0.112,,-1.0285,,1.074,,0.7873,,01/01/2023,12/31/2024,-0.4939,,No,
LARKIN COMMUNITY HOSPITAL,100181,FL,2026,0.9137,,-0.5221,,07/01/2022,06/30/2024,0.443,,-0.3788,,0.000,,-1.3186,,N/A,13,N/A,5,0.191,,-0.7226,,1.051,,0.7392,,01/01/2023,12/31/2024,-0.4406,,No,
CORAL GABLES HOSPITAL,100183,FL,2026,0.9197,,-0.4798,,07/01/2022,06/30/2024,N/A,13,N/A,5,0.000,,-1.3186,,0.000,,-1.4565,,0.295,,-0.3199,,1.324,,1.3097,,01/01/2023,12/31/2024,-0.4530,,No,
PALMETTO GENERAL HOSPITAL,100187,FL,2026,0.9230,,-0.4573,,07/01/2022,06/30/2024,0.269,,-0.7825,,0.700,,0.3687,,1.324,,0.8115,,0.140,,-0.9201,,0.807,,0.2293,,01/01/2023,12/31/2024,-0.1250,,No,
HCA FLORIDA NORTHWEST HOSPITAL,100189,FL,2026,0.8783,,-0.7691,,07/01/2022,06/30/2024,0.357,,-0.5783,,0.239,,-0.7425,,1.043,,0.3302,,0.181,,-0.7613,,0.859,,0.3380,,01/01/2023,12/31/2024,-0.3639,,No,
HCA FLORIDA TRINITY HOSPITAL,100191,FL,2026,0.8581,,-0.9103,,07/01/2022,06/30/2024,0.393,,-0.4948,,0.268,,-0.6726,,0.372,,-0.8192,,0.197,,-0.6994,,1.201,,1.0527,,01/01/2023,12/31/2024,-0.4239,,No,
BROWARD HEALTH IMPERIAL POINT,100200,FL,2026,1.0256,,0.2594,,07/01/2022,06/30/2024,0.520,,-0.2002,,0.487,,-0.1447,,0.425,,-0.7284,,0.117,,-1.0091,,0.825,,0.2669,,01/01/2023,12/31/2024,-0.2594,,No,
HCA FLORIDA NORTH FLORIDA HOSPITAL,100204,FL,2026,0.6557,,-1.4834,,07/01/2022,06/30/2024,0.126,,-1.1142,,0.503,,-0.1061,,0.943,,0.1589,,0.115,,-1.0169,,0.688,,-0.0194,,01/01/2023,12/31/2024,-0.5968,,No,
HCA FLORIDA SOUTH TAMPA HOSPITAL,100206,FL,2026,0.7285,,-1.4834,,07/01/2022,06/30/2024,N/A,13,N/A,5,0.632,,0.2048,,0.000,,-1.4565,,0.000,,-1.4622,,0.595,,-0.2138,,01/01/2023,12/31/2024,-0.8822,,No,
HCA FLORIDA KENDALL HOSPITAL,100209,FL,2026,0.8450,,-1.0013,,07/01/2022,06/30/2024,0.477,,-0.2999,,0.000,,-1.3186,,0.935,,0.1452,,0.037,,-1.3189,,0.425,,-0.5691,,01/01/2023,12/31/2024,-0.7271,,No,
ADVENTHEALTH DADE CITY,100211,FL,2026,0.8932,,-0.6653,,07/01/2022,06/30/2024,0.000,,-1.4065,,0.000,,-1.3186,,0.000,,-1.4565,,0.000,,-1.4622,,0.636,,-0.1281,,01/01/2023,12/31/2024,-1.0729,,No,
MARION COMMUNTIY HOSPITAL,100212,FL,2026,2.1093,,2.5111,,07/01/2022,06/30/2024,0.134,,-1.0956,,0.028,,-1.2511,,0.457,,-0.6736,,0.033,,-1.3344,,0.309,,-0.8115,,01/01/2023,12/31/2024,-0.4425,,No,
HCA FLORIDA BLAKE HOSPITAL,100213,FL,2026,0.9228,,-0.4587,,07/01/2022,06/30/2024,0.284,,-0.7477,,0.223,,-0.7811,,0.235,,-1.0539,,0.146,,-0.8968,,0.229,,-0.9787,,01/01/2023,12/31/2024,-0.8195,,No,
ORLANDO HEALTH SEBASTIAN RIVER HOSPITAL,100217,FL,2026,0.9278,,-0.4234,,07/01/2022,06/30/2024,0.585,,-0.0494,,0.382,,-0.3978,,0.694,,-0.2677,,0.288,,-0.3470,,3.743,,2.2251,,01/01/2023,12/31/2024,0.1233,,No,
GULF COAST MEDICAL CENTER LEE HEALTH,100220,FL,2026,1.0800,,0.6392,,07/01/2022,06/30/2024,0.529,,-0.1793,,0.049,,-1.2005,,0.681,,-0.2899,,0.301,,-0.2967,,0.508,,-0.3956,,01/01/2023,12/31/2024,-0.2871,,No,
HCA FLORIDA FORT WALTON-DESTIN HOSPITAL,100223,FL,2026,0.9553,,-0.2319,,07/01/2022,06/30/2024,0.717,,0.2568,,0.296,,-0.6051,,0.312,,-0.9220,,0.106,,-1.0517,,0.847,,0.3129,,01/01/2023,12/31/2024,-0.3735,,No,
UNIVERSITY HOSPITAL AND MEDICAL CENTER,100224,FL,2026,0.8533,,-0.9435,,07/01/2022,06/30/2024,1.219,,1.4213,,0.000,,-1.3186,,1.065,,0.3679,,0.201,,-0.6839,,0.000,,-1.4573,,01/01/2023,12/31/2024,-0.4357,,No,
HCA FLORIDA ORANGE PARK HOSPITAL,100226,FL,2026,0.7490,,-1.4834,,07/01/2022,06/30/2024,0.596,,-0.0239,,0.602,,0.1325,,1.952,,1.8873,,0.160,,-0.8426,,0.849,,0.3171,,01/01/2023,12/31/2024,-0.0022,,No,
WESTSIDE REGIONAL MEDICAL CENTER,100228,FL,2026,0.9069,,-0.5695,,07/01/2022,06/30/2024,0.101,,-1.1722,,0.115,,-1.0414,,0.293,,-0.9546,,0.048,,-1.2763,,0.378,,-0.6673,,01/01/2023,12/31/2024,-0.9469,,No,
MEMORIAL HOSPITAL PEMBROKE,100230,FL,2026,0.9492,,-0.2744,,07/01/2022,06/30/2024,0.604,,-0.0053,,0.237,,-0.7473,,0.573,,-0.4749,,0.481,,0.4003,,1.276,,1.2094,,01/01/2023,12/31/2024,0.0180,,No,
HCA FLORIDA WEST HOSPITAL,100231,FL,2026,0.8786,,-0.7673,,07/01/2022,06/30/2024,0.210,,-0.9193,,0.136,,-0.9908,,1.320,,0.8047,,0.024,,-1.3692,,0.468,,-0.4792,,01/01/2023,12/31/2024,-0.6202,,No,
HCA FLORIDA PUTNAM HOSPITAL,100232,FL,2026,0.9811,,-0.0514,,07/01/2022,06/30/2024,0.991,,0.8924,,0.330,,-0.5231,,1.253,,0.6899,,0.175,,-0.7845,,1.569,,1.8218,,01/01/2023,12/31/2024,0.3408,,No,
HCA FLORIDA FAWCETT HOSPITAL,100236,FL,2026,0.7799,,-1.4560,,07/01/2022,06/30/2024,1.178,,1.3262,,0.351,,-0.4725,,0.523,,-0.5606,,0.313,,-0.2502,,1.152,,0.9503,,01/01/2023,12/31/2024,-0.0771,,No,
HCA FLORIDA NORTHSIDE HOSPITAL,100238,FL,2026,1.1269,,0.9661,,07/01/2022,06/30/2024,0.584,,-0.0517,,0.266,,-0.6774,,2.521,,2.1717,,0.163,,-0.8310,,0.861,,0.3421,,01/01/2023,12/31/2024,0.3200,,No,
HCA FLORIDA GULF COAST HOSPITAL,100242,FL,2026,0.7245,,-1.4834,,07/01/2022,06/30/2024,1.108,,1.1638,,0.246,,-0.7256,,0.893,,0.0732,,0.236,,-0.5484,,0.652,,-0.0947,,01/01/2023,12/31/2024,-0.2692,,No,
HCA FLORIDA BRANDON HOSPITAL,100243,FL,2026,0.8071,,-1.2664,,07/01/2022,06/30/2024,0.401,,-0.4762,,0.422,,-0.3014,,0.846,,-0.0073,,0.094,,-1.0982,,0.868,,0.3568,,01/01/2023,12/31/2024,-0.4655,,No,
CAPE CORAL HOSPITAL,100244,FL,2026,0.7397,,-1.4834,,07/01/2022,06/30/2024,0.494,,-0.2605,,0.126,,-1.0149,,0.287,,-0.9648,,0.148,,-0.8891,,0.211,,-1.0163,,01/01/2023,12/31/2024,-0.9382,,No,
HCA FLORIDA LAWNWOOD HOSPITAL,100246,FL,2026,0.9983,,0.0684,,07/01/2022,06/30/2024,0.477,,-0.2999,,0.325,,-0.5352,,1.565,,1.2244,,0.137,,-0.9317,,0.787,,0.1875,,01/01/2023,12/31/2024,-0.0478,,No,
HCA FLORIDA LARGO HOSPITAL,100248,FL,2026,1.1063,,0.8226,,07/01/2022,06/30/2024,0.571,,-0.0819,,0.628,,0.1952,,1.333,,0.8270,,0.202,,-0.6800,,0.655,,-0.0884,,01/01/2023,12/31/2024,0.1657,,No,
TAMPA GENERAL HOSPITAL CRYSTAL RIVER,100249,FL,2026,0.8679,,-0.8419,,07/01/2022,06/30/2024,0.000,,-1.4065,,0.000,,-1.3186,,0.261,,-1.0094,,0.792,,1.6045,,0.705,,0.0161,,01/01/2023,12/31/2024,-0.4926,,No,
HCA FLORIDA RAULERSON HOSPITAL,100252,FL,2026,0.8533,,-0.9433,,07/01/2022,06/30/2024,0.000,,-1.4065,,0.000,,-1.3186,,0.331,,-0.8895,,0.000,,-1.4622,,N/A,13,N/A,5,01/01/2023,12/31/2024,-1.2040,,No,
JUPITER MEDICAL CENTER,100253,FL,2026,1.1625,,1.2152,,07/01/2022,06/30/2024,0.000,,-1.4065,,0.000,,-1.3186,,0.000,,-1.4565,,0.000,,-1.4622,,0.000,,-1.4573,,01/01/2023,12/31/2024,-0.9810,,No,
HCA FLORIDA CAPITAL HOSPITAL,100254,FL,2026,0.9832,,-0.0365,,07/01/2022,06/30/2024,0.129,,-1.1072,,0.000,,-1.3186,,0.584,,-0.4561,,0.117,,-1.0091,,0.870,,0.3609,,01/01/2023,12/31/2024,-0.5944,,No,
HCA FLORIDA BAYONET POINT HOSPITAL,100256,FL,2026,1.1902,,1.4081,,07/01/2022,06/30/2024,0.569,,-0.0865,,0.642,,0.2289,,1.043,,0.3302,,0.237,,-0.5445,,1.091,,0.8228,,01/01/2023,12/31/2024,0.3598,,No,
DELRAY MEDICAL CENTER,100258,FL,2026,1.0516,,0.4405,,07/01/2022,06/30/2024,1.457,,1.9734,,0.384,,-0.3930,,2.346,,2.1717,,0.275,,-0.3973,,0.641,,-0.1176,,01/01/2023,12/31/2024,0.6129,,Yes,
HCA FLORIDA SOUTH SHORE HOSPITAL,100259,FL,2026,0.9893,,0.0061,,07/01/2022,06/30/2024,0.469,,-0.3185,,0.519,,-0.0676,,2.303,,2.1717,,0.182,,-0.7574,,0.702,,0.0098,,01/01/2023,12/31/2024,0.1740,,No,
ST LUCIE MEDICAL CENTER,100260,FL,2026,0.8627,,-0.8783,,07/01/2022,06/30/2024,0.000,,-1.4065,,0.230,,-0.7642,,0.677,,-0.2968,,0.075,,-1.1718,,0.875,,0.3714,,01/01/2023,12/31/2024,-0.6910,,No,
HCA FLORIDA OAK HILL HOSPITAL,100264,FL,2026,0.7613,,-1.4834,,07/01/2022,06/30/2024,0.159,,-1.0376,,0.138,,-0.9860,,0.731,,-0.2043,,0.124,,-0.9820,,0.604,,-0.1950,,01/01/2023,12/31/2024,-0.8147,,No,
MEASE COUNTRYSIDE HOSPITAL,100265,FL,2026,0.9483,,-0.2801,,07/01/2022,06/30/2024,0.806,,0.4633,,0.653,,0.2554,,1.056,,0.3525,,0.542,,0.6365,,0.842,,0.3024,,01/01/2023,12/31/2024,0.2883,,No,
GULF BREEZE HOSPITAL,100266,FL,2026,0.9646,,-0.1668,,07/01/2022,06/30/2024,N/A,13,N/A,5,0.752,,0.4941,,0.638,,-0.3636,,0.845,,1.8097,,0.728,,0.0642,,01/01/2023,12/31/2024,0.3675,,No,
HCA FLORIDA ENGLEWOOD HOSPITAL,100267,FL,2026,0.8322,,-1.0909,,07/01/2022,06/30/2024,N/A,13,N/A,5,0.000,,-1.3186,,0.344,,-0.8672,,0.225,,-0.5909,,0.000,,-1.4573,,01/01/2023,12/31/2024,-1.0650,,No,
WEST BOCA MEDICAL CENTER,100268,FL,2026,0.9060,,-0.5757,,07/01/2022,06/30/2024,0.820,,0.4957,,0.271,,-0.6654,,1.778,,1.5892,,0.241,,-0.5290,,0.531,,-0.3475,,01/01/2023,12/31/2024,-0.0054,,No,
HCA FLORIDA PALMS WEST HOSPITAL,100269,FL,2026,1.0429,,0.3800,,07/01/2022,06/30/2024,0.274,,-0.7709,,0.000,,-1.3186,,0.989,,0.2377,,0.040,,-1.3073,,0.780,,0.1729,,01/01/2023,12/31/2024,-0.4344,,No,
WELLINGTON REGIONAL MEDICAL CENTER,100275,FL,2026,0.9107,,-0.5427,,07/01/2022,06/30/2024,0.938,,0.7695,,0.138,,-0.9860,,0.622,,-0.3910,,0.317,,-0.2347,,0.878,,0.3777,,01/01/2023,12/31/2024,-0.1679,,No,
BROWARD HEALTH CORAL SPRINGS,100276,FL,2026,0.8228,,-1.1566,,07/01/2022,06/30/2024,0.450,,-0.3626,,0.084,,-1.1161,,0.901,,0.0869,,0.054,,-1.2531,,0.317,,-0.7948,,01/01/2023,12/31/2024,-0.7660,,No,
DOUGLAS GARDENS HOSPITAL,100277,FL,2026,N/A,13,N/A,5,07/01/2022,06/30/2024,N/A,13,N/A,5,N/A,13,N/A,5,N/A,12,N/A,5,N/A,13,N/A,5,N/A,13,N/A,5,01/01/2023,12/31/2024,N/A,5,No,
MEMORIAL HOSPITAL WEST,100281,FL,2026,1.1115,,0.8589,,07/01/2022,06/30/2024,0.557,,-0.1144,,0.739,,0.4628,,0.796,,-0.0929,,0.446,,0.2648,,0.620,,-0.1615,,01/01/2023,12/31/2024,0.2029,,No,
KERALTY HOSPITAL,100284,FL,2026,0.9253,,-0.4409,,07/01/2022,06/30/2024,0.000,,-1.4065,,0.000,,-1.3186,,0.000,,-1.4565,,0.146,,-0.8968,,0.000,,-1.4573,,01/01/2023,12/31/2024,-1.1628,,No,
MEMORIAL HOSPITAL MIRAMAR,100285,FL,2026,0.9542,,-0.2391,,07/01/2022,06/30/2024,0.446,,-0.3719,,0.398,,-0.3592,,1.313,,0.7927,,0.374,,-0.0140,,0.227,,-0.9829,,01/01/2023,12/31/2024,-0.1957,,No,
PHYSICIANS REGIONAL MEDICAL CENTER - PINE RIDGE,100286,FL,2026,0.9073,,-0.5664,,07/01/2022,06/30/2024,1.347,,1.7183,,0.668,,0.2916,,0.193,,-1.1259,,0.489,,0.4313,,1.017,,0.6682,,01/01/2023,12/31/2024,0.2362,,No,
GOOD SAMARITAN MEDICAL CENTER,100287,FL,2026,0.9727,,-0.1097,,07/01/2022,06/30/2024,0.249,,-0.8289,,1.161,,1.4800,,1.554,,1.2055,,0.329,,-0.1883,,0.171,,-1.0999,,01/01/2023,12/31/2024,0.0765,,No,
ST MARY'S MEDICAL CENTER,100288,FL,2026,0.9502,,-0.2668,,07/01/2022,06/30/2024,0.504,,-0.2373,,0.935,,0.9352,,1.149,,0.5118,,0.345,,-0.1263,,0.529,,-0.3517,,01/01/2023,12/31/2024,0.0775,,No,
CLEVELAND CLINIC HOSPITAL,100289,FL,2026,0.9424,,-0.3214,,07/01/2022,06/30/2024,0.208,,-0.9240,,0.225,,-0.7762,,1.142,,0.4998,,0.392,,0.0557,,0.936,,0.4989,,01/01/2023,12/31/2024,-0.1612,,No,
"VILLAGES REGIONAL HOSPITAL, THE",100290,FL,2026,0.6983,,-1.4834,,07/01/2022,06/30/2024,1.330,,1.6788,,0.591,,0.1060,,0.446,,-0.6925,,0.470,,0.3577,,1.325,,1.3118,,01/01/2023,12/31/2024,0.2131,,No,
ORLANDO HEALTH MELBOURNE HOSPITAL,100291,FL,2026,0.8514,,-0.9572,,07/01/2022,06/30/2024,0.000,,-1.4065,,0.614,,0.1614,,1.096,,0.4210,,0.060,,-1.2298,,0.691,,-0.0131,,01/01/2023,12/31/2024,-0.5040,,No,
SACRED HEART HOSPITAL ON THE EMERALD COAST,100292,FL,2026,0.8867,29,-0.7104,29,07/01/2022,06/30/2024,0.644,29,0.0875,29,0.490,29,-0.1375,29,1.099,29,0.4261,29,0.390,29,0.0479,29,0.948,29,0.5240,29,01/01/2023,12/31/2024,0.0396,,No,
DOCTORS HOSPITAL,100296,FL,2026,0.9663,,-0.1550,,07/01/2022,06/30/2024,0.000,,-1.4065,,0.000,,-1.3186,,N/A,11,2.1717,11,N/A,11,2.1931,11,N/A,11,2.2251,11,01/01/2023,12/31/2024,0.6183,,Yes,
FLORIDA STATE HOSPITAL UNIT 31 MED,100298,FL,2026,N/A,13,N/A,5,07/01/2022,06/30/2024,N/A,13,N/A,5,N/A,13,N/A,5,N/A,18,2.1717,18,N/A,18,2.1931,18,N/A,18,2.2251,18,01/01/2023,12/31/2024,2.1966,18,Yes,
LAKEWOOD RANCH MEDICAL CENTER,100299,FL,2026,0.8326,,-1.0878,,07/01/2022,06/30/2024,0.594,,-0.0285,,0.162,,-0.9281,,0.391,,-0.7867,,0.240,,-0.5329,,0.711,,0.0286,,01/01/2023,12/31/2024,-0.5559,,No,
ORLANDO HEALTH ST CLOUD HOSPITAL,100302,FL,2026,1.0957,,0.7485,,07/01/2022,06/30/2024,0.541,,-0.1515,,0.768,,0.5327,,1.638,,1.3494,,0.421,,0.1680,,0.741,,0.0913,,01/01/2023,12/31/2024,0.4564,,Yes,
ASCENSION ST VINCENT'S SOUTHSIDE,100307,FL,2026,0.9387,29,-0.3476,29,07/01/2022,06/30/2024,1.014,29,0.9458,29,0.202,29,-0.8317,29,0.361,29,-0.8381,29,0.151,29,-0.8775,29,0.456,29,-0.5043,29,01/01/2023,12/31/2024,-0.4089,,No,
ASCENSION SACRED HEART GULF,100313,FL,2026,N/A,13,N/A,5,07/01/2022,06/30/2024,N/A,13,N/A,5,N/A,13,N/A,5,N/A,13,N/A,5,N/A,13,N/A,5,N/A,13,N/A,5,01/01/2023,12/31/2024,N/A,5,No,
WEST KENDALL BAPTIST HOSPITAL,100314,FL,2026,0.8773,,-0.7759,,07/01/2022,06/30/2024,0.186,,-0.9750,,0.550,,0.0072,,0.334,,-0.8843,,0.306,,-0.2773,,0.842,,0.3024,,01/01/2023,12/31/2024,-0.4338,,No,
VIERA HOSPITAL,100315,FL,2026,0.9798,,-0.0606,,07/01/2022,06/30/2024,0.383,,-0.5180,,1.056,,1.2269,,0.703,,-0.2522,,0.173,,-0.7923,,0.396,,-0.6297,,01/01/2023,12/31/2024,-0.1710,,No,
PALM BAY HOSPITAL,100316,FL,2026,0.8219,,-1.1627,,07/01/2022,06/30/2024,0.627,,0.0480,,0.299,,-0.5979,,0.407,,-0.7593,,0.363,,-0.0566,,1.649,,1.9890,,01/01/2023,12/31/2024,-0.0899,,No,
ADVENTHEALTH WESLEY CHAPEL,100319,FL,2026,1.0521,,0.4443,,07/01/2022,06/30/2024,0.461,,-0.3371,,0.379,,-0.4050,,0.364,,-0.8329,,0.162,,-0.8349,,0.203,,-1.0330,,01/01/2023,12/31/2024,-0.4998,,No,
HCA FLORIDA POINCIANA HOSPITAL,100320,FL,2026,0.9263,,-0.4341,,07/01/2022,06/30/2024,1.393,,1.8250,,0.000,,-1.3186,,0.000,,-1.4565,,0.137,,-0.9317,,N/A,13,N/A,5,01/01/2023,12/31/2024,-0.4632,,No,
ASCENSION ST VINCENT'S CLAY COUNTY,100321,FL,2026,0.9059,29,-0.5763,29,07/01/2022,06/30/2024,0.000,29,-1.4065,29,0.000,29,-1.3186,29,0.703,29,-0.2522,29,0.534,29,0.6055,29,0.539,29,-0.3308,29,01/01/2023,12/31/2024,-0.5465,,No,
OVIEDO MEDICAL CENTER,100329,FL,2026,0.8670,,-0.8482,,07/01/2022,06/30/2024,0.712,,0.2452,,0.528,,-0.0459,,0.959,,0.1863,,0.000,,-1.4622,,0.745,,0.0997,,01/01/2023,12/31/2024,-0.3042,,No,
HALIFAX HEALTH /UF HEALTH MEDICAL CENTER OF DELTON,100330,FL,2026,1.1141,,0.8769,,07/01/2022,06/30/2024,N/A,13,N/A,5,N/A,13,N/A,5,N/A,13,N/A,5,0.727,,1.3528,,N/A,13,N/A,5,01/01/2023,12/31/2024,1.1149,,Yes,
UCF LAKE NONA HOSPITAL,100350,FL,2026,1.1841,,1.3656,,07/01/2022,06/30/2024,0.000,,-1.4065,,N/A,13,N/A,5,0.448,,-0.6890,,0.000,,-1.4622,,N/A,13,N/A,5,01/01/2023,12/31/2024,-0.5480,,No,
SARASOTA MEMORIAL HOSPITAL - VENICE,100359,FL,2026,0.7002,,-1.4834,,07/01/2022,06/30/2024,0.158,,-1.0400,,0.448,,-0.2387,,0.749,,-0.1734,,0.599,,0.8572,,0.184,,-1.0727,,01/01/2023,12/31/2024,-0.5252,,No,
HCA FLORIDA UNIVERSITY HOSPITAL,100360,FL,2026,1.1793,,1.3321,,07/01/2022,06/30/2024,0.000,,-1.4065,,1.656,,2.3863,,0.322,,-0.9049,,0.156,,-0.8581,,0.000,,-1.4573,,01/01/2023,12/31/2024,-0.1514,,No,
ASCENSION ST VINCENT'S ST JOHNS COUNTY,100361,FL,2026,0.9406,29,-0.3341,29,07/01/2022,06/30/2024,N/A,13,N/A,5,N/A,13,N/A,5,N/A,13,N/A,5,0.000,29,-1.4622,29,N/A,13,N/A,5,01/01/2023,12/31/2024,-0.8982,,No,
BAYCARE HOSPITAL WESLEY CHAPEL,100362,FL,2026,0.9659,,-0.1573,,07/01/2022,06/30/2024,N/A,13,N/A,5,N/A,13,N/A,5,0.880,,0.0510,,0.299,,-0.3044,,N/A,13,N/A,5,01/01/2023,12/31/2024,-0.1369,,No,
ADVENTHEALTH PALM COAST PARKWAY,100363,FL,2026,N/A,5,N/A,5,07/01/2022,06/30/2024,N/A,13,N/A,5,N/A,13,N/A,5,N/A,13,N/A,5,0.068,,-1.1989,,0.000,,-1.4573,,01/01/2023,12/31/2024,-1.3281,,No,
ADVENTHEALTH RIVERVIEW,100364,FL,2026,N/A,5,N/A,5,07/01/2022,06/30/2024,N/A,5,N/A,5,N/A,5,N/A,5,N/A,5,N/A,5,N/A,5,N/A,5,N/A,5,N/A,5,01/01/2023,12/31/2024,N/A,5,No,
NORTH WALTON DOCTORS HOSPITAL,100365,FL,2026,N/A,5,N/A,5,07/01/2022,06/30/2024,N/A,5,N/A,5,N/A,5,N/A,5,N/A,5,N/A,5,N/A,5,N/A,5,N/A,5,N/A,5,01/01/2023,12/31/2024,N/A,5,No,
HAMILTON MEDICAL CENTER,110001,GA,2026,0.9260,,-0.4363,,07/01/2022,06/30/2024,0.734,,0.2962,,0.083,,-1.1185,,1.411,,0.9606,,0.381,,0.0131,,1.063,,0.7643,,01/01/2023,12/31/2024,0.0799,,No,
UPSON REGIONAL MEDICAL CENTER,110002,GA,2026,1.0400,,0.3598,,07/01/2022,06/30/2024,0.000,,-1.4065,,0.563,,0.0385,,0.000,,-1.4565,,0.220,,-0.6103,,1.513,,1.7047,,01/01/2023,12/31/2024,-0.2284,,No,
Memorial Satilla Health,110003,GA,2026,0.8791,,-0.7635,,07/01/2022,06/30/2024,0.762,,0.3612,,0.305,,-0.5834,,0.880,,0.0510,,0.046,,-1.2840,,0.369,,-0.6861,,01/01/2023,12/31/2024,-0.4841,,No,
NORTHSIDE HOSPITAL FORSYTH,110005,GA,2026,1.0970,,0.7574,,07/01/2022,06/30/2024,0.665,,0.1362,,0.900,,0.8508,,1.495,,1.1045,,0.457,,0.3074,,0.469,,-0.4771,,01/01/2023,12/31/2024,0.4465,,Yes,
ST MARY'S HOSPITAL,110006,GA,2026,1.4871,,2.5111,,07/01/2022,06/30/2024,0.954,,0.8066,,1.610,,2.3863,,0.828,,-0.0381,,0.386,,0.0325,,1.706,,2.1081,,01/01/2023,12/31/2024,1.3011,,Yes,
PHOEBE PUTNEY MEMORIAL HOSPITAL,110007,GA,2026,1.2903,,2.1073,,07/01/2022,06/30/2024,0.587,,-0.0448,,0.235,,-0.7521,,0.087,,-1.3074,,0.065,,-1.2105,,0.699,,0.0036,,01/01/2023,12/31/2024,-0.2007,,No,
NORTHSIDE HOSPITAL CHEROKEE,110008,GA,2026,1.2851,,2.0705,,07/01/2022,06/30/2024,0.662,,0.1292,,0.734,,0.4507,,2.269,,2.1717,,0.617,,0.9269,,0.277,,-0.8784,,01/01/2023,12/31/2024,0.8118,,Yes,
EMORY UNIVERSITY HOSPITAL,110010,GA,2026,1.4217,,2.5111,,07/01/2022,06/30/2024,0.993,,0.8971,,0.783,,0.5688,,0.777,,-0.1255,,0.414,,0.1409,,0.829,,0.2753,,01/01/2023,12/31/2024,0.7113,,Yes,
TANNER MEDICAL CENTER - CARROLLTON,110011,GA,2026,1.9227,,2.5111,,07/01/2022,06/30/2024,0.761,,0.3589,,0.741,,0.4676,,0.781,,-0.1186,,0.437,,0.2299,,1.742,,2.1833,,01/01/2023,12/31/2024,0.9387,,Yes,
TANNER MEDICAL CENTER VILLA RICA,110015,GA,2026,1.0594,,0.4949,,07/01/2022,06/30/2024,0.000,,-1.4065,,0.440,,-0.2580,,0.000,,-1.4565,,0.302,,-0.2928,,N/A,13,N/A,5,01/01/2023,12/31/2024,-0.5838,,No,
WELLSTAR WEST GEORGIA MEDICAL CENTER,110016,GA,2026,0.8919,,-0.6742,,07/01/2022,06/30/2024,0.880,,0.6349,,0.272,,-0.6630,,1.392,,0.9280,,0.105,,-1.0556,,2.944,,2.2251,,01/01/2023,12/31/2024,0.2326,,No,
PIEDMONT NEWTON HOSPITAL,110018,GA,2026,1.2004,,1.4797,,07/01/2022,06/30/2024,0.520,,-0.2002,,0.000,,-1.3186,,1.206,,0.6094,,0.183,,-0.7536,,0.000,,-1.4573,,01/01/2023,12/31/2024,-0.2734,,No,
ADVENTHEALTH GORDON,110023,GA,2026,0.9793,,-0.0642,,07/01/2022,06/30/2024,0.000,,-1.4065,,4.591,,2.3863,,3.831,,2.1717,,0.386,,0.0325,,0.478,,-0.4583,,01/01/2023,12/31/2024,0.4436,,Yes,
CANDLER HOSPITAL,110024,GA,2026,1.5617,,2.5111,,07/01/2022,06/30/2024,0.730,,0.2870,,1.037,,1.1811,,0.837,,-0.0227,,0.767,,1.5077,,0.662,,-0.0738,,01/01/2023,12/31/2024,0.8984,,Yes,
SOUTHEAST GEORGIA HEALTH SYSTEM- BRUNSWICK CAMPUS,110025,GA,2026,1.2675,,1.9477,,07/01/2022,06/30/2024,1.698,,2.2402,,0.902,,0.8557,,2.212,,2.1717,,0.438,,0.2338,,0.815,,0.2460,,01/01/2023,12/31/2024,1.2825,,Yes,
"TY COBB REGIONAL MEDICAL CENTER, LLC",110027,GA,2026,0.9529,,-0.2479,,07/01/2022,06/30/2024,N/A,13,N/A,5,3.398,,2.3863,,N/A,13,N/A,5,0.420,,0.1641,,N/A,13,N/A,5,01/01/2023,12/31/2024,0.7675,,Yes,
PIEDMONT AUGUSTA HOSPITAL,110028,GA,2026,0.9825,,-0.0417,,07/01/2022,06/30/2024,0.582,,-0.0564,,0.344,,-0.4894,,0.794,,-0.0964,,0.298,,-0.3083,,0.944,,0.5156,,01/01/2023,12/31/2024,-0.0794,,No,
"NORTHEAST GEORGIA MEDICAL CENTER, INC",110029,GA,2026,0.9712,,-0.1204,,07/01/2022,06/30/2024,0.552,,-0.1260,,0.822,,0.6628,,0.935,,0.1452,,0.643,,1.0276,,1.374,,1.4142,,01/01/2023,12/31/2024,0.5006,,Yes,
PIEDMONT CARTERSVILLE MEDICAL CENTER,110030,GA,2026,0.8723,,-0.8110,,07/01/2022,06/30/2024,0.418,,-0.4368,,0.430,,-0.2821,,0.536,,-0.5383,,0.066,,-1.2066,,0.655,,-0.0884,,01/01/2023,12/31/2024,-0.5605,,No,
WELLSTAR SPALDING MEDICAL CENTER,110031,GA,2026,0.9746,,-0.0969,,07/01/2022,06/30/2024,0.409,,-0.4577,,0.479,,-0.1640,,0.866,,0.0270,,0.180,,-0.7652,,1.763,,2.2251,,01/01/2023,12/31/2024,0.1281,,No,
STEPHENS COUNTY HOSPITAL,110032,GA,2026,0.9640,,-0.1705,,07/01/2022,06/30/2024,N/A,13,N/A,5,0.756,,0.5037,,N/A,13,N/A,5,0.718,,1.3180,,N/A,13,N/A,5,01/01/2023,12/31/2024,0.5504,,Yes,
"WELLSTAR MCG HEALTH, AFFILIATED WITH MED COL",110034,GA,2026,1.3159,,2.2861,,07/01/2022,06/30/2024,1.161,,1.2868,,0.770,,0.5375,,2.526,,2.1717,,0.276,,-0.3935,,1.166,,0.9795,,01/01/2023,12/31/2024,1.1447,,Yes,
WELLSTAR KENNESTONE REGIONAL MEDICAL CENTER,110035,GA,2026,1.0057,,0.1206,,07/01/2022,06/30/2024,0.569,,-0.0865,,0.188,,-0.8654,,0.782,,-0.1169,,0.350,,-0.1069,,1.062,,0.7622,,01/01/2023,12/31/2024,-0.0488,,No,
SAVANNAH HEALTH SERVICES LLC DBA MEMORIAL HEALTH UNIVERSITY MEDICAL CENTER,110036,GA,2026,0.9379,,-0.3529,,07/01/2022,06/30/2024,0.615,,0.0202,,0.414,,-0.3207,,0.910,,0.1024,,0.221,,-0.6064,,0.496,,-0.4207,,01/01/2023,12/31/2024,-0.2630,,No,
ARCHBOLD MEMORIAL HOSPITAL,110038,GA,2026,1.0626,,0.5174,,07/01/2022,06/30/2024,1.030,,0.9829,,0.736,,0.4555,,1.198,,0.5957,,0.414,,0.1409,,1.313,,1.2868,,01/01/2023,12/31/2024,0.6632,,Yes,
NORTHEAST GEORGIA MEDICAL CENTER HABERSHAM,110041,GA,2026,0.9985,,0.0698,,07/01/2022,06/30/2024,N/A,13,N/A,5,N/A,13,N/A,5,N/A,13,N/A,5,0.000,,-1.4622,,N/A,13,N/A,5,01/01/2023,12/31/2024,-0.6962,,No,
WELLSTAR PAULDING MEDICAL CENTER,110042,GA,2026,0.9660,,-0.1566,,07/01/2022,06/30/2024,0.167,,-1.0191,,0.656,,0.2627,,0.760,,-0.1546,,0.313,,-0.2502,,1.150,,0.9461,,01/01/2023,12/31/2024,-0.0620,,No,
ST JOSEPH'S HOSPITAL - SAVANNAH,110043,GA,2026,2.1587,,2.5111,,07/01/2022,06/30/2024,0.423,,-0.4252,,0.654,,0.2579,,0.581,,-0.4612,,0.522,,0.5591,,1.086,,0.8124,,01/01/2023,12/31/2024,0.5423,,Yes,
PHOEBE SUMTER MEDICAL CENTER,110044,GA,2026,1.0596,,0.4969,,07/01/2022,06/30/2024,0.537,,-0.1608,,1.939,,2.3863,,0.000,,-1.4565,,0.000,,-1.4622,,0.830,,0.2773,,01/01/2023,12/31/2024,0.0135,,No,
"NGMC BARROW, LLC",110045,GA,2026,0.9765,,-0.0837,,07/01/2022,06/30/2024,N/A,13,N/A,5,N/A,13,N/A,5,N/A,13,N/A,5,1.503,,2.1931,,N/A,13,N/A,5,01/01/2023,12/31/2024,1.0547,,Yes,
PIEDMONT WALTON HOSPITAL,110046,GA,2026,0.9479,,-0.2833,,07/01/2022,06/30/2024,0.000,,-1.4065,,0.641,,0.2265,,0.813,,-0.0638,,0.256,,-0.4709,,2.027,,2.2251,,01/01/2023,12/31/2024,0.0379,,No,
ADVENTHEALTH MURRAY,110050,GA,2026,N/A,13,N/A,5,07/01/2022,06/30/2024,N/A,13,N/A,5,N/A,13,N/A,5,N/A,13,N/A,5,0.000,,-1.4622,,N/A,13,N/A,5,01/01/2023,12/31/2024,-1.4622,,No,
UNION GENERAL HOSPITAL,110051,GA,2026,0.9157,,-0.5081,,07/01/2022,06/30/2024,0.000,,-1.4065,,0.000,,-1.3186,,0.000,,-1.4565,,0.926,,2.1234,,N/A,13,N/A,5,01/01/2023,12/31/2024,-0.5133,,No,
ATRIUM HEALTH FLOYD MEDICAL CENTER,110054,GA,2026,0.9429,,-0.3178,,07/01/2022,06/30/2024,0.876,,0.6257,,0.506,,-0.0989,,1.634,,1.3426,,0.349,,-0.1108,,1.577,,1.8385,,01/01/2023,12/31/2024,0.5465,,Yes,
PIEDMONT COLUMBUS REGIONAL MIDTOWN,110064,GA,2026,1.5945,,2.5111,,07/01/2022,06/30/2024,0.541,,-0.1515,,0.503,,-0.1061,,1.713,,1.4779,,0.156,,-0.8581,,0.704,,0.0140,,01/01/2023,12/31/2024,0.4812,,Yes,
EMORY HOUSTON HOSPITAL WARNER ROBINS,110069,GA,2026,1.1236,,0.9437,,07/01/2022,06/30/2024,0.441,,-0.3835,,0.557,,0.0240,,0.203,,-1.1087,,0.564,,0.7217,,1.237,,1.1279,,01/01/2023,12/31/2024,0.2209,,No,
APPLING HEALTHCARE,110071,GA,2026,N/A,13,N/A,5,07/01/2022,06/30/2024,N/A,13,N/A,5,N/A,13,N/A,5,N/A,13,N/A,5,N/A,13,N/A,5,N/A,13,N/A,5,01/01/2023,12/31/2024,N/A,5,No,
DORMINY MEDICAL CENTER,110073,GA,2026,1.0583,,0.4878,,07/01/2022,06/30/2024,N/A,13,N/A,5,N/A,13,N/A,5,N/A,13,N/A,5,0.694,,1.2250,,N/A,13,N/A,5,01/01/2023,12/31/2024,0.8564,,Yes,
PIEDMONT ATHENS REGIONAL MEDICAL CENTER,110074,GA,2026,1.0156,,0.1893,,07/01/2022,06/30/2024,0.398,,-0.4832,,0.712,,0.3977,,1.469,,1.0599,,0.269,,-0.4206,,0.329,,-0.7697,,01/01/2023,12/31/2024,-0.0044,,No,
EAST GEORGIA REGIONAL MEDICAL CENTER,110075,GA,2026,0.9400,,-0.3381,,07/01/2022,06/30/2024,1.598,,2.2402,,0.396,,-0.3641,,0.701,,-0.2557,,0.259,,-0.4593,,0.571,,-0.2639,,01/01/2023,12/31/2024,0.0932,,No,
EMORY DECATUR HOSPITAL,110076,GA,2026,1.4442,,2.5111,,07/01/2022,06/30/2024,0.639,,0.0759,,0.596,,0.1181,,0.933,,0.1418,,0.336,,-0.1611,,0.628,,-0.1448,,01/01/2023,12/31/2024,0.4235,,Yes,
EMORY UNIVERSITY HOSPITAL MIDTOWN,110078,GA,2026,1.2131,,1.5684,,07/01/2022,06/30/2024,0.971,,0.8460,,0.716,,0.4073,,2.076,,2.0997,,0.308,,-0.2696,,0.519,,-0.3726,,01/01/2023,12/31/2024,0.7132,,Yes,
GRADY MEMORIAL HOSPITAL,110079,GA,2026,1.2318,,1.6988,,07/01/2022,06/30/2024,1.085,,1.1105,,0.377,,-0.4099,,0.108,,-1.2715,,0.409,,0.1215,,1.395,,1.4581,,01/01/2023,12/31/2024,0.4513,,Yes,
"SAINT JOSEPH'S HOSPITAL OF ATLANTA, INC",110082,GA,2026,1.0318,,0.3025,,07/01/2022,06/30/2024,1.234,,1.4561,,0.425,,-0.2941,,0.915,,0.1109,,0.184,,-0.7497,,0.422,,-0.5753,,01/01/2023,12/31/2024,0.0417,,No,
"PIEDMONT HOSPITAL, INC",110083,GA,2026,0.9638,,-0.1723,,07/01/2022,06/30/2024,0.633,,0.0619,,0.282,,-0.6388,,0.812,,-0.0655,,0.218,,-0.6181,,0.469,,-0.4771,,01/01/2023,12/31/2024,-0.3183,,No,
WASHINGTON COUNTY REGIONAL MEDICAL CENTER,110086,GA,2026,N/A,13,N/A,5,07/01/2022,06/30/2024,N/A,13,N/A,5,N/A,13,N/A,5,N/A,13,N/A,5,N/A,13,N/A,5,N/A,13,N/A,5,01/01/2023,12/31/2024,N/A,5,No,
NORTHSIDE HOSPITAL GWINNETT,110087,GA,2026,1.0318,,0.3023,,07/01/2022,06/30/2024,0.582,,-0.0564,,0.837,,0.6990,,1.190,,0.5820,,0.608,,0.8920,,0.359,,-0.7070,,01/01/2023,12/31/2024,0.2853,,No,
"COFFEE REGIONAL MEDICAL CENTER, INC",110089,GA,2026,0.8807,,-0.7522,,07/01/2022,06/30/2024,0.000,,-1.4065,,0.000,,-1.3186,,0.761,,-0.1529,,0.280,,-0.3780,,2.281,,2.2251,,01/01/2023,12/31/2024,-0.2972,,No,
PIEDMONT ROCKDALE HOSPITAL,110091,GA,2026,0.8995,,-0.6214,,07/01/2022,06/30/2024,1.574,,2.2402,,0.466,,-0.1953,,1.418,,0.9726,,0.136,,-0.9356,,0.423,,-0.5732,,01/01/2023,12/31/2024,0.1479,,No,
DODGE COUNTY HOSPITAL,110092,GA,2026,0.9754,,-0.0914,,07/01/2022,06/30/2024,N/A,13,N/A,5,N/A,13,N/A,5,N/A,13,N/A,5,1.406,,2.1931,,N/A,13,N/A,5,01/01/2023,12/31/2024,1.0508,,Yes,
TIFT REGIONAL MEDICAL CENTER,110095,GA,2026,1.2578,,1.8801,,07/01/2022,06/30/2024,0.527,,-0.1840,,0.414,,-0.3207,,0.000,,-1.4565,,0.483,,0.4080,,0.000,,-1.4573,,01/01/2023,12/31/2024,-0.1884,,No,
JEFFERSON HOSPITAL,110100,GA,2026,N/A,13,N/A,5,07/01/2022,06/30/2024,N/A,13,N/A,5,N/A,13,N/A,5,N/A,18,2.1717,18,0.000,,-1.4622,,N/A,13,N/A,5,01/01/2023,12/31/2024,0.3548,,No,
"SOUTHWELL MEDICAL, A CAMPUS OF TRMC",110101,GA,2026,0.9892,,0.0049,,07/01/2022,06/30/2024,N/A,13,N/A,5,N/A,13,N/A,5,N/A,13,N/A,5,N/A,13,N/A,5,N/A,13,N/A,5,01/01/2023,12/31/2024,0.0049,,No,
CRISP REGIONAL HOSPITAL,110104,GA,2026,1.0455,,0.3984,,07/01/2022,06/30/2024,1.255,,1.5049,,0.836,,0.6966,,0.000,,-1.4565,,0.473,,0.3693,,0.917,,0.4592,,01/01/2023,12/31/2024,0.3286,,No,
COLQUITT REGIONAL MEDICAL CENTER,110105,GA,2026,0.8975,,-0.6353,,07/01/2022,06/30/2024,0.134,,-1.0956,,0.274,,-0.6581,,0.573,,-0.4749,,0.257,,-0.4670,,0.000,,-1.4573,,01/01/2023,12/31/2024,-0.7981,,No,
ATRIUM HEALTH NAVICENT THE MEDICAL CENTER,110107,GA,2026,1.0446,,0.3919,,07/01/2022,06/30/2024,0.874,,0.6210,,0.335,,-0.5111,,1.535,,1.1730,,0.535,,0.6094,,0.693,,-0.0090,,01/01/2023,12/31/2024,0.3792,,No,
EMANUEL MEDICAL CENTER,110109,GA,2026,N/A,13,N/A,5,07/01/2022,06/30/2024,N/A,13,N/A,5,N/A,13,N/A,5,N/A,13,N/A,5,0.000,,-1.4622,,N/A,13,N/A,5,01/01/2023,12/31/2024,-1.4622,,No,
UNIVERSITY MCDUFFIE COUNTY REGIONAL MEDICAL CENTER,110111,GA,2026,0.9723,,-0.1131,,07/01/2022,06/30/2024,N/A,13,N/A,5,N/A,13,N/A,5,N/A,13,N/A,5,0.000,,-1.4622,,N/A,13,N/A,5,01/01/2023,12/31/2024,-0.7876,,No,
BURKE MEDICAL CENTER,110113,GA,2026,0.9669,,-0.1507,,07/01/2022,06/30/2024,N/A,13,N/A,5,N/A,13,N/A,5,N/A,12,N/A,5,N/A,13,N/A,5,N/A,13,N/A,5,01/01/2023,12/31/2024,-0.1507,,No,
GRADY GENERAL HOSPITAL,110121,GA,2026,N/A,13,N/A,5,07/01/2022,06/30/2024,N/A,13,N/A,5,N/A,13,N/A,5,N/A,13,N/A,5,0.473,,0.3693,,N/A,13,N/A,5,01/01/2023,12/31/2024,0.3693,,No,
SGMC HEALTH,110122,GA,2026,0.9771,,-0.0794,,07/01/2022,06/30/2024,0.469,,-0.3185,,0.327,,-0.5304,,0.291,,-0.9580,,0.864,,1.8833,,1.030,,0.6953,,01/01/2023,12/31/2024,0.1154,,No,
WAYNE MEMORIAL HOSPITAL,110124,GA,2026,0.9481,,-0.2818,,07/01/2022,06/30/2024,0.000,,-1.4065,,0.000,,-1.3186,,N/A,13,N/A,5,1.157,,2.1931,,N/A,13,N/A,5,01/01/2023,12/31/2024,-0.2035,,No,
FAIRVIEW PARK HOSPITAL,110125,GA,2026,0.8661,,-0.8544,,07/01/2022,06/30/2024,0.000,,-1.4065,,0.000,,-1.3186,,0.298,,-0.9460,,0.016,,-1.4002,,0.318,,-0.7927,,01/01/2023,12/31/2024,-1.1197,,No,
MEMORIAL HEALTH MEADOWS HOSPITAL,110128,GA,2026,0.9234,,-0.4544,,07/01/2022,06/30/2024,0.000,,-1.4065,,0.000,,-1.3186,,0.000,,-1.4565,,0.170,,-0.8039,,0.000,,-1.4573,,01/01/2023,12/31/2024,-1.1495,,No,
ST FRANCIS HOSPITAL- EMORY HEALTHCARE,110129,GA,2026,1.0402,,0.3610,,07/01/2022,06/30/2024,0.978,,0.8623,,0.640,,0.2241,,1.002,,0.2600,,0.080,,-1.1524,,0.799,,0.2126,,01/01/2023,12/31/2024,0.1279,,No,
MEMORIAL HOSPITAL AND MANOR,110132,GA,2026,0.9728,,-0.1092,,07/01/2022,06/30/2024,N/A,13,N/A,5,N/A,13,N/A,5,N/A,13,N/A,5,0.416,29,0.1486,29,N/A,13,N/A,5,01/01/2023,12/31/2024,0.0197,,No,
EVANS MEMORIAL HOSPITAL,110142,GA,2026,0.9884,,-0.0008,,07/01/2022,06/30/2024,N/A,13,N/A,5,N/A,13,N/A,5,N/A,13,N/A,5,0.000,,-1.4622,,N/A,13,N/A,5,01/01/2023,12/31/2024,-0.7315,,No,
WELLSTAR COBB MEDICAL CENTER,110143,GA,2026,0.8252,,-1.1397,,07/01/2022,06/30/2024,0.668,,0.1431,,0.625,,0.1880,,1.194,,0.5889,,0.425,,0.1835,,1.128,,0.9001,,01/01/2023,12/31/2024,0.1440,,No,
SOUTHEAST GEORGIA HEALTH SYSTEM -- CAMDEN CAMPUS,110146,GA,2026,0.9648,,-0.1652,,07/01/2022,06/30/2024,N/A,13,N/A,5,N/A,13,N/A,5,0.882,,0.0544,,0.000,,-1.4622,,N/A,13,N/A,5,01/01/2023,12/31/2024,-0.5243,,No,
NAVICENT HEALTH BALDWIN,110150,GA,2026,1.1682,,1.2548,,07/01/2022,06/30/2024,1.170,,1.3077,,0.633,,0.2072,,N/A,13,N/A,5,0.392,,0.0557,,N/A,13,N/A,5,01/01/2023,12/31/2024,0.7063,,Yes,
NORTHSIDE HOSPITAL,110161,GA,2026,1.0629,,0.5195,,07/01/2022,06/30/2024,1.371,,1.7739,,1.092,,1.3137,,1.681,,1.4231,,0.480,,0.3964,,1.002,,0.6368,,01/01/2023,12/31/2024,1.0106,,Yes,
"COLISEUM MEDICAL CENTERS, LLC, DBA",110164,GA,2026,0.9872,,-0.0090,,07/01/2022,06/30/2024,0.893,,0.6651,,0.703,,0.3760,,1.065,,0.3679,,0.358,,-0.0760,,0.727,,0.0621,,01/01/2023,12/31/2024,0.2310,,No,
SOUTHERN REGIONAL MEDICAL CENTER,110165,GA,2026,0.9852,,-0.0230,,07/01/2022,06/30/2024,0.823,,0.5027,,0.000,,-1.3186,,0.394,,-0.7816,,0.156,,-0.8581,,1.474,,1.6232,,01/01/2023,12/31/2024,-0.1426,,No,
ADVENTHEALTH REDMOND,110168,GA,2026,1.0039,,0.1079,,07/01/2022,06/30/2024,0.567,,-0.0912,,0.921,,0.9015,,0.995,,0.2480,,0.305,,-0.2812,,1.080,,0.7998,,01/01/2023,12/31/2024,0.2808,,No,
DOCTORS HOSPITAL,110177,GA,2026,0.9436,,-0.3132,,07/01/2022,06/30/2024,0.233,,-0.8660,,0.136,,-0.9908,,0.668,,-0.3122,,0.127,,-0.9704,,0.557,,-0.2932,,01/01/2023,12/31/2024,-0.6243,,No,
WELLSTAR DOUGLAS MEDICAL CENTER,110184,GA,2026,1.0101,,0.1510,,07/01/2022,06/30/2024,1.096,,1.1360,,0.337,,-0.5063,,3.200,,2.1717,,0.474,,0.3732,,0.333,,-0.7613,,01/01/2023,12/31/2024,0.4274,,Yes,
FLINT RIVER COMMUNITY HOSPITAL,110190,GA,2026,N/A,13,N/A,5,07/01/2022,06/30/2024,N/A,13,N/A,5,N/A,13,N/A,5,N/A,12,N/A,5,N/A,13,N/A,5,N/A,13,N/A,5,01/01/2023,12/31/2024,N/A,5,No,
PIEDMONT HENRY HOSPITAL,110191,GA,2026,0.8744,,-0.7964,,07/01/2022,06/30/2024,0.497,,-0.2535,,0.547,,-0.0001,,1.488,,1.0925,,0.151,,-0.8775,,0.429,,-0.5607,,01/01/2023,12/31/2024,-0.2326,,No,
PIEDMONT EASTSIDE MEDICAL CENTER,110192,GA,2026,0.9403,,-0.3362,,07/01/2022,06/30/2024,0.984,,0.8762,,1.100,,1.3329,,1.422,,0.9794,,0.155,,-0.8620,,0.205,,-1.0288,,01/01/2023,12/31/2024,0.1603,,No,
DONALSONVILLE HOSPITAL INC,110194,GA,2026,0.9807,,-0.0542,,07/01/2022,06/30/2024,N/A,13,N/A,5,N/A,13,N/A,5,N/A,13,N/A,5,0.000,,-1.4622,,N/A,13,N/A,5,01/01/2023,12/31/2024,-0.7582,,No,
WELLSTAR NORTH FULTON MEDICAL CENTER,110198,GA,2026,1.3809,,2.5111,,07/01/2022,06/30/2024,0.765,,0.3682,,0.345,,-0.4870,,1.413,,0.9640,,0.305,,-0.2812,,0.451,,-0.5147,,01/01/2023,12/31/2024,0.4267,,Yes,
PIEDMONT COLUMBUS REGIONAL NORTHSIDE,110200,GA,2026,0.8834,,-0.7334,,07/01/2022,06/30/2024,0.310,,-0.6873,,0.593,,0.1108,,0.779,,-0.1220,,0.000,,-1.4622,,0.000,,-1.4573,,01/01/2023,12/31/2024,-0.7252,,No,
PIEDMONT MACON NORTH HOSPITAL,110201,GA,2026,0.9548,,-0.2352,,07/01/2022,06/30/2024,N/A,13,N/A,5,N/A,13,N/A,5,N/A,13,N/A,5,0.000,,-1.4622,,N/A,13,N/A,5,01/01/2023,12/31/2024,-0.8487,,No,
TURNING POINT HOSPITAL,110209,GA,2026,N/A,13,N/A,5,07/01/2022,06/30/2024,N/A,12,N/A,5,N/A,12,N/A,5,N/A,12,N/A,5,0.000,,-1.4622,,N/A,13,N/A,5,01/01/2023,12/31/2024,-1.4622,,No,
PIEDMONT FAYETTE HOSPITAL,110215,GA,2026,1.0689,,0.5613,,07/01/2022,06/30/2024,0.307,,-0.6943,,0.148,,-0.9619,,1.060,,0.3593,,0.165,,-0.8233,,0.247,,-0.9411,,01/01/2023,12/31/2024,-0.4166,,No,
PIEDMONT MOUNTAINSIDE HOSPITAL INC,110225,GA,2026,0.9389,,-0.3462,,07/01/2022,06/30/2024,0.322,,-0.6595,,0.878,,0.7978,,1.116,,0.4552,,0.180,,-0.7652,,0.000,,-1.4573,,01/01/2023,12/31/2024,-0.3292,,No,
EMORY HILLANDALE HOSPITAL,110226,GA,2026,0.9374,,-0.3561,,07/01/2022,06/30/2024,0.899,,0.6790,,0.476,,-0.1712,,1.761,,1.5601,,0.049,,-1.2724,,0.623,,-0.1553,,01/01/2023,12/31/2024,0.0473,,No,
"PIEDMONT NEWNAN HOSPITAL, INC",110229,GA,2026,1.0041,,0.1092,,07/01/2022,06/30/2024,0.590,,-0.0378,,0.309,,-0.5738,,0.620,,-0.3944,,0.102,,-1.0672,,0.703,,0.0119,,01/01/2023,12/31/2024,-0.3253,,No,
EMORY JOHNS CREEK HOSPITAL,110230,GA,2026,0.8443,,-1.0061,,07/01/2022,06/30/2024,0.984,,0.8762,,1.262,,1.7234,,1.711,,1.4745,,0.140,,-0.9201,,0.624,,-0.1532,,01/01/2023,12/31/2024,0.3325,,No,
"SOUTHEASTERN REGIONAL MEDICAL CENTER, INC",110233,GA,2026,1.0259,,0.2611,,07/01/2022,06/30/2024,N/A,13,N/A,5,N/A,13,N/A,5,0.453,,-0.6805,,0.606,,0.8843,,N/A,13,N/A,5,01/01/2023,12/31/2024,0.1550,,No,
SGMC BERRIEN CAMPUS,110234,GA,2026,N/A,13,N/A,5,07/01/2022,06/30/2024,N/A,13,N/A,5,N/A,13,N/A,5,N/A,12,N/A,5,N/A,13,N/A,5,N/A,13,N/A,5,01/01/2023,12/31/2024,N/A,5,No,
CHI MEMORIAL HOSPITAL- GEORGIA,110236,GA,2026,N/A,13,N/A,5,07/01/2022,06/30/2024,N/A,13,N/A,5,N/A,13,N/A,5,N/A,13,N/A,5,N/A,13,N/A,5,N/A,13,N/A,5,01/01/2023,12/31/2024,N/A,5,No,
NORTHEAST GEORGIA MEDICAL CENTER LUMPKIN,110237,GA,2026,N/A,13,N/A,5,07/01/2022,06/30/2024,N/A,13,N/A,5,N/A,13,N/A,5,N/A,13,N/A,5,0.000,,-1.4622,,N/A,13,N/A,5,01/01/2023,12/31/2024,-1.4622,,No,
NORTHSIDE HOSPITAL DULUTH,110252,GA,2026,0.9924,,0.0276,,07/01/2022,06/30/2024,1.007,,0.9295,,1.558,,2.3863,,3.434,,2.1717,,0.609,,0.8959,,0.261,,-0.9118,,01/01/2023,12/31/2024,0.9165,,Yes,
THE QUEENS MEDICAL CENTER,120001,HI,2026,1.3390,,2.4472,,07/01/2022,06/30/2024,0.767,,0.3728,,0.570,,0.0554,,2.144,,2.1717,,0.462,,0.3267,,0.619,,-0.1636,,01/01/2023,12/31/2024,0.8684,,Yes,
MAUI MEMORIAL MEDICAL CENTER,120002,HI,2026,1.1687,,1.2585,,07/01/2022,06/30/2024,1.616,,2.2402,,1.359,,1.9573,,1.246,,0.6779,,0.393,,0.0596,,1.105,,0.8521,,01/01/2023,12/31/2024,1.1743,,Yes,
HILO BENIOFF MEDICAL CENTER,120005,HI,2026,1.4026,,2.5111,,07/01/2022,06/30/2024,0.000,,-1.4065,,0.358,,-0.4557,,0.241,,-1.0436,,0.504,,0.4894,,0.895,,0.4132,,01/01/2023,12/31/2024,0.0846,,No,
ADVENTIST HEALTH CASTLE,120006,HI,2026,0.8068,,-1.2684,,07/01/2022,06/30/2024,0.379,,-0.5273,,0.152,,-0.9522,,0.341,,-0.8723,,0.174,,-0.7884,,0.357,,-0.7112,,01/01/2023,12/31/2024,-0.8533,,No,
KUAKINI MEDICAL CENTER,120007,HI,2026,1.1491,,1.1215,,07/01/2022,06/30/2024,0.000,,-1.4065,,0.954,,0.9810,,0.000,,-1.4565,,0.565,,0.7255,,0.362,,-0.7007,,01/01/2023,12/31/2024,-0.1226,,No,
KAISER FOUNDATION HOSPITAL,120011,HI,2026,1.0040,,0.1082,,07/01/2022,06/30/2024,0.794,,0.4354,,0.929,,0.9207,,1.564,,1.2227,,0.931,,2.1427,,0.146,,-1.1521,,01/01/2023,12/31/2024,0.6129,,Yes,
WILCOX MEMORIAL HOSPITAL,120014,HI,2026,1.0417,,0.3714,,07/01/2022,06/30/2024,1.110,,1.1685,,1.333,,1.8946,,2.865,,2.1717,,0.000,,-1.4622,,0.000,,-1.4573,,01/01/2023,12/31/2024,0.4478,,Yes,
KONA COMMUNITY HOSPITAL,120019,HI,2026,0.9073,,-0.5663,,07/01/2022,06/30/2024,0.960,,0.8205,,1.606,,2.3863,,0.754,,-0.1649,,0.628,,0.9695,,0.375,,-0.6736,,01/01/2023,12/31/2024,0.4619,,Yes,
STRAUB CLINIC AND HOSPITAL,120022,HI,2026,1.1719,,1.2807,,07/01/2022,06/30/2024,0.928,,0.7463,,0.684,,0.3302,,2.588,,2.1717,,0.372,,-0.0218,,0.172,,-1.0978,,01/01/2023,12/31/2024,0.5682,,Yes,
PALI MOMI MEDICAL CENTER,120026,HI,2026,0.7921,,-1.3706,,07/01/2022,06/30/2024,1.013,,0.9435,,0.000,,-1.3186,,1.127,,0.4741,,0.164,,-0.8271,,0.951,,0.5302,,01/01/2023,12/31/2024,-0.2614,,No,
"NORTH HAWAII COMMUNITY HOSPITAL, INC",120028,HI,2026,0.9606,,-0.1947,,07/01/2022,06/30/2024,2.151,,2.2402,,2.836,,2.3863,,2.455,,2.1717,,1.808,,2.1931,,N/A,13,N/A,5,01/01/2023,12/31/2024,1.7593,,Yes,
ST LUKES MAGIC VALLEY MEDICAL CENTER,130002,ID,2026,0.9972,,0.0611,,07/01/2022,06/30/2024,0.428,,-0.4136,,0.469,,-0.1881,,0.000,,-1.4565,,0.156,,-0.8581,,0.478,,-0.4583,,01/01/2023,12/31/2024,-0.5523,,No,
ST JOSEPH REGIONAL MEDICAL CENTER,130003,ID,2026,0.9178,,-0.4930,,07/01/2022,06/30/2024,0.864,,0.5978,,1.040,,1.1883,,1.548,,1.1953,,0.215,,-0.6297,,0.000,,-1.4573,,01/01/2023,12/31/2024,0.0669,,No,
ST LUKE'S REGIONAL MEDICAL CENTER,130006,ID,2026,0.8448,,-1.0027,,07/01/2022,06/30/2024,0.750,,0.3334,,0.751,,0.4917,,0.972,,0.2086,,0.568,,0.7372,,0.298,,-0.8345,,01/01/2023,12/31/2024,-0.0111,,No,
SAINT ALPHONSUS REGIONAL MEDICAL CENTER,130007,ID,2026,1.0255,,0.2587,,07/01/2022,06/30/2024,0.452,,-0.3579,,0.704,,0.3784,,1.031,,0.3096,,0.600,,0.8611,,0.446,,-0.5252,,01/01/2023,12/31/2024,0.1541,,No,
SAINT ALPHONSUS MEDICAL CENTER - NAMPA,130013,ID,2026,1.0101,,0.1513,,07/01/2022,06/30/2024,1.033,,0.9899,,1.507,,2.3140,,0.940,,0.1537,,0.668,,1.1244,,1.479,,1.6337,,01/01/2023,12/31/2024,1.0612,,Yes,
WEST VALLEY MEDICAL CENTER,130014,ID,2026,0.8761,,-0.7846,,07/01/2022,06/30/2024,N/A,13,N/A,5,0.000,,-1.3186,,0.627,,-0.3824,,0.000,,-1.4622,,N/A,13,N/A,5,01/01/2023,12/31/2024,-0.9870,,No,
EASTERN IDAHO REGIONAL MEDICAL CENTER,130018,ID,2026,0.8428,,-1.0172,,07/01/2022,06/30/2024,0.434,,-0.3997,,0.271,,-0.6654,,0.939,,0.1520,,0.158,,-0.8504,,0.705,,0.0161,,01/01/2023,12/31/2024,-0.4607,,No,
MADISON MEMORIAL HOSPITAL,130025,ID,2026,0.9626,,-0.1805,,07/01/2022,06/30/2024,N/A,13,N/A,5,0.000,,-1.3186,,N/A,13,N/A,5,0.160,,-0.8426,,N/A,13,N/A,5,01/01/2023,12/31/2024,-0.7806,,No,
PORTNEUF MEDICAL CENTER,130028,ID,2026,1.1218,,0.9305,,07/01/2022,06/30/2024,0.428,,-0.4136,,1.120,,1.3812,,0.188,,-1.1344,,0.351,,-0.1031,,0.285,,-0.8616,,01/01/2023,12/31/2024,-0.0335,,No,
KOOTENAI HEALTH,130049,ID,2026,1.2066,,1.5231,,07/01/2022,06/30/2024,0.363,,-0.5644,,0.222,,-0.7835,,1.333,,0.8270,,0.238,,-0.5406,,0.200,,-1.0393,,01/01/2023,12/31/2024,-0.0963,,No,
TREASURE VALLEY HOSPITAL,130063,ID,2026,0.9505,,-0.2650,,07/01/2022,06/30/2024,N/A,13,N/A,5,N/A,13,N/A,5,N/A,13,N/A,5,N/A,13,N/A,5,N/A,13,N/A,5,01/01/2023,12/31/2024,-0.2650,,No,
MOUNTAIN VIEW HOSPITAL,130065,ID,2026,1.0034,,0.1046,,07/01/2022,06/30/2024,N/A,13,N/A,5,N/A,13,N/A,5,0.500,29,-0.6000,29,0.000,29,-1.4622,29,N/A,13,N/A,5,01/01/2023,12/31/2024,-0.6525,,No,
NORTHWEST SPECIALTY HOSPITAL,130066,ID,2026,0.8847,,-0.7246,,07/01/2022,06/30/2024,N/A,13,N/A,5,N/A,13,N/A,5,0.603,,-0.4235,,N/A,13,N/A,5,N/A,13,N/A,5,01/01/2023,12/31/2024,-0.5741,,No,
ST LUKE'S NAMPA MEDICAL CENTER,130071,ID,2026,1.0242,,0.2496,,07/01/2022,06/30/2024,0.765,,0.3682,,1.079,,1.2823,,1.246,,0.6779,,0.338,,-0.1534,,0.000,,-1.4573,,01/01/2023,12/31/2024,0.1612,,No,
GROVE CREEK MEDICAL CENTER,130073,ID,2026,N/A,13,N/A,5,07/01/2022,06/30/2024,N/A,13,N/A,5,N/A,13,N/A,5,N/A,12,N/A,5,N/A,13,N/A,5,N/A,13,N/A,5,01/01/2023,12/31/2024,N/A,5,No,
"IDAHO FALLS COMMUNITY HOSPITAL, LLC",130074,ID,2026,0.8527,,-0.9480,,07/01/2022,06/30/2024,0.406,29,-0.4646,29,1.348,29,1.9308,29,1.289,29,0.7516,29,0.854,29,1.8446,29,N/A,13,N/A,5,01/01/2023,12/31/2024,0.6228,,Yes,
GRAHAM HOSPITAL ASSOCIATION,140001,IL,2026,0.8803,,-0.7550,,07/01/2022,06/30/2024,N/A,13,N/A,5,1.246,,1.6849,,0.516,,-0.5726,,0.951,,2.1931,,N/A,13,N/A,5,01/01/2023,12/31/2024,0.6376,,Yes,
ALTON MEMORIAL HOSPITAL,140002,IL,2026,0.8026,,-1.2973,,07/01/2022,06/30/2024,0.166,,-1.0214,,0.267,,-0.6750,,0.372,,-0.8192,,0.592,,0.8301,,0.000,,-1.4573,,01/01/2023,12/31/2024,-0.7400,,No,
SAINT JOSEPH MEDICAL CENTER,140007,IL,2026,1.3803,29,2.5111,29,07/01/2022,06/30/2024,0.976,29,0.8576,29,1.600,29,2.3863,29,1.273,29,0.7242,29,0.693,29,1.2212,29,1.142,29,0.9294,29,01/01/2023,12/31/2024,1.4383,,Yes,
LOYOLA GOTTLIEB MEMORIAL HOSPITAL,140008,IL,2026,0.8972,,-0.6368,,07/01/2022,06/30/2024,0.417,,-0.4391,,0.696,,0.3591,,0.000,,-1.4565,,0.491,,0.4390,,0.000,,-1.4573,,01/01/2023,12/31/2024,-0.5319,,No,
NORTHSHORE UNIVERSITY HEALTHSYSTEM - EVANSTON HOSPITAL,140010,IL,2026,0.5790,,-1.4834,,07/01/2022,06/30/2024,0.286,,-0.7430,,0.364,,-0.4412,,0.725,,-0.2145,,0.190,,-0.7265,,0.758,,0.1269,,01/01/2023,12/31/2024,-0.5803,,No,
HERRIN HOSPITAL,140011,IL,2026,1.0073,,0.1313,,07/01/2022,06/30/2024,0.436,,-0.3951,,0.633,,0.2072,,1.647,,1.3648,,0.919,,2.0963,,0.899,,0.4215,,01/01/2023,12/31/2024,0.6377,,Yes,
OSF SAINT KATHARINE MEDICAL CENTER,140012,IL,2026,1.2229,,1.6369,,07/01/2022,06/30/2024,N/A,13,N/A,5,2.381,,2.3863,,2.069,,2.0877,,1.300,,2.1931,,N/A,13,N/A,5,01/01/2023,12/31/2024,2.0760,,Yes,
CARLE HEALTH PROCTOR HOSPITAL,140013,IL,2026,0.8140,,-1.2181,,07/01/2022,06/30/2024,0.000,,-1.4065,,0.372,,-0.4219,,N/A,13,N/A,5,0.610,,0.8998,,N/A,13,N/A,5,01/01/2023,12/31/2024,-0.5367,,No,
BLESSING HOSPITAL,140015,IL,2026,1.0348,,0.3235,,07/01/2022,06/30/2024,0.777,,0.3960,,0.633,,0.2072,,1.048,,0.3388,,0.489,,0.4313,,0.245,,-0.9452,,01/01/2023,12/31/2024,0.1253,,No,
MT SINAI HOSPITAL MEDICAL CENTER,140018,IL,2026,1.2047,,1.5094,,07/01/2022,06/30/2024,1.784,,2.2402,,0.933,,0.9304,,1.126,,0.4724,,0.780,,1.5580,,2.048,,2.2251,,01/01/2023,12/31/2024,1.4893,,Yes,
COPLEY MEMORIAL HOSPITAL,140029,IL,2026,1.0711,,0.5770,,07/01/2022,06/30/2024,0.518,,-0.2048,,0.260,,-0.6919,,0.693,,-0.2694,,0.675,,1.1515,,0.660,,-0.0779,,01/01/2023,12/31/2024,0.0807,,No,
ADVOCATE SHERMAN HOSPITAL,140030,IL,2026,0.8167,,-1.1989,,07/01/2022,06/30/2024,0.478,,-0.2976,,0.662,,0.2771,,1.382,,0.9109,,0.343,,-0.1340,,0.212,,-1.0142,,01/01/2023,12/31/2024,-0.2428,,No,
ST ANTHONYS MEMORIAL HOSPITAL,140032,IL,2026,0.9514,,-0.2586,,07/01/2022,06/30/2024,0.558,,-0.1120,,1.070,,1.2606,,1.352,,0.8595,,0.284,,-0.3625,,0.631,,-0.1385,,01/01/2023,12/31/2024,0.2081,,No,
SSM HEALTH ST MARY'S HOSPITAL -CENTRALIA,140034,IL,2026,0.8946,,-0.6552,,07/01/2022,06/30/2024,N/A,13,N/A,5,N/A,13,N/A,5,N/A,13,N/A,5,0.591,,0.8262,,N/A,13,N/A,5,01/01/2023,12/31/2024,0.0855,,No,
CGH MEDICAL CENTER,140043,IL,2026,1.0339,,0.3169,,07/01/2022,06/30/2024,1.572,,2.2402,,0.865,,0.7665,,0.000,,-1.4565,,0.946,,2.1931,,0.000,,-1.4573,,01/01/2023,12/31/2024,0.4338,,Yes,
GOOD SAMARITAN REGIONAL HLTH CENTER,140046,IL,2026,0.9472,,-0.2880,,07/01/2022,06/30/2024,1.431,,1.9131,,0.000,,-1.3186,,0.350,,-0.8569,,0.267,,-0.4283,,1.032,,0.6995,,01/01/2023,12/31/2024,-0.0465,,No,
ADVOCATE TRINITY HOSPITAL,140048,IL,2026,0.8613,,-0.8880,,07/01/2022,06/30/2024,1.027,,0.9759,,0.686,,0.3350,,2.058,,2.0689,,0.242,,-0.5251,,0.560,,-0.2869,,01/01/2023,12/31/2024,0.2800,,No,
WEST SUBURBAN MEDICAL CENTER,140049,IL,2026,1.2595,,1.8922,,07/01/2022,06/30/2024,1.620,,2.2402,,0.843,,0.7134,,1.784,,1.5995,,0.591,,0.8262,,0.978,,0.5866,,01/01/2023,12/31/2024,1.3097,,Yes,
OSF SAINT ANTHONY'S HEALTH CENTER,140052,IL,2026,1.0219,,0.2332,,07/01/2022,06/30/2024,0.530,,-0.1770,,0.000,,-1.3186,,1.235,,0.6591,,0.246,,-0.5096,,N/A,13,N/A,5,01/01/2023,12/31/2024,-0.2226,,No,
ST JOHNS HOSPITAL,140053,IL,2026,1.5374,,2.5111,,07/01/2022,06/30/2024,0.462,,-0.3347,,0.330,,-0.5231,,0.787,,-0.1083,,0.307,,-0.2734,,0.562,,-0.2827,,01/01/2023,12/31/2024,0.1648,,No,
MACNEAL  HOSPITAL,140054,IL,2026,1.0194,,0.2161,,07/01/2022,06/30/2024,0.953,,0.8043,,0.474,,-0.1760,,0.221,,-1.0779,,0.271,,-0.4128,,0.323,,-0.7822,,01/01/2023,12/31/2024,-0.2381,,No,
JERSEY COMMUNITY HOSPITAL,140059,IL,2026,0.9452,,-0.3021,,07/01/2022,06/30/2024,N/A,13,N/A,5,N/A,13,N/A,5,N/A,13,N/A,5,0.000,,-1.4622,,N/A,13,N/A,5,01/01/2023,12/31/2024,-0.8821,,No,
PALOS COMMUNITY HOSPITAL,140062,IL,2026,1.2744,,1.9964,,07/01/2022,06/30/2024,0.236,,-0.8590,,1.333,,1.8946,,1.288,,0.7499,,0.476,,0.3809,,0.504,,-0.4040,,01/01/2023,12/31/2024,0.6265,,Yes,
RUSH OAK PARK HOSPITAL,140063,IL,2026,1.0544,,0.4604,,07/01/2022,06/30/2024,1.109,,1.1662,,0.000,,-1.3186,,0.630,,-0.3773,,0.285,,-0.3586,,1.310,,1.2805,,01/01/2023,12/31/2024,0.1421,,No,
ST MARY MEDICAL CENTER,140064,IL,2026,0.8620,,-0.8827,,07/01/2022,06/30/2024,0.978,,0.8623,,1.414,,2.0898,,1.443,,1.0154,,0.161,,-0.8388,,0.000,,-1.4573,,01/01/2023,12/31/2024,0.1315,,No,
UCHICAGO MEDICINE ADVENTHEALTH LA GRANGE,140065,IL,2026,1.0156,,0.1897,,07/01/2022,06/30/2024,0.175,,-1.0005,,0.000,,-1.3186,,0.000,,-1.4565,,0.696,,1.2328,,0.000,,-1.4573,,01/01/2023,12/31/2024,-0.6351,,No,
SAINT FRANCIS MEDICAL CENTER,140067,IL,2026,1.0625,,0.5169,,07/01/2022,06/30/2024,0.967,,0.8368,,0.749,,0.4869,,1.720,,1.4899,,0.467,,0.3461,,0.440,,-0.5377,,01/01/2023,12/31/2024,0.5231,,Yes,
ROSELAND COMMUNITY HOSPITAL,140068,IL,2026,1.1379,,1.0434,,07/01/2022,06/30/2024,N/A,11,2.2402,11,N/A,11,2.3863,11,N/A,11,2.1717,11,0.183,,-0.7536,,0.000,,-1.4573,,01/01/2023,12/31/2024,0.9385,,Yes,
TOUCHETTE REGIONAL HOSPITAL INC,140077,IL,2026,0.9942,,0.0400,,07/01/2022,06/30/2024,N/A,13,N/A,5,N/A,13,N/A,5,N/A,13,N/A,5,N/A,13,N/A,5,N/A,13,N/A,5,01/01/2023,12/31/2024,0.0400,,No,
SAINT FRANCIS HOSPITAL-EVANSTON,140080,IL,2026,0.8429,29,-1.0163,29,07/01/2022,06/30/2024,0.248,29,-0.8312,29,0.331,29,-0.5207,29,0.000,29,-1.4565,29,0.169,29,-0.8078,29,0.000,29,-1.4573,29,01/01/2023,12/31/2024,-1.0149,,No,
LOUIS A WEISS MEMORIAL HOSPITAL,140082,IL,2026,1.3216,,2.3255,,07/01/2022,06/30/2024,1.412,,1.8691,,0.423,,-0.2990,,N/A,13,N/A,5,0.964,,2.1931,,2.558,,2.2251,,01/01/2023,12/31/2024,1.6627,,Yes,
LORETTO HOSPITAL,140083,IL,2026,0.9660,,-0.1568,,07/01/2022,06/30/2024,N/A,13,N/A,5,N/A,13,N/A,5,N/A,13,N/A,5,0.000,,-1.4622,,N/A,13,N/A,5,01/01/2023,12/31/2024,-0.8095,,No,
VISTA MEDICAL CENTER EAST,140084,IL,2026,0.8811,,-0.7498,,07/01/2022,06/30/2024,0.443,,-0.3788,,0.000,,-1.3186,,0.000,,-1.4565,,0.502,,0.4816,,0.401,,-0.6192,,01/01/2023,12/31/2024,-0.6736,,No,
THE UNIVERSITY OF CHICAGO MEDICAL CENTER,140088,IL,2026,0.8426,,-1.0182,,07/01/2022,06/30/2024,0.639,,0.0759,,0.376,,-0.4123,,1.004,,0.2634,,0.569,,0.7410,,0.664,,-0.0696,,01/01/2023,12/31/2024,-0.0700,,No,
MC DONOUGH DISTRICT HOSPITAL,140089,IL,2026,0.9834,,-0.0357,,07/01/2022,06/30/2024,N/A,13,N/A,5,N/A,13,N/A,5,N/A,13,N/A,5,0.410,,0.1254,,N/A,13,N/A,5,01/01/2023,12/31/2024,0.0448,,No,
CARLE FOUNDATION HOSPITAL,140091,IL,2026,0.7979,,-1.3304,,07/01/2022,06/30/2024,0.382,,-0.5203,,0.851,,0.7327,,1.155,,0.5220,,0.218,,-0.6181,,0.411,,-0.5983,,01/01/2023,12/31/2024,-0.3020,,No,
OSF SACRED HEART MEDICAL CENTER,140093,IL,2026,1.0382,,0.3471,,07/01/2022,06/30/2024,0.668,,0.1431,,0.000,,-1.3186,,N/A,13,N/A,5,0.755,,1.4612,,1.830,,2.2251,,01/01/2023,12/31/2024,0.5716,,Yes,
SAINT ANTHONY HOSPITAL,140095,IL,2026,0.9546,,-0.2367,,07/01/2022,06/30/2024,0.000,,-1.4065,,0.000,,-1.3186,,0.000,,-1.4565,,0.049,,-1.2724,,0.379,,-0.6652,,01/01/2023,12/31/2024,-1.0593,,No,
"MIDWESTERN REGION MED CENTER, INC",140100,IL,2026,0.9954,,0.0483,,07/01/2022,06/30/2024,N/A,13,N/A,5,N/A,13,N/A,5,1.011,,0.2754,,0.528,,0.5823,,N/A,13,N/A,5,01/01/2023,12/31/2024,0.3020,,No,
MORRIS HOSPITAL & HEALTHCARE CENTERS,140101,IL,2026,0.9056,,-0.5782,,07/01/2022,06/30/2024,0.334,,-0.6317,,0.324,,-0.5376,,0.000,,-1.4565,,0.396,,0.0712,,0.000,,-1.4573,,01/01/2023,12/31/2024,-0.7650,,No,
ST BERNARD HOSPITAL,140103,IL,2026,0.9483,,-0.2801,,07/01/2022,06/30/2024,0.683,,0.1779,,0.695,,0.3567,,N/A,13,N/A,5,0.495,,0.4545,,0.000,,-1.4573,,01/01/2023,12/31/2024,-0.1496,,No,
OSF SAINT ELIZABETH MDL CTR,140110,IL,2026,0.8201,,-1.1751,,07/01/2022,06/30/2024,2.772,,2.2402,,0.357,,-0.4581,,0.319,,-0.9100,,0.279,,-0.3819,,0.685,,-0.0257,,01/01/2023,12/31/2024,-0.1184,,No,
OSF HEART OF MARY MEDICAL CENTER,140113,IL,2026,0.9304,,-0.4056,,07/01/2022,06/30/2024,1.316,,1.6464,,0.653,,0.2554,,2.759,,2.1717,,0.387,,0.0363,,0.000,,-1.4573,,01/01/2023,12/31/2024,0.3745,,No,
SWEDISH HOSPITAL,140114,IL,2026,0.8204,,-1.1735,,07/01/2022,06/30/2024,0.639,,0.0759,,1.007,,1.1088,,1.850,,1.7126,,0.328,,-0.1921,,0.223,,-0.9912,,01/01/2023,12/31/2024,0.0901,,No,
THOREK MEMORIAL HOSPITAL,140115,IL,2026,1.1278,,0.9724,,07/01/2022,06/30/2024,N/A,13,N/A,5,N/A,13,N/A,5,N/A,13,N/A,5,0.544,,0.6442,,N/A,13,N/A,5,01/01/2023,12/31/2024,0.8083,,Yes,
NORTHWESTERN MEDICINE MCHENRY,140116,IL,2026,0.8663,,-0.8527,,07/01/2022,06/30/2024,0.655,,0.1130,,0.217,,-0.7955,,0.781,,-0.1186,,0.147,,-0.8930,,0.331,,-0.7655,,01/01/2023,12/31/2024,-0.5521,,No,
AMITA HEALTH RESURRECTION MEDICAL CENTER,140117,IL,2026,1.2944,29,2.1359,29,07/01/2022,06/30/2024,0.815,29,0.4841,29,0.477,29,-0.1688,29,0.740,29,-0.1889,29,0.544,29,0.6442,29,0.292,29,-0.8470,29,01/01/2023,12/31/2024,0.3433,,No,
RUSH UNIVERSITY MEDICAL CENTER,140119,IL,2026,0.7120,,-1.4834,,07/01/2022,06/30/2024,0.475,,-0.3046,,0.248,,-0.7208,,0.558,,-0.5006,,0.545,,0.6481,,0.790,,0.1937,,01/01/2023,12/31/2024,-0.3613,,No,
CARLE HEALTH PEKIN HOSPITAL,140120,IL,2026,0.9267,,-0.4310,,07/01/2022,06/30/2024,N/A,13,N/A,5,0.810,,0.6339,,N/A,13,N/A,5,0.801,,1.6394,,N/A,13,N/A,5,01/01/2023,12/31/2024,0.6141,,Yes,
UCHICAGO MEDICINE ADVENTHEALTH HINSDALE,140122,IL,2026,0.7550,,-1.4834,,07/01/2022,06/30/2024,0.898,,0.6767,,0.586,,0.0939,,1.284,,0.7430,,0.365,,-0.0489,,0.396,,-0.6297,,01/01/2023,12/31/2024,-0.1080,,No,
JOHN H STROGER JR HOSPITAL,140124,IL,2026,0.9096,,-0.5509,,07/01/2022,06/30/2024,0.660,,0.1246,,0.558,,0.0265,,0.784,,-0.1135,,0.439,,0.2377,,0.670,,-0.0570,,01/01/2023,12/31/2024,-0.0555,,No,
GATEWAY REGIONAL MEDICAL CENTER,140125,IL,2026,0.9554,,-0.2308,,07/01/2022,06/30/2024,0.000,,-1.4065,,0.756,,0.5037,,N/A,13,N/A,5,0.506,,0.4971,,N/A,13,N/A,5,01/01/2023,12/31/2024,-0.1591,,No,
CARLE BROMENN MEDICAL CENTER,140127,IL,2026,0.8517,,-0.9548,,07/01/2022,06/30/2024,0.566,,-0.0935,,1.155,,1.4655,,1.884,,1.7708,,0.212,,-0.6413,,0.614,,-0.1741,,01/01/2023,12/31/2024,0.2288,,No,
NORTHWESTERN LAKE FOREST HOSPITAL,140130,IL,2026,1.0738,,0.5960,,07/01/2022,06/30/2024,0.640,,0.0782,,0.614,,0.1614,,0.479,,-0.6359,,0.312,,-0.2541,,0.213,,-1.0121,,01/01/2023,12/31/2024,-0.1778,,No,
HOLY CROSS HOSPITAL,140133,IL,2026,0.9300,,-0.4081,,07/01/2022,06/30/2024,0.825,,0.5073,,0.477,,-0.1688,,N/A,13,N/A,5,0.441,,0.2454,,0.500,,-0.4123,,01/01/2023,12/31/2024,-0.0473,,No,
DECATUR MEMORIAL HOSPITAL,140135,IL,2026,1.0770,,0.6184,,07/01/2022,06/30/2024,0.500,,-0.2466,,0.126,,-1.0149,,1.095,,0.4193,,0.226,,-0.5871,,0.468,,-0.4792,,01/01/2023,12/31/2024,-0.2150,,No,
HSHS HOLY FAMILY HOSPITAL INC,140137,IL,2026,N/A,13,N/A,5,07/01/2022,06/30/2024,N/A,13,N/A,5,N/A,13,N/A,5,N/A,13,N/A,5,N/A,13,N/A,5,N/A,13,N/A,5,01/01/2023,12/31/2024,N/A,5,No,
ST JOSEPHS HOSPITAL,140145,IL,2026,0.9448,,-0.3051,,07/01/2022,06/30/2024,N/A,13,N/A,5,N/A,13,N/A,5,N/A,13,N/A,5,0.605,,0.8804,,N/A,13,N/A,5,01/01/2023,12/31/2024,0.2877,,No,
MEMORIAL MEDICAL CENTER,140148,IL,2026,1.4793,,2.5111,,07/01/2022,06/30/2024,1.013,,0.9435,,0.636,,0.2145,,1.322,,0.8081,,0.530,,0.5900,,0.345,,-0.7362,,01/01/2023,12/31/2024,0.7218,,Yes,
UNIVERSITY OF ILLINOIS HOSPITAL AND CLINICS,140150,IL,2026,1.1401,,1.0589,,07/01/2022,06/30/2024,0.830,,0.5189,,0.609,,0.1494,,0.817,,-0.0570,,0.357,,-0.0798,,0.770,,0.1520,,01/01/2023,12/31/2024,0.2904,,No,
PRESENCE ST MARYS HOSPITAL,140155,IL,2026,0.8982,29,-0.6305,29,07/01/2022,06/30/2024,0.000,29,-1.4065,29,0.000,29,-1.3186,29,0.000,29,-1.4565,29,0.138,29,-0.9278,29,0.957,29,0.5428,29,01/01/2023,12/31/2024,-0.8662,,No,
INSIGHT HOSPITAL AND MEDICAL CENTER CHICAGO,140158,IL,2026,1.1329,,1.0082,,07/01/2022,06/30/2024,N/A,13,N/A,5,0.000,,-1.3186,,N/A,13,N/A,5,1.017,,2.1931,,N/A,13,N/A,5,01/01/2023,12/31/2024,0.6275,,Yes,
FHN MEMORIAL HOSPITAL,140160,IL,2026,0.8749,,-0.7928,,07/01/2022,06/30/2024,0.000,,-1.4065,,0.000,,-1.3186,,0.645,,-0.3516,,0.496,,0.4584,,0.000,,-1.4573,,01/01/2023,12/31/2024,-0.8114,,No,
SAINT JAMES HOSPITAL,140161,IL,2026,0.9459,,-0.2973,,07/01/2022,06/30/2024,N/A,13,N/A,5,N/A,13,N/A,5,N/A,13,N/A,5,0.407,,0.1138,,N/A,13,N/A,5,01/01/2023,12/31/2024,-0.0918,,No,
ST JOSEPH MEDICAL CENTER,140162,IL,2026,0.7776,,-1.4720,,07/01/2022,06/30/2024,0.635,,0.0666,,0.894,,0.8364,,2.059,,2.0706,,0.211,,-0.6452,,0.556,,-0.2953,,01/01/2023,12/31/2024,0.0935,,No,
MEMORIAL HOSPITAL OF CARBONDALE,140164,IL,2026,1.1989,,1.4692,,07/01/2022,06/30/2024,0.268,,-0.7848,,0.746,,0.4796,,1.300,,0.7704,,0.524,,0.5668,,1.184,,1.0172,,01/01/2023,12/31/2024,0.5864,,Yes,
ST MARYS HOSPITAL,140166,IL,2026,1.6719,,2.5111,,07/01/2022,06/30/2024,0.000,,-1.4065,,0.572,,0.0602,,0.448,,-0.6890,,0.461,,0.3229,,1.701,,2.0976,,01/01/2023,12/31/2024,0.4827,,Yes,
FRANCISCAN HEALTH OLYMPIA & CHICAGO HEIGHTS,140172,IL,2026,1.0879,,0.6945,,07/01/2022,06/30/2024,1.244,,1.4793,,1.000,,1.0919,,1.053,,0.3473,,0.485,,0.4158,,0.660,,-0.0779,,01/01/2023,12/31/2024,0.6585,,Yes,
PRESENCE MERCY MEDICAL CENTER,140174,IL,2026,0.9725,29,-0.1112,29,07/01/2022,06/30/2024,1.001,29,0.9156,29,1.350,29,1.9356,29,1.536,29,1.1747,29,0.497,29,0.4622,29,N/A,13,N/A,5,01/01/2023,12/31/2024,0.8754,,Yes,
JACKSON PARK HOSPITAL,140177,IL,2026,0.9612,,-0.1907,,07/01/2022,06/30/2024,N/A,13,N/A,5,0.000,,-1.3186,,N/A,11,2.1717,11,N/A,11,2.1931,11,N/A,11,2.2251,11,01/01/2023,12/31/2024,1.0161,,Yes,
OSF LITTLE COMPANY OF MARY MEDICAL CENTER,140179,IL,2026,0.9328,,-0.3886,,07/01/2022,06/30/2024,0.856,,0.5793,,0.937,,0.9400,,2.181,,2.1717,,0.215,,-0.6297,,0.520,,-0.3705,,01/01/2023,12/31/2024,0.3837,,Yes,
PRESENCE SAINTS MARY AND ELIZABETH MEDICAL CENTER,140180,IL,2026,1.0256,29,0.2591,29,07/01/2022,06/30/2024,0.714,29,0.2498,29,0.000,29,-1.3186,29,0.581,29,-0.4612,29,0.273,29,-0.4051,29,0.428,29,-0.5628,29,01/01/2023,12/31/2024,-0.3731,,No,
SOUTH SHORE HOSPITAL,140181,IL,2026,0.9530,,-0.2473,,07/01/2022,06/30/2024,7.581,,2.2402,,1.540,,2.3863,,N/A,13,N/A,5,1.127,,2.1931,,3.396,,2.2251,,01/01/2023,12/31/2024,1.7595,,Yes,
ADVOCATE ILLINOIS MASONIC MEDICAL CENTER,140182,IL,2026,1.4195,,2.5111,,07/01/2022,06/30/2024,1.327,,1.6719,,0.529,,-0.0435,,1.209,,0.6145,,0.388,,0.0402,,0.249,,-0.9369,,01/01/2023,12/31/2024,0.6429,,Yes,
HEARTLAND REGIONAL MEDICAL CENTER,140184,IL,2026,0.9971,,0.0606,,07/01/2022,06/30/2024,2.117,,2.2402,,0.258,,-0.6967,,3.259,,2.1717,,0.817,,1.7013,,N/A,13,N/A,5,01/01/2023,12/31/2024,1.0954,,Yes,
MEMORIAL HOSPITAL,140185,IL,2026,0.7346,,-1.4834,,07/01/2022,06/30/2024,0.981,,0.8692,,0.294,,-0.6099,,0.494,,-0.6103,,0.142,,-0.9123,,0.934,,0.4947,,01/01/2023,12/31/2024,-0.3753,,No,
RIVERSIDE MEDICAL CENTER,140186,IL,2026,0.9435,,-0.3136,,07/01/2022,06/30/2024,0.297,,-0.7175,,0.291,,-0.6172,,0.571,,-0.4784,,0.514,,0.5281,,0.000,,-1.4573,,01/01/2023,12/31/2024,-0.5093,,No,
HSHS ST ELIZABETH'S HOSPITAL,140187,IL,2026,0.9684,,-0.1403,,07/01/2022,06/30/2024,0.093,,-1.1907,,0.248,,-0.7208,,0.136,,-1.2235,,0.163,,-0.8310,,0.430,,-0.5586,,01/01/2023,12/31/2024,-0.7775,,No,
SARAH BUSH LINCOLN HEALTH CENTER,140189,IL,2026,0.9723,,-0.1126,,07/01/2022,06/30/2024,0.829,,0.5166,,1.963,,2.3863,,0.739,,-0.1906,,0.523,,0.5629,,1.571,,1.8259,,01/01/2023,12/31/2024,0.8314,,Yes,
INGALLS MEMORIAL HOSPITAL,140191,IL,2026,1.0800,,0.6393,,07/01/2022,06/30/2024,0.346,,-0.6038,,0.653,,0.2554,,1.021,,0.2925,,0.155,,-0.8620,,1.040,,0.7162,,01/01/2023,12/31/2024,0.0729,,No,
METHODIST HOSPITAL OF CHICAGO,140197,IL,2026,N/A,13,N/A,5,07/01/2022,06/30/2024,N/A,13,N/A,5,N/A,13,N/A,5,N/A,13,N/A,5,0.000,,-1.4622,,N/A,13,N/A,5,01/01/2023,12/31/2024,-1.4622,,No,
ELMHURST MEMORIAL HOSPITAL,140200,IL,2026,0.8943,,-0.6574,,07/01/2022,06/30/2024,0.122,,-1.1235,,0.782,,0.5664,,0.214,,-1.0899,,0.119,,-1.0014,,0.974,,0.5783,,01/01/2023,12/31/2024,-0.4546,,No,
ADVOCATE CONDELL MEDICAL CENTER,140202,IL,2026,0.8223,,-1.1598,,07/01/2022,06/30/2024,0.513,,-0.2164,,0.506,,-0.0989,,0.981,,0.2240,,0.352,,-0.0992,,0.840,,0.2982,,01/01/2023,12/31/2024,-0.1754,,No,
HUMBOLDT PARK HEALTH,140206,IL,2026,0.9487,,-0.2775,,07/01/2022,06/30/2024,0.736,,0.3009,,0.860,,0.7544,,N/A,13,N/A,5,0.563,,0.7178,,1.690,,2.0746,,01/01/2023,12/31/2024,0.7141,,Yes,
ADVOCATE CHRIST HOSPITAL & MEDICAL CENTER,140208,IL,2026,0.9239,,-0.4509,,07/01/2022,06/30/2024,0.750,,0.3334,,0.645,,0.2362,,1.624,,1.3254,,0.566,,0.7294,,0.494,,-0.4249,,01/01/2023,12/31/2024,0.2914,,No,
CARLE HEALTH METHODIST HOSPITAL,140209,IL,2026,0.9389,,-0.3462,,07/01/2022,06/30/2024,1.318,,1.6510,,0.483,,-0.1543,,0.861,,0.0184,,0.351,,-0.1031,,0.608,,-0.1866,,01/01/2023,12/31/2024,0.1465,,No,
HARRISBURG MEDICAL CENTER,140210,IL,2026,0.9838,,-0.0323,,07/01/2022,06/30/2024,N/A,13,N/A,5,N/A,13,N/A,5,N/A,13,N/A,5,0.886,,1.9685,,N/A,13,N/A,5,01/01/2023,12/31/2024,0.9681,,Yes,
NORTHWESTERN MEDICINE DELNOR COMMUNITY HOSPITAL,140211,IL,2026,0.6875,,-1.4834,,07/01/2022,06/30/2024,0.170,,-1.0121,,0.912,,0.8798,,0.559,,-0.4989,,0.370,,-0.0295,,0.274,,-0.8846,,01/01/2023,12/31/2024,-0.5048,,No,
SILVER CROSS HOSPITAL  AND MEDICAL CENTERS,140213,IL,2026,1.1109,,0.8549,,07/01/2022,06/30/2024,1.063,,1.0595,,0.844,,0.7159,,0.333,,-0.8860,,0.208,,-0.6568,,0.452,,-0.5126,,01/01/2023,12/31/2024,0.0958,,No,
SAINT JOSEPH HOSPITAL-ELGIN,140217,IL,2026,0.8552,29,-0.9302,29,07/01/2022,06/30/2024,0.000,29,-1.4065,29,2.190,29,2.3863,29,N/A,13,N/A,5,0.533,29,0.6016,29,0.775,29,0.1624,29,01/01/2023,12/31/2024,0.1627,,No,
ADVOCATE LUTHERAN GENERAL HOSPITAL,140223,IL,2026,0.8601,,-0.8964,,07/01/2022,06/30/2024,1.031,,0.9852,,0.669,,0.2940,,1.526,,1.1576,,0.478,,0.3887,,0.416,,-0.5879,,01/01/2023,12/31/2024,0.2235,,No,
PRESENCE SAINT JOSEPH HOSPITAL - CHICAGO,140224,IL,2026,1.0106,29,0.1543,29,07/01/2022,06/30/2024,0.290,29,-0.7337,29,0.941,29,0.9497,29,0.000,29,-1.4565,29,0.157,29,-0.8542,29,0.000,29,-1.4573,29,01/01/2023,12/31/2024,-0.5663,,No,
UW HEALTH,140228,IL,2026,0.9050,,-0.5824,,07/01/2022,06/30/2024,0.502,,-0.2419,,0.405,,-0.3424,,0.342,,-0.8706,,0.370,,-0.0295,,0.247,,-0.9411,,01/01/2023,12/31/2024,-0.5013,,No,
EDWARD HOSPITAL,140231,IL,2026,0.8014,,-1.3061,,07/01/2022,06/30/2024,0.429,,-0.4113,,0.581,,0.0819,,0.802,,-0.0826,,0.325,,-0.2037,,0.461,,-0.4938,,01/01/2023,12/31/2024,-0.4026,,No,
SAINT ANTHONY MEDICAL CENTER,140233,IL,2026,0.9111,,-0.5403,,07/01/2022,06/30/2024,0.640,,0.0782,,0.527,,-0.0483,,1.669,,1.4025,,0.314,,-0.2463,,0.180,,-1.0811,,01/01/2023,12/31/2024,-0.0725,,No,
JAVON BEA HOSPITAL,140239,IL,2026,0.9863,,-0.0153,,07/01/2022,06/30/2024,1.972,,2.2402,,0.304,,-0.5858,,1.064,,0.3662,,0.659,,1.0895,,1.350,,1.3641,,01/01/2023,12/31/2024,0.7431,,Yes,
NORTHWESTERN MEDICINE CENTRAL DUPAGE HOSPITAL,140242,IL,2026,0.7271,,-1.4834,,07/01/2022,06/30/2024,0.674,,0.1571,,0.362,,-0.4460,,1.114,,0.4518,,0.235,,-0.5522,,0.555,,-0.2974,,01/01/2023,12/31/2024,-0.3617,,No,
COMMUNITY FIRST MEDICAL CENTER,140251,IL,2026,0.9828,,-0.0393,,07/01/2022,06/30/2024,0.491,,-0.2675,,0.000,,-1.3186,,0.000,,-1.4565,,0.573,,0.7565,,0.000,,-1.4573,,01/01/2023,12/31/2024,-0.6304,,No,
NORTHWEST COMMUNITY HOSPITAL 1,140252,IL,2026,0.7418,,-1.4834,,07/01/2022,06/30/2024,0.556,,-0.1167,,0.283,,-0.6364,,0.758,,-0.1580,,0.281,,-0.3741,,0.485,,-0.4437,,01/01/2023,12/31/2024,-0.5354,,No,
ALEXIAN BROTHERS MEDICAL CENTER 1,140258,IL,2026,0.9728,29,-0.1094,29,07/01/2022,06/30/2024,0.528,29,-0.1816,29,0.567,29,0.0481,29,1.172,29,0.5512,29,0.138,29,-0.9278,29,0.414,29,-0.5920,29,01/01/2023,12/31/2024,-0.2019,,No,
GENESIS HLTH SYSTEM DBA GENESIS MDL CTR-ILLINI,140275,IL,2026,1.0215,,0.2309,,07/01/2022,06/30/2024,0.000,,-1.4065,,0.729,,0.4386,,1.474,,1.0685,,0.737,,1.3915,,N/A,13,N/A,5,01/01/2023,12/31/2024,0.3446,,No,
LOYOLA UNIVERSITY MEDICAL CENTER,140276,IL,2026,1.3665,,2.5111,,07/01/2022,06/30/2024,1.002,,0.9179,,0.642,,0.2289,,0.604,,-0.4218,,0.646,,1.0392,,1.111,,0.8646,,01/01/2023,12/31/2024,0.8567,,Yes,
TRINITY ROCK ISLAND,140280,IL,2026,0.9852,,-0.0226,,07/01/2022,06/30/2024,0.646,,0.0921,,0.605,,0.1397,,0.520,,-0.5657,,0.421,,0.1680,,0.962,,0.5532,,01/01/2023,12/31/2024,0.0608,,No,
NORTHWESTERN MEMORIAL HOSPITAL,140281,IL,2026,0.7415,,-1.4834,,07/01/2022,06/30/2024,0.824,,0.5050,,0.688,,0.3398,,0.662,,-0.3225,,0.495,,0.4545,,0.663,,-0.0717,,01/01/2023,12/31/2024,-0.0964,,No,
NORTHWESTERN MEDICINE KISHWAUKEE HOSPITAL,140286,IL,2026,0.8033,,-1.2926,,07/01/2022,06/30/2024,0.548,,-0.1352,,0.000,,-1.3186,,0.401,,-0.7696,,0.227,,-0.5832,,1.761,,2.2230,,01/01/2023,12/31/2024,-0.3127,,No,
ADVOCATE GOOD SAMARITAN HOSPITAL,140288,IL,2026,1.1594,,1.1931,,07/01/2022,06/30/2024,0.641,,0.0805,,0.472,,-0.1809,,1.375,,0.8989,,0.245,,-0.5135,,0.457,,-0.5022,,01/01/2023,12/31/2024,0.1627,,No,
ANDERSON HOSPITAL,140289,IL,2026,1.1027,,0.7973,,07/01/2022,06/30/2024,0.000,,-1.4065,,0.091,,-1.0993,,0.244,,-1.0385,,0.341,,-0.1418,,0.749,,0.1081,,01/01/2023,12/31/2024,-0.4635,,No,
ST ALEXIUS MEDICAL CENTER,140290,IL,2026,0.9397,29,-0.3405,29,07/01/2022,06/30/2024,0.831,29,0.5213,29,0.517,29,-0.0724,29,0.700,29,-0.2574,29,0.189,29,-0.7303,29,0.185,29,-1.0706,29,01/01/2023,12/31/2024,-0.3250,,No,
ADVOCATE GOOD SHEPHERD HOSPITAL,140291,IL,2026,0.7880,,-1.3997,,07/01/2022,06/30/2024,0.430,,-0.4090,,0.256,,-0.7015,,0.863,,0.0218,,0.161,,-0.8388,,0.200,,-1.0393,,01/01/2023,12/31/2024,-0.7277,,No,
UCHICAGO MEDICINE ADVENTHEALTH GLENOAKS,140292,IL,2026,0.8541,,-0.9383,,07/01/2022,06/30/2024,1.164,,1.2938,,0.651,,0.2506,,0.000,,-1.4565,,0.501,,0.4777,,0.576,,-0.2535,,01/01/2023,12/31/2024,-0.1044,,No,
DEACONESS ILLINOIS CROSSROADS,140294,IL,2026,0.9748,,-0.0951,,07/01/2022,06/30/2024,N/A,13,N/A,5,N/A,13,N/A,5,N/A,13,N/A,5,0.000,,-1.4622,,N/A,13,N/A,5,01/01/2023,12/31/2024,-0.7786,,No,
PROVIDENT HOSPITAL OF CHICAGO,140300,IL,2026,N/A,13,N/A,5,07/01/2022,06/30/2024,N/A,13,N/A,5,N/A,13,N/A,5,N/A,12,N/A,5,0.758,,1.4729,,N/A,13,N/A,5,01/01/2023,12/31/2024,1.4729,,Yes,
UCHICAGO MEDICINE ADVENTHEALTH BOLINGBROOK,140304,IL,2026,0.8961,,-0.6447,,07/01/2022,06/30/2024,0.000,,-1.4065,,0.500,,-0.1134,,0.000,,-1.4565,,0.536,,0.6133,,0.651,,-0.0967,,01/01/2023,12/31/2024,-0.5174,,No,
MERCYHEALTH HOSPITAL & PHYSICIAN CLINIC-CRYSTAL LA,140308,IL,2026,N/A,5,N/A,5,07/01/2022,06/30/2024,N/A,13,N/A,5,N/A,13,N/A,5,N/A,13,N/A,5,N/A,13,N/A,5,N/A,13,N/A,5,01/01/2023,12/31/2024,N/A,5,No,
JOHNSON MEMORIAL HOSPITAL,150001,IN,2026,0.9414,,-0.3287,,07/01/2022,06/30/2024,N/A,13,N/A,5,0.000,,-1.3186,,0.760,,-0.1546,,0.229,,-0.5755,,N/A,13,N/A,5,01/01/2023,12/31/2024,-0.5943,,No,
METHODIST HOSPITALS INC,150002,IN,2026,1.1529,,1.1479,,07/01/2022,06/30/2024,1.074,,1.0850,,0.381,,-0.4002,,2.147,,2.1717,,0.784,,1.5735,,0.185,,-1.0706,,01/01/2023,12/31/2024,0.7512,,Yes,
HENDRICKS REGIONAL HEALTH,150005,IN,2026,0.8258,,-1.1359,,07/01/2022,06/30/2024,0.356,,-0.5806,,0.577,,0.0723,,0.743,,-0.1837,,0.670,,1.1321,,0.000,,-1.4573,,01/01/2023,12/31/2024,-0.3589,,No,
NORTHWEST HEALTH-LA PORTE,150006,IN,2026,0.8613,,-0.8878,,07/01/2022,06/30/2024,0.409,,-0.4577,,1.107,,1.3498,,0.000,,-1.4565,,0.464,,0.3345,,0.923,,0.4717,,01/01/2023,12/31/2024,-0.1077,,No,
COMMUNITY HOWARD REGIONAL HEALTH INC.,150007,IN,2026,0.9712,,-0.1208,,07/01/2022,06/30/2024,0.000,,-1.4065,,0.000,,-1.3186,,2.022,,2.0072,,0.333,,-0.1728,,0.406,,-0.6088,,01/01/2023,12/31/2024,-0.2700,,No,
ST CATHERINE HOSPITAL INC,150008,IN,2026,1.1234,,0.9421,,07/01/2022,06/30/2024,1.985,,2.2402,,0.962,,1.0003,,0.709,,-0.2420,,0.320,,-0.2231,,0.827,,0.2711,,01/01/2023,12/31/2024,0.6648,,Yes,
NORTON CLARK HOSPITAL,150009,IN,2026,0.9166,,-0.5019,,07/01/2022,06/30/2024,0.290,,-0.7337,,0.392,,-0.3737,,1.186,,0.5751,,0.464,,0.3345,,0.422,,-0.5753,,01/01/2023,12/31/2024,-0.2125,,No,
ASCENSION ST VINCENT KOKOMO,150010,IN,2026,0.9589,29,-0.2065,29,07/01/2022,06/30/2024,0.000,29,-1.4065,29,0.000,29,-1.3186,29,N/A,13,N/A,5,0.243,29,-0.5213,29,N/A,13,N/A,5,01/01/2023,12/31/2024,-0.8632,,No,
MARION GENERAL HOSPITAL,150011,IN,2026,1.1676,,1.2506,,07/01/2022,06/30/2024,0.867,,0.6048,,0.000,,-1.3186,,0.000,,-1.4565,,0.454,,0.2958,,N/A,13,N/A,5,01/01/2023,12/31/2024,-0.1248,,No,
SAINT JOSEPH REGIONAL MEDICAL CENTER,150012,IN,2026,1.1184,,0.9074,,07/01/2022,06/30/2024,0.458,,-0.3440,,0.147,,-0.9643,,0.731,,-0.2043,,0.336,,-0.1611,,0.293,,-0.8449,,01/01/2023,12/31/2024,-0.2685,,No,
FRANCISCAN HEALTH MICHIGAN CITY,150015,IN,2026,0.8978,,-0.6331,,07/01/2022,06/30/2024,0.122,,-1.1235,,0.722,,0.4218,,0.732,,-0.2026,,0.867,,1.8949,,1.119,,0.8813,,01/01/2023,12/31/2024,0.2065,,No,
LUTHERAN HOSPITAL OF INDIANA,150017,IN,2026,0.8128,,-1.2266,,07/01/2022,06/30/2024,0.356,,-0.5806,,0.559,,0.0289,,0.710,,-0.2402,,0.408,,0.1176,,0.120,,-1.2065,,01/01/2023,12/31/2024,-0.5179,,No,
ELKHART GENERAL HOSPITAL,150018,IN,2026,0.9587,,-0.2076,,07/01/2022,06/30/2024,0.537,,-0.1608,,0.400,,-0.3544,,0.961,,0.1897,,0.288,,-0.3470,,0.694,,-0.0069,,01/01/2023,12/31/2024,-0.1478,,No,
PARKVIEW REGIONAL MEDICAL CENTER,150021,IN,2026,0.9049,,-0.5836,,07/01/2022,06/30/2024,0.698,,0.2127,,0.404,,-0.3448,,0.679,,-0.2933,,0.326,,-0.1999,,0.454,,-0.5084,,01/01/2023,12/31/2024,-0.2862,,No,
FRANCISCAN HEALTH CRAWFORDSVILLE,150022,IN,2026,0.9728,,-0.1092,,07/01/2022,06/30/2024,N/A,13,N/A,5,0.947,,0.9641,,N/A,13,N/A,5,0.139,,-0.9239,,N/A,13,N/A,5,01/01/2023,12/31/2024,-0.0230,,No,
UNION HOSPITAL INC,150023,IN,2026,0.9983,,0.0688,,07/01/2022,06/30/2024,0.451,,-0.3603,,0.110,,-1.0535,,0.343,,-0.8689,,0.490,,0.4351,,0.544,,-0.3204,,01/01/2023,12/31/2024,-0.3498,,No,
ESKENAZI HEALTH,150024,IN,2026,0.9146,,-0.5156,,07/01/2022,06/30/2024,1.172,,1.3123,,0.745,,0.4772,,0.698,,-0.2608,,0.240,,-0.5329,,2.080,,2.2251,,01/01/2023,12/31/2024,0.4509,,Yes,
GOSHEN HOSPITAL,150026,IN,2026,0.9499,,-0.2692,,07/01/2022,06/30/2024,1.964,,2.2402,,1.196,,1.5644,,1.317,,0.7996,,0.532,,0.5978,,0.605,,-0.1929,,01/01/2023,12/31/2024,0.7900,,Yes,
HENRY COUNTY MEMORIAL HOSPITAL,150030,IN,2026,0.9426,,-0.3201,,07/01/2022,06/30/2024,N/A,13,N/A,5,0.000,,-1.3186,,0.000,,-1.4565,,0.260,,-0.4554,,N/A,13,N/A,5,01/01/2023,12/31/2024,-0.8876,,No,
ST MARY MEDICAL CENTER INC,150034,IN,2026,1.0788,,0.6309,,07/01/2022,06/30/2024,0.000,,-1.4065,,0.721,,0.4194,,0.694,,-0.2677,,0.218,,-0.6181,,0.577,,-0.2514,,01/01/2023,12/31/2024,-0.2489,,No,
NORTHWEST HEALTH - PORTER,150035,IN,2026,0.7277,,-1.4834,,07/01/2022,06/30/2024,0.381,,-0.5226,,0.283,,-0.6364,,0.497,,-0.6051,,0.305,,-0.2812,,0.751,,0.1122,,01/01/2023,12/31/2024,-0.5694,,No,
HANCOCK REGIONAL HOSPITAL,150037,IN,2026,0.8809,,-0.7506,,07/01/2022,06/30/2024,N/A,13,N/A,5,0.000,,-1.3186,,1.277,,0.7310,,0.195,,-0.7071,,0.000,,-1.4573,,01/01/2023,12/31/2024,-0.7005,,No,
GOOD SAMARITAN HOSPITAL,150042,IN,2026,0.8963,,-0.6433,,07/01/2022,06/30/2024,0.761,,0.3589,,0.408,,-0.3351,,0.380,,-0.8055,,1.376,,2.1931,,0.000,,-1.4573,,01/01/2023,12/31/2024,-0.1149,,No,
BAPTIST HEALTH FLOYD,150044,IN,2026,1.0993,,0.7736,,07/01/2022,06/30/2024,0.489,,-0.2721,,0.638,,0.2193,,0.959,,0.1863,,0.514,,0.5281,,0.995,,0.6222,,01/01/2023,12/31/2024,0.3429,,No,
PARKVIEW DEKALB HOSPITAL,150045,IN,2026,0.9744,,-0.0979,,07/01/2022,06/30/2024,N/A,13,N/A,5,N/A,13,N/A,5,N/A,13,N/A,5,1.008,,2.1931,,N/A,13,N/A,5,01/01/2023,12/31/2024,1.0476,,Yes,
TERRE HAUTE REGIONAL HOSPITAL,150046,IN,2026,0.8935,,-0.6626,,07/01/2022,06/30/2024,0.796,,0.4401,,0.461,,-0.2074,,1.508,,1.1267,,0.164,,-0.8271,,0.000,,-1.4573,,01/01/2023,12/31/2024,-0.2646,,No,
"ST JOSEPH HEALTH SYSTEM, LLC",150047,IN,2026,0.9595,,-0.2020,,07/01/2022,06/30/2024,N/A,13,N/A,5,N/A,13,N/A,5,N/A,13,N/A,5,0.000,,-1.4622,,N/A,13,N/A,5,01/01/2023,12/31/2024,-0.8321,,No,
REID HEALTH,150048,IN,2026,0.9451,,-0.3025,,07/01/2022,06/30/2024,0.447,,-0.3695,,0.600,,0.1277,,0.168,,-1.1687,,0.351,,-0.1031,,0.571,,-0.2639,,01/01/2023,12/31/2024,-0.3467,,No,
INDIANA UNIVERSITY HEALTH BLOOMINGTON HOSPITAL,150051,IN,2026,0.8155,,-1.2078,,07/01/2022,06/30/2024,0.862,,0.5932,,0.192,,-0.8558,,2.216,,2.1717,,0.299,,-0.3044,,0.666,,-0.0654,,01/01/2023,12/31/2024,0.0552,,No,
INDIANA UNIVERSITY HEALTH,150056,IN,2026,1.0577,,0.4833,,07/01/2022,06/30/2024,0.650,,0.1014,,0.418,,-0.3110,,1.067,,0.3713,,0.417,,0.1525,,0.862,,0.3442,,01/01/2023,12/31/2024,0.1903,,No,
FRANCISCAN HEALTH MOORESVILLE,150057,IN,2026,0.8314,,-1.0962,,07/01/2022,06/30/2024,0.000,,-1.4065,,0.559,,0.0289,,0.446,,-0.6925,,0.702,,1.2560,,0.000,,-1.4573,,01/01/2023,12/31/2024,-0.5612,,No,
MEMORIAL HOSPITAL OF SOUTH BEND,150058,IN,2026,1.8795,,2.5111,,07/01/2022,06/30/2024,0.536,,-0.1631,,0.500,,-0.1134,,1.282,,0.7396,,0.213,,-0.6374,,0.363,,-0.6986,,01/01/2023,12/31/2024,0.2730,,No,
RIVERVIEW HEALTH,150059,IN,2026,0.9637,,-0.1726,,07/01/2022,06/30/2024,1.422,,1.8923,,1.463,,2.2080,,1.214,,0.6231,,0.360,,-0.0682,,0.767,,0.1457,,01/01/2023,12/31/2024,0.7714,,Yes,
DAVIESS COMMUNITY HOSPITAL,150061,IN,2026,0.9439,,-0.3113,,07/01/2022,06/30/2024,N/A,13,N/A,5,N/A,13,N/A,5,N/A,13,N/A,5,0.000,,-1.4622,,N/A,13,N/A,5,01/01/2023,12/31/2024,-0.8867,,No,
SCHNECK MEDICAL CENTER,150065,IN,2026,0.9549,,-0.2344,,07/01/2022,06/30/2024,N/A,13,N/A,5,N/A,13,N/A,5,0.307,,-0.9306,,0.386,,0.0325,,1.940,,2.2251,,01/01/2023,12/31/2024,0.2731,,No,
NORTON-KING'S DAUGHTERS' HEALTH,150069,IN,2026,0.9539,,-0.2414,,07/01/2022,06/30/2024,1.163,,1.2914,,1.384,,2.0175,,0.781,,-0.1186,,1.128,,2.1931,,N/A,13,N/A,5,01/01/2023,12/31/2024,1.0284,,Yes,
MEMORIAL HOSPITAL,150072,IN,2026,1.2282,,1.6738,,07/01/2022,06/30/2024,N/A,13,N/A,5,0.000,,-1.3186,,2.745,,2.1717,,0.000,,-1.4622,,N/A,13,N/A,5,01/01/2023,12/31/2024,0.2662,,No,
COMMUNITY HOSPITAL EAST,150074,IN,2026,0.8845,,-0.7257,,07/01/2022,06/30/2024,0.530,,-0.1770,,0.507,,-0.0965,,0.521,,-0.5640,,0.201,,-0.6839,,0.265,,-0.9034,,01/01/2023,12/31/2024,-0.5251,,No,
BLUFFTON REGIONAL MEDICAL CENTER,150075,IN,2026,0.9850,,-0.0241,,07/01/2022,06/30/2024,N/A,13,N/A,5,N/A,13,N/A,5,N/A,13,N/A,5,0.478,,0.3887,,N/A,13,N/A,5,01/01/2023,12/31/2024,0.1823,,No,
SAINT JOSEPH REGIONAL MEDICAL CENTER - PLYMOUTH,150076,IN,2026,0.9646,,-0.1665,,07/01/2022,06/30/2024,N/A,13,N/A,5,N/A,13,N/A,5,N/A,13,N/A,5,0.459,,0.3151,,N/A,13,N/A,5,01/01/2023,12/31/2024,0.0743,,No,
DEACONESS HOSPITAL INC,150082,IN,2026,1.0830,,0.6600,,07/01/2022,06/30/2024,0.257,,-0.8103,,0.274,,-0.6581,,0.437,,-0.7079,,0.338,,-0.1534,,0.767,,0.1457,,01/01/2023,12/31/2024,-0.2540,,No,
ASCENSION ST VINCENT HOSPITAL,150084,IN,2026,0.9165,29,-0.5026,29,07/01/2022,06/30/2024,0.209,29,-0.9216,29,0.687,29,0.3374,29,0.320,29,-0.9083,29,0.389,29,0.0441,29,1.493,29,1.6629,29,01/01/2023,12/31/2024,-0.0480,,No,
ST ELIZABETH DEARBORN HOSPITAL,150086,IN,2026,0.8998,,-0.6191,,07/01/2022,06/30/2024,0.277,,-0.7639,,0.828,,0.6773,,0.629,,-0.3790,,0.708,,1.2793,,0.655,,-0.0884,,01/01/2023,12/31/2024,0.0177,,No,
ASCENSION ST VINCENT ANDERSON,150088,IN,2026,0.9919,29,0.0237,29,07/01/2022,06/30/2024,0.246,29,-0.8358,29,0.272,29,-0.6630,29,N/A,13,N/A,5,0.651,29,1.0585,29,0.522,29,-0.3663,29,01/01/2023,12/31/2024,-0.1566,,No,
INDIANA UNIVERSITY HEALTH BALL MEMORIAL HOSPITAL,150089,IN,2026,0.8803,,-0.7552,,07/01/2022,06/30/2024,0.384,,-0.5157,,0.361,,-0.4484,,1.719,,1.4882,,0.140,,-0.9201,,0.589,,-0.2263,,01/01/2023,12/31/2024,-0.2296,,No,
FRANCISCAN HEALTH DYER,150090,IN,2026,0.8470,,-0.9878,,07/01/2022,06/30/2024,1.448,,1.9526,,0.875,,0.7906,,2.628,,2.1717,,0.504,,0.4894,,0.417,,-0.5858,,01/01/2023,12/31/2024,0.6384,,Yes,
PARKVIEW HUNTINGTON HOSPITAL,150091,IN,2026,0.9835,,-0.0348,,07/01/2022,06/30/2024,N/A,13,N/A,5,N/A,13,N/A,5,N/A,13,N/A,5,0.000,,-1.4622,,N/A,13,N/A,5,01/01/2023,12/31/2024,-0.7485,,No,
MAJOR HOSPITAL,150097,IN,2026,0.9125,,-0.5307,,07/01/2022,06/30/2024,0.000,,-1.4065,,0.580,,0.0795,,0.726,,-0.2128,,0.931,,2.1427,,N/A,13,N/A,5,01/01/2023,12/31/2024,0.0144,,No,
ASCENSION ST VINCENT EVANSVILLE,150100,IN,2026,0.8171,29,-1.1963,29,07/01/2022,06/30/2024,0.170,29,-1.0121,29,0.210,29,-0.8124,29,0.926,29,0.1298,29,0.502,29,0.4816,29,0.344,29,-0.7383,29,01/01/2023,12/31/2024,-0.5246,,No,
PARKVIEW WHITLEY HOSPITAL,150101,IN,2026,0.9818,,-0.0468,,07/01/2022,06/30/2024,N/A,13,N/A,5,N/A,13,N/A,5,N/A,13,N/A,5,0.263,,-0.4438,,N/A,13,N/A,5,01/01/2023,12/31/2024,-0.2453,,No,
NORTHWEST HEALTH - STARKE,150102,IN,2026,N/A,13,N/A,5,07/01/2022,06/30/2024,N/A,13,N/A,5,N/A,13,N/A,5,N/A,13,N/A,5,N/A,13,N/A,5,N/A,13,N/A,5,01/01/2023,12/31/2024,N/A,5,No,
WITHAM HEALTH SERVICES,150104,IN,2026,0.9156,,-0.5087,,07/01/2022,06/30/2024,N/A,13,N/A,5,N/A,13,N/A,5,0.000,,-1.4565,,0.642,,1.0237,,N/A,13,N/A,5,01/01/2023,12/31/2024,-0.3138,,No,
FRANCISCAN HEALTH LAFAYETTE,150109,IN,2026,0.9964,,0.0555,,07/01/2022,06/30/2024,0.317,,-0.6711,,1.711,,2.3863,,0.179,,-1.1498,,0.678,,1.1631,,0.574,,-0.2577,,01/01/2023,12/31/2024,0.2544,,No,
COLUMBUS REGIONAL HOSPITAL,150112,IN,2026,1.0105,,0.1537,,07/01/2022,06/30/2024,0.247,,-0.8335,,0.244,,-0.7304,,1.897,,1.7931,,0.552,,0.6752,,0.300,,-0.8303,,01/01/2023,12/31/2024,0.0380,,No,
COMMUNITY HOSPITAL OF ANDERSON AND MADISON COUNTY,150113,IN,2026,0.8874,,-0.7058,,07/01/2022,06/30/2024,0.988,,0.8855,,0.315,,-0.5593,,1.399,,0.9400,,0.230,,-0.5716,,0.434,,-0.5502,,01/01/2023,12/31/2024,-0.0936,,No,
MEMORIAL HOSPITAL AND HEALTH CARE CENTER,150115,IN,2026,1.0787,,0.6300,,07/01/2022,06/30/2024,N/A,13,N/A,5,N/A,13,N/A,5,0.414,,-0.7473,,0.316,,-0.2386,,0.000,,-1.4573,,01/01/2023,12/31/2024,-0.4533,,No,
COMMUNITY HOSPITAL,150125,IN,2026,0.9955,,0.0493,,07/01/2022,06/30/2024,0.248,,-0.8312,,0.620,,0.1759,,1.063,,0.3644,,0.385,,0.0286,,0.689,,-0.0173,,01/01/2023,12/31/2024,-0.0384,,No,
FRANCISCAN HEALTH CROWN POINT,150126,IN,2026,0.9332,,-0.3855,,07/01/2022,06/30/2024,1.026,,0.9736,,1.041,,1.1907,,0.511,,-0.5811,,0.547,,0.6559,,0.418,,-0.5837,,01/01/2023,12/31/2024,0.2117,,No,
"COMMUNITY HOSPITAL SOUTH, INC.",150128,IN,2026,0.8214,,-1.1661,,07/01/2022,06/30/2024,0.184,,-0.9796,,0.355,,-0.4629,,1.322,,0.8081,,0.118,,-1.0053,,0.259,,-0.9160,,01/01/2023,12/31/2024,-0.6203,,No,
KOSCIUSKO COMMUNITY HOSPITAL,150133,IN,2026,0.9127,,-0.5291,,07/01/2022,06/30/2024,N/A,13,N/A,5,0.000,,-1.3186,,0.666,,-0.3156,,0.432,,0.2106,,N/A,13,N/A,5,01/01/2023,12/31/2024,-0.4882,,No,
PARKVIEW NOBLE HOSPITAL,150146,IN,2026,0.9807,,-0.0539,,07/01/2022,06/30/2024,N/A,13,N/A,5,N/A,13,N/A,5,N/A,13,N/A,5,0.000,,-1.4622,,N/A,13,N/A,5,01/01/2023,12/31/2024,-0.7580,,No,
THE WOMEN'S HOSPITAL,150149,IN,2026,0.9942,,0.0400,,07/01/2022,06/30/2024,1.389,,1.8157,,N/A,13,N/A,5,0.358,,-0.8432,,0.000,,-1.4622,,1.756,,2.2126,,01/01/2023,12/31/2024,0.3526,,No,
DUPONT HOSPITAL LLC,150150,IN,2026,0.9027,,-0.5985,,07/01/2022,06/30/2024,0.249,,-0.8289,,0.000,,-1.3186,,0.510,,-0.5828,,0.278,,-0.3857,,0.404,,-0.6129,,01/01/2023,12/31/2024,-0.7212,,No,
ST VINCENT HEART CENTER,150153,IN,2026,1.1555,29,1.1658,29,07/01/2022,06/30/2024,0.097,29,-1.1815,29,1.157,29,1.4703,29,N/A,12,N/A,5,0.392,29,0.0557,29,N/A,13,N/A,5,01/01/2023,12/31/2024,0.3776,,No,
ASCENSION ST VINCENT CARMEL,150157,IN,2026,0.8216,29,-1.1648,29,07/01/2022,06/30/2024,0.000,29,-1.4065,29,1.991,29,2.3863,29,0.000,29,-1.4565,29,0.564,29,0.7217,29,N/A,13,N/A,5,01/01/2023,12/31/2024,-0.1839,,No,
IU HEALTH WEST HOSPITAL,150158,IN,2026,0.8372,,-1.0557,,07/01/2022,06/30/2024,1.127,,1.2079,,0.375,,-0.4147,,2.209,,2.1717,,0.091,,-1.1098,,0.391,,-0.6401,,01/01/2023,12/31/2024,0.0266,,No,
ORTHOINDY HOSPITAL,150160,IN,2026,0.8258,,-1.1355,,07/01/2022,06/30/2024,N/A,13,N/A,5,N/A,13,N/A,5,N/A,12,N/A,5,N/A,13,N/A,5,N/A,13,N/A,5,01/01/2023,12/31/2024,-1.1355,,No,
INDIANA UNIVERSITY HEALTH NORTH HOSPITAL,150161,IN,2026,0.7224,,-1.4834,,07/01/2022,06/30/2024,0.769,,0.3774,,0.491,,-0.1351,,0.960,,0.1880,,0.162,,-0.8349,,0.947,,0.5219,,01/01/2023,12/31/2024,-0.2277,,No,
FRANCISCAN HEALTH INDIANAPOLIS,150162,IN,2026,0.8799,,-0.7579,,07/01/2022,06/30/2024,0.856,,0.5793,,0.889,,0.8243,,1.286,,0.7464,,0.737,,1.3915,,0.687,,-0.0215,,01/01/2023,12/31/2024,0.4604,,Yes,
FRANCISCAN HEALTH MUNSTER,150165,IN,2026,0.8640,,-0.8692,,07/01/2022,06/30/2024,0.583,,-0.0540,,1.059,,1.2341,,1.208,,0.6128,,0.995,,2.1931,,0.543,,-0.3225,,01/01/2023,12/31/2024,0.4657,,Yes,
PINNACLE HOSPITAL,150166,IN,2026,0.8777,,-0.7732,,07/01/2022,06/30/2024,N/A,13,N/A,5,N/A,13,N/A,5,N/A,13,N/A,5,N/A,13,N/A,5,N/A,13,N/A,5,01/01/2023,12/31/2024,-0.7732,,No,
ORTHOPAEDIC HOSPITAL AT PARKVIEW NORTH,150167,IN,2026,0.8750,,-0.7918,,07/01/2022,06/30/2024,N/A,13,N/A,5,N/A,13,N/A,5,N/A,12,N/A,5,0.000,,-1.4622,,N/A,13,N/A,5,01/01/2023,12/31/2024,-1.1270,,No,
THE ORTHOPAEDIC HOSPITAL OF LUTHERAN HEALTH NETWOR,150168,IN,2026,0.8454,,-0.9990,,07/01/2022,06/30/2024,N/A,13,N/A,5,N/A,13,N/A,5,N/A,12,N/A,5,0.623,,0.9501,,N/A,13,N/A,5,01/01/2023,12/31/2024,-0.0245,,No,
COMMUNITY HOSPITAL NORTH,150169,IN,2026,1.3236,,2.3396,,07/01/2022,06/30/2024,0.461,,-0.3371,,0.346,,-0.4846,,1.206,,0.6094,,0.334,,-0.1689,,0.144,,-1.1563,,01/01/2023,12/31/2024,0.1337,,No,
PHYSICIANS' MEDICAL CENTER LLC,150172,IN,2026,0.9292,,-0.4140,,07/01/2022,06/30/2024,N/A,13,N/A,5,N/A,13,N/A,5,N/A,13,N/A,5,N/A,13,N/A,5,N/A,13,N/A,5,01/01/2023,12/31/2024,-0.4140,,No,
INDIANA UNIVERSITY HEALTH ARNETT HOSPITAL,150173,IN,2026,0.8192,,-1.1813,,07/01/2022,06/30/2024,0.714,,0.2498,,0.211,,-0.8100,,0.767,,-0.1426,,0.150,,-0.8814,,0.877,,0.3756,,01/01/2023,12/31/2024,-0.3983,,No,
UNITY PHYSICIANS HOSPITAL,150177,IN,2026,0.9613,,-0.1896,,07/01/2022,06/30/2024,N/A,13,N/A,5,N/A,13,N/A,5,N/A,13,N/A,5,N/A,13,N/A,5,N/A,13,N/A,5,01/01/2023,12/31/2024,-0.1896,,No,
FAIRBANKS,150179,IN,2026,N/A,13,N/A,5,07/01/2022,06/30/2024,N/A,13,N/A,5,N/A,13,N/A,5,N/A,12,N/A,5,0.000,,-1.4622,,N/A,13,N/A,5,01/01/2023,12/31/2024,-1.4622,,No,
ASCENSION ST VINCENT FISHERS,150181,IN,2026,0.9621,29,-0.1843,29,07/01/2022,06/30/2024,N/A,13,N/A,5,N/A,13,N/A,5,N/A,13,N/A,5,N/A,13,N/A,5,N/A,13,N/A,5,01/01/2023,12/31/2024,-0.1843,,No,
MONROE HOSPITAL,150183,IN,2026,0.9473,,-0.2874,,07/01/2022,06/30/2024,N/A,13,N/A,5,N/A,13,N/A,5,N/A,13,N/A,5,0.386,,0.0325,,N/A,13,N/A,5,01/01/2023,12/31/2024,-0.1275,,No,
FRANCISCAN HEALTH ORTHOPEDIC HOSPITAL CARMEL,150193,IN,2026,0.9266,,-0.4321,,07/01/2022,06/30/2024,N/A,13,N/A,5,N/A,13,N/A,5,N/A,13,N/A,5,N/A,13,N/A,5,N/A,13,N/A,5,01/01/2023,12/31/2024,-0.4321,,No,
UCHICAGO MEDICINE NORTHWEST INDIANA,150195,IN,2026,N/A,5,N/A,5,07/01/2022,06/30/2024,N/A,5,N/A,5,N/A,5,N/A,5,N/A,5,N/A,5,N/A,5,N/A,5,N/A,5,N/A,5,01/01/2023,12/31/2024,N/A,5,No,
UNITYPOINT HEALTH - MARSHALLTOWN,160001,IA,2026,0.9252,,-0.4418,,07/01/2022,06/30/2024,N/A,13,N/A,5,N/A,13,N/A,5,N/A,13,N/A,5,2.099,,2.1931,,N/A,13,N/A,5,01/01/2023,12/31/2024,0.8756,,Yes,
TRINITY MUSCATINE,160013,IA,2026,0.9654,,-0.1609,,07/01/2022,06/30/2024,N/A,13,N/A,5,N/A,13,N/A,5,N/A,13,N/A,5,0.000,,-1.4622,,N/A,13,N/A,5,01/01/2023,12/31/2024,-0.8115,,No,
TRINITY REGIONAL MEDICAL CENTER,160016,IA,2026,1.4621,,2.5111,,07/01/2022,06/30/2024,1.710,,2.2402,,1.982,,2.3863,,0.644,,-0.3533,,0.347,,-0.1186,,0.000,,-1.4573,,01/01/2023,12/31/2024,0.8681,,Yes,
CHI HEALTH MERCY COUNCIL BLUFFS,160028,IA,2026,0.8488,,-0.9750,,07/01/2022,06/30/2024,0.670,,0.1478,,1.221,,1.6246,,1.309,,0.7858,,0.305,,-0.2812,,0.000,,-1.4573,,01/01/2023,12/31/2024,-0.0259,,No,
UNIVERSITY OF IOWA HEALTH CARE MEDICAL CENTER DOWN,160029,IA,2026,0.9860,,-0.0171,,07/01/2022,06/30/2024,0.000,,-1.4065,,0.515,,-0.0772,,0.482,,-0.6308,,0.257,,-0.4670,,0.537,,-0.3350,,01/01/2023,12/31/2024,-0.4889,,No,
MARY GREELEY MEDICAL CENTER,160030,IA,2026,0.7546,,-1.4834,,07/01/2022,06/30/2024,0.786,,0.4169,,2.504,,2.3863,,0.641,,-0.3584,,0.742,,1.4109,,1.016,,0.6661,,01/01/2023,12/31/2024,0.5064,,Yes,
MERCYONE NEWTON MEDICAL CENTER,160032,IA,2026,N/A,13,N/A,5,07/01/2022,06/30/2024,N/A,13,N/A,5,N/A,13,N/A,5,N/A,13,N/A,5,1.272,,2.1931,,N/A,13,N/A,5,01/01/2023,12/31/2024,2.1931,,Yes,
GENESIS MEDICAL CENTER-DAVENPORT,160033,IA,2026,1.4332,,2.5111,,07/01/2022,06/30/2024,1.677,,2.2402,,1.041,,1.1907,,0.920,,0.1195,,0.259,,-0.4593,,0.947,,0.5219,,01/01/2023,12/31/2024,1.0207,,Yes,
"SARTORI MEMORIAL HOSPITAL, INC",160040,IA,2026,0.9415,,-0.3279,,07/01/2022,06/30/2024,N/A,13,N/A,5,N/A,13,N/A,5,N/A,13,N/A,5,2.380,,2.1931,,N/A,13,N/A,5,01/01/2023,12/31/2024,0.9326,,Yes,
ST LUKES HOSPITAL,160045,IA,2026,1.2244,,1.6468,,07/01/2022,06/30/2024,0.380,,-0.5250,,0.876,,0.7930,,0.174,,-1.1584,,0.483,,0.4080,,0.105,,-1.2378,,01/01/2023,12/31/2024,-0.0122,,No,
METHODIST JENNIE EDMUNDSON,160047,IA,2026,1.1215,,0.9284,,07/01/2022,06/30/2024,1.477,,2.0198,,0.440,,-0.2580,,3.259,,2.1717,,0.754,,1.4574,,0.000,,-1.4573,,01/01/2023,12/31/2024,0.8103,,Yes,
SOUTHEAST IOWA REGIONAL MEDICAL CENTER,160057,IA,2026,1.5377,,2.5111,,07/01/2022,06/30/2024,1.650,,2.2402,,0.398,,-0.3592,,2.122,,2.1717,,0.426,,0.1873,,0.477,,-0.4604,,01/01/2023,12/31/2024,1.0485,,Yes,
UNIVERSITY OF IOWA HOSPITAL & CLINICS,160058,IA,2026,1.2759,,2.0063,,07/01/2022,06/30/2024,1.011,,0.9388,,0.639,,0.2217,,0.777,,-0.1255,,0.539,,0.6249,,0.556,,-0.2953,,01/01/2023,12/31/2024,0.5618,,Yes,
MERCYONE NORTH IOWA MEDICAL CENTER,160064,IA,2026,0.9963,,0.0550,,07/01/2022,06/30/2024,0.463,,-0.3324,,0.600,,0.1277,,0.396,,-0.7781,,0.192,,-0.7187,,0.362,,-0.7007,,01/01/2023,12/31/2024,-0.3912,,No,
MERCYONE WATERLOO MEDICAL CENTER,160067,IA,2026,0.9792,,-0.0650,,07/01/2022,06/30/2024,0.837,,0.5352,,0.075,,-1.1378,,1.152,,0.5169,,0.742,,1.4109,,0.423,,-0.5732,,01/01/2023,12/31/2024,0.1145,,No,
MERCYONE DUBUQUE MEDICAL CENTER,160069,IA,2026,1.3045,,2.2064,,07/01/2022,06/30/2024,0.604,,-0.0053,,0.000,,-1.3186,,0.657,,-0.3310,,0.000,,-1.4622,,0.000,,-1.4573,,01/01/2023,12/31/2024,-0.3947,,No,
MERCY MEDICAL CENTER - CEDAR RAPIDS,160079,IA,2026,1.2583,,1.8834,,07/01/2022,06/30/2024,1.061,,1.0548,,0.196,,-0.8462,,1.784,,1.5995,,0.481,,0.4003,,0.775,,0.1624,,01/01/2023,12/31/2024,0.7091,,Yes,
MERCYONE CLINTON MEDICAL CENTER,160080,IA,2026,0.9629,,-0.1788,,07/01/2022,06/30/2024,0.986,,0.8808,,0.298,,-0.6003,,0.298,,-0.9460,,0.508,,0.5048,,N/A,13,N/A,5,01/01/2023,12/31/2024,-0.0679,,No,
UNITYPOINT HEALTH - DES MOINES IOWA METHODIST MEDI,160082,IA,2026,1.0133,,0.1734,,07/01/2022,06/30/2024,0.509,,-0.2257,,0.365,,-0.4388,,0.325,,-0.8997,,0.551,,0.6713,,0.665,,-0.0675,,01/01/2023,12/31/2024,-0.1312,,No,
MERCYONE DES MOINES MEDICAL CENTER,160083,IA,2026,0.9597,,-0.2007,,07/01/2022,06/30/2024,0.410,,-0.4554,,0.485,,-0.1495,,0.938,,0.1503,,0.485,,0.4158,,1.010,,0.6535,,01/01/2023,12/31/2024,0.0690,,No,
OTTUMWA REGIONAL HEALTH CENTER,160089,IA,2026,0.9130,,-0.5270,,07/01/2022,06/30/2024,N/A,13,N/A,5,0.000,,-1.3186,,N/A,13,N/A,5,0.403,,0.0983,,N/A,13,N/A,5,01/01/2023,12/31/2024,-0.5825,,No,
BROADLAWNS MEDICAL CENTER,160101,IA,2026,1.1787,,1.3283,,07/01/2022,06/30/2024,0.742,,0.3148,,0.000,,-1.3186,,4.174,,2.1717,,0.336,,-0.1611,,0.352,,-0.7216,,01/01/2023,12/31/2024,0.2689,,No,
TRINITY - BETTENDORF,160104,IA,2026,0.8119,,-1.2327,,07/01/2022,06/30/2024,0.718,,0.2591,,0.000,,-1.3186,,0.299,,-0.9443,,0.256,,-0.4709,,0.665,,-0.0675,,01/01/2023,12/31/2024,-0.6292,,No,
ALLEN HOSPITAL,160110,IA,2026,1.0971,,0.7585,,07/01/2022,06/30/2024,0.858,,0.5839,,0.287,,-0.6268,,0.413,,-0.7490,,0.378,,0.0015,,0.232,,-0.9724,,01/01/2023,12/31/2024,-0.1674,,No,
SPENCER MUNICIPAL HOSPITAL,160112,IA,2026,1.1344,,1.0187,,07/01/2022,06/30/2024,N/A,13,N/A,5,1.071,,1.2630,,1.343,,0.8441,,0.392,,0.0557,,N/A,13,N/A,5,01/01/2023,12/31/2024,0.7954,,Yes,
FINLEY HOSPITAL,160117,IA,2026,1.1306,,0.9923,,07/01/2022,06/30/2024,0.894,,0.6674,,0.457,,-0.2170,,0.672,,-0.3053,,0.330,,-0.1844,,1.334,,1.3306,,01/01/2023,12/31/2024,0.3806,,Yes,
LAKES REGIONAL HEALTHCARE,160124,IA,2026,1.1188,,0.9100,,07/01/2022,06/30/2024,N/A,13,N/A,5,N/A,13,N/A,5,0.000,,-1.4565,,0.839,,1.7865,,N/A,13,N/A,5,01/01/2023,12/31/2024,0.4133,,Yes,
ST LUKES REGIONAL MEDICAL CENTER,160146,IA,2026,1.0932,,0.7310,,07/01/2022,06/30/2024,0.753,,0.3403,,0.871,,0.7809,,1.727,,1.5019,,0.687,,1.1979,,0.350,,-0.7258,,01/01/2023,12/31/2024,0.6377,,Yes,
GRINNELL REGIONAL MEDICAL CENTER,160147,IA,2026,1.0745,,0.6005,,07/01/2022,06/30/2024,N/A,13,N/A,5,N/A,13,N/A,5,N/A,13,N/A,5,1.101,,2.1931,,N/A,13,N/A,5,01/01/2023,12/31/2024,1.3968,,Yes,
MERCYONE SIOUXLAND MEDICAL CENTER,160153,IA,2026,1.4468,,2.5111,,07/01/2022,06/30/2024,1.229,,1.4445,,0.474,,-0.1760,,0.426,,-0.7267,,0.534,,0.6055,,1.247,,1.1488,,01/01/2023,12/31/2024,0.8012,,Yes,
"MERCY HOSPITAL PITTSBURG, INC",170006,KS,2026,0.9740,29,-0.1010,29,07/01/2022,06/30/2024,0.000,29,-1.4065,29,0.000,29,-1.3186,29,N/A,13,N/A,5,0.217,29,-0.6219,29,N/A,13,N/A,5,01/01/2023,12/31/2024,-0.8620,,No,
SAINT JOHN HOSPITAL,170009,KS,2026,N/A,13,N/A,5,07/01/2022,06/30/2024,N/A,13,N/A,5,N/A,13,N/A,5,N/A,13,N/A,5,0.650,,1.0547,,N/A,13,N/A,5,01/01/2023,12/31/2024,1.0547,,Yes,
SALINA REGIONAL HEALTH CENTER,170012,KS,2026,1.1592,,1.1919,,07/01/2022,06/30/2024,0.380,,-0.5250,,0.354,,-0.4653,,0.565,,-0.4886,,0.931,,2.1427,,1.323,,1.3077,,01/01/2023,12/31/2024,0.5272,,Yes,
HAYS MEDICAL CENTER,170013,KS,2026,1.2459,,1.7974,,07/01/2022,06/30/2024,0.322,,-0.6595,,0.000,,-1.3186,,0.000,,-1.4565,,0.451,,0.2841,,0.000,,-1.4573,,01/01/2023,12/31/2024,-0.4684,,No,
ADVENTHEALTH OTTAWA,170014,KS,2026,0.9312,,-0.3999,,07/01/2022,06/30/2024,N/A,13,N/A,5,N/A,13,N/A,5,N/A,13,N/A,5,1.005,,2.1931,,N/A,13,N/A,5,01/01/2023,12/31/2024,0.8966,,Yes,
UNIVERSITY OF KANSAS HEALTH SYSTEM - ST FRANCIS CAMPUS,170016,KS,2026,0.9019,,-0.6042,,07/01/2022,06/30/2024,0.806,,0.4633,,0.245,,-0.7280,,0.692,,-0.2711,,0.754,,1.4574,,0.000,,-1.4573,,01/01/2023,12/31/2024,-0.1900,,No,
SUSAN B ALLEN MEMORIAL HOSPITAL,170017,KS,2026,0.9577,,-0.2150,,07/01/2022,06/30/2024,N/A,13,N/A,5,N/A,13,N/A,5,N/A,13,N/A,5,2.236,,2.1931,,N/A,13,N/A,5,01/01/2023,12/31/2024,0.9890,,Yes,
HUTCHINSON REGIONAL MEDICAL CENTER INC,170020,KS,2026,1.2498,,1.8243,,07/01/2022,06/30/2024,0.000,,-1.4065,,0.708,,0.3880,,0.000,,-1.4565,,0.428,,0.1951,,0.000,,-1.4573,,01/01/2023,12/31/2024,-0.3188,,No,
ST. CATHERINE HOSPITAL - GARDEN CITY,170023,KS,2026,0.8309,,-1.0997,,07/01/2022,06/30/2024,0.000,,-1.4065,,0.705,,0.3808,,0.849,,-0.0021,,0.268,,-0.4244,,N/A,13,N/A,5,01/01/2023,12/31/2024,-0.5104,,No,
PRATT REGIONAL MEDICAL CENTER,170027,KS,2026,0.8629,,-0.8766,,07/01/2022,06/30/2024,N/A,13,N/A,5,N/A,13,N/A,5,N/A,13,N/A,5,0.000,,-1.4622,,N/A,13,N/A,5,01/01/2023,12/31/2024,-1.1694,,No,
UNIVERSITY OF KANSAS HOSPITAL,170040,KS,2026,0.9727,,-0.1100,,07/01/2022,06/30/2024,0.484,,-0.2837,,0.477,,-0.1688,,1.498,,1.1096,,0.409,,0.1215,,0.230,,-0.9766,,01/01/2023,12/31/2024,-0.0513,,No,
UNIVERSITY OF KANSAS HEALTH SYSTEM OLATHE HOSPITAL,170049,KS,2026,0.9164,,-0.5032,,07/01/2022,06/30/2024,0.436,,-0.3951,,0.300,,-0.5955,,0.695,,-0.2659,,0.214,,-0.6335,,0.328,,-0.7718,,01/01/2023,12/31/2024,-0.5275,,No,
SOUTHWEST MEDICAL CENTER,170068,KS,2026,1.1738,,1.2937,,07/01/2022,06/30/2024,N/A,13,N/A,5,0.324,,-0.5376,,0.000,,-1.4565,,0.205,,-0.6684,,0.929,,0.4842,,01/01/2023,12/31/2024,-0.1769,,No,
"STORMONT VAIL HEALTH FLINT HILLS, LLC",170074,KS,2026,0.9813,,-0.0503,,07/01/2022,06/30/2024,N/A,13,N/A,5,N/A,13,N/A,5,N/A,13,N/A,5,0.618,,0.9308,,N/A,13,N/A,5,01/01/2023,12/31/2024,0.4403,,Yes,
STORMONT VAIL HOSPITAL,170086,KS,2026,0.9019,,-0.6043,,07/01/2022,06/30/2024,0.633,,0.0619,,0.879,,0.8002,,0.928,,0.1332,,0.257,,-0.4670,,0.490,,-0.4332,,01/01/2023,12/31/2024,-0.0849,,No,
NMC HEALTH,170103,KS,2026,0.8022,,-1.3000,,07/01/2022,06/30/2024,0.000,,-1.4065,,0.296,,-0.6051,,0.250,,-1.0282,,0.506,,0.4971,,N/A,13,N/A,5,01/01/2023,12/31/2024,-0.7685,,No,
ADVENTHEALTH SHAWNEE MISSION,170104,KS,2026,1.0650,,0.5341,,07/01/2022,06/30/2024,1.528,,2.1382,,0.620,,0.1759,,0.773,,-0.1323,,0.281,,-0.3741,,0.887,,0.3965,,01/01/2023,12/31/2024,0.4564,,Yes,
MCPHERSON HOSPITAL,170105,KS,2026,0.9218,,-0.4651,,07/01/2022,06/30/2024,N/A,13,N/A,5,N/A,13,N/A,5,0.992,,0.2428,,1.561,,2.1931,,N/A,13,N/A,5,01/01/2023,12/31/2024,0.6569,,Yes,
MIAMI COUNTY MEDICAL CENTER,170109,KS,2026,0.9816,,-0.0479,,07/01/2022,06/30/2024,N/A,13,N/A,5,N/A,13,N/A,5,N/A,13,N/A,5,0.000,,-1.4622,,N/A,13,N/A,5,01/01/2023,12/31/2024,-0.7551,,No,
LABETTE HEALTH,170120,KS,2026,0.9330,,-0.3874,,07/01/2022,06/30/2024,N/A,13,N/A,5,N/A,13,N/A,5,0.370,,-0.8227,,0.478,,0.3887,,N/A,13,N/A,5,01/01/2023,12/31/2024,-0.2738,,No,
"ASCENSION VIA CHRISTI HOSPITALS WICHITA, INC.",170122,KS,2026,0.9025,29,-0.6005,29,07/01/2022,06/30/2024,0.770,29,0.3798,29,0.150,29,-0.9570,29,1.367,29,0.8852,29,0.236,29,-0.5484,29,0.955,29,0.5386,29,01/01/2023,12/31/2024,-0.0504,,No,
WESLEY MEDICAL CENTER,170123,KS,2026,0.6629,,-1.4834,,07/01/2022,06/30/2024,0.297,,-0.7175,,0.423,,-0.2990,,1.054,,0.3490,,0.226,,-0.5871,,0.455,,-0.5064,,01/01/2023,12/31/2024,-0.5407,,No,
LMH,170137,KS,2026,0.8592,,-0.9027,,07/01/2022,06/30/2024,0.000,,-1.4065,,0.545,,-0.0049,,0.253,,-1.0231,,0.216,,-0.6258,,0.000,,-1.4573,,01/01/2023,12/31/2024,-0.9034,,No,
"ASCENSION VIA CHRISTI HOSPITAL MANHATTAN, INC",170142,KS,2026,0.8952,29,-0.6512,29,07/01/2022,06/30/2024,0.000,29,-1.4065,29,0.000,29,-1.3186,29,0.538,29,-0.5349,29,0.183,29,-0.7536,29,N/A,13,N/A,5,01/01/2023,12/31/2024,-0.9330,,No,
PROVIDENCE MEDICAL CENTER,170146,KS,2026,0.9099,,-0.5488,,07/01/2022,06/30/2024,0.379,,-0.5273,,0.263,,-0.6846,,N/A,11,2.1717,11,N/A,11,2.1931,11,N/A,11,2.2251,11,01/01/2023,12/31/2024,0.8049,,Yes,
CENTURA ST. CATHERINE-DODGE CITY,170175,KS,2026,0.9604,,-0.1958,,07/01/2022,06/30/2024,N/A,13,N/A,5,N/A,13,N/A,5,N/A,13,N/A,5,0.000,,-1.4622,,N/A,13,N/A,5,01/01/2023,12/31/2024,-0.8290,,No,
OVERLAND PARK REG MED CTR,170176,KS,2026,1.1629,,1.2178,,07/01/2022,06/30/2024,1.285,,1.5744,,0.474,,-0.1760,,1.227,,0.6454,,0.226,,-0.5871,,0.583,,-0.2389,,01/01/2023,12/31/2024,0.4059,,Yes,
MENORAH MEDICAL CENTER,170182,KS,2026,0.9194,,-0.4821,,07/01/2022,06/30/2024,1.122,,1.1963,,0.452,,-0.2291,,0.979,,0.2206,,0.170,,-0.8039,,0.224,,-0.9891,,01/01/2023,12/31/2024,-0.1812,,No,
KANSAS SURGERY & RECOVERY CENTER,170183,KS,2026,0.9540,,-0.2405,,07/01/2022,06/30/2024,N/A,13,N/A,5,N/A,13,N/A,5,N/A,13,N/A,5,0.000,,-1.4622,,N/A,13,N/A,5,01/01/2023,12/31/2024,-0.8513,,No,
SAINT LUKE'S SOUTH HOSPITAL,170185,KS,2026,0.9100,,-0.5479,,07/01/2022,06/30/2024,0.000,,-1.4065,,1.377,,2.0007,,0.406,,-0.7610,,0.495,,0.4545,,0.000,,-1.4573,,01/01/2023,12/31/2024,-0.2862,,No,
KANSAS HEART HOSPITAL,170186,KS,2026,1.1131,,0.8700,,07/01/2022,06/30/2024,1.721,,2.2402,,0.000,,-1.3186,,N/A,13,N/A,5,0.268,,-0.4244,,N/A,13,N/A,5,01/01/2023,12/31/2024,0.3418,,No,
SALINA SURGICAL HOSPITAL,170187,KS,2026,0.8912,,-0.6793,,07/01/2022,06/30/2024,N/A,13,N/A,5,N/A,13,N/A,5,1.700,,1.4556,,N/A,13,N/A,5,N/A,13,N/A,5,01/01/2023,12/31/2024,0.3882,,Yes,
KANSAS CITY ORTHOPAEDIC INSTITUTE,170188,KS,2026,0.8428,,-1.0172,,07/01/2022,06/30/2024,N/A,13,N/A,5,N/A,13,N/A,5,N/A,12,N/A,5,N/A,13,N/A,5,N/A,13,N/A,5,01/01/2023,12/31/2024,-1.0172,,No,
MANHATTAN SURGICAL HOSPITAL LLC,170190,KS,2026,0.9670,,-0.1497,,07/01/2022,06/30/2024,N/A,13,N/A,5,N/A,13,N/A,5,N/A,13,N/A,5,N/A,13,N/A,5,N/A,13,N/A,5,01/01/2023,12/31/2024,-0.1497,,No,
UNIVERSITY  OF KS HLTH SYSTEM GREAT BEND CAMPUS,170191,KS,2026,0.9180,,-0.4921,,07/01/2022,06/30/2024,N/A,13,N/A,5,N/A,13,N/A,5,N/A,13,N/A,5,0.507,,0.5010,,N/A,13,N/A,5,01/01/2023,12/31/2024,0.0044,,No,
ASCENTIST HOSPITAL LLC,170194,KS,2026,0.9647,,-0.1657,,07/01/2022,06/30/2024,N/A,13,N/A,5,N/A,13,N/A,5,N/A,12,N/A,5,N/A,13,N/A,5,N/A,13,N/A,5,01/01/2023,12/31/2024,-0.1657,,No,
"KANSAS SPINE & SPECIALTY HOSPITAL, LLC",170196,KS,2026,0.8215,,-1.1659,,07/01/2022,06/30/2024,N/A,13,N/A,5,N/A,13,N/A,5,N/A,13,N/A,5,0.000,,-1.4622,,N/A,13,N/A,5,01/01/2023,12/31/2024,-1.3140,,No,
KANSAS MEDICAL CENTER LLC,170197,KS,2026,0.7815,,-1.4445,,07/01/2022,06/30/2024,0.000,,-1.4065,,0.646,,0.2386,,2.420,,2.1717,,0.000,,-1.4622,,N/A,13,N/A,5,01/01/2023,12/31/2024,-0.3806,,No,
"SUMMIT SURGICAL, LLC",170198,KS,2026,0.9188,,-0.4862,,07/01/2022,06/30/2024,N/A,13,N/A,5,N/A,13,N/A,5,N/A,13,N/A,5,N/A,13,N/A,5,N/A,13,N/A,5,01/01/2023,12/31/2024,-0.4862,,No,
MINIMALLY INVASIVE SURGERY HOSPITAL,170199,KS,2026,0.9712,,-0.1207,,07/01/2022,06/30/2024,N/A,13,N/A,5,N/A,13,N/A,5,N/A,12,N/A,5,N/A,13,N/A,5,N/A,13,N/A,5,01/01/2023,12/31/2024,-0.1207,,No,
"VIA CHRISTI HOSPITAL WICHITA ST TERESA, INC",170200,KS,2026,0.9111,29,-0.5400,29,07/01/2022,06/30/2024,0.000,29,-1.4065,29,1.450,29,2.1766,29,N/A,13,N/A,5,0.505,29,0.4932,29,N/A,13,N/A,5,01/01/2023,12/31/2024,0.1808,,No,
MERCY SPECIALTY HOSPITAL SOUTHEAST KANSAS,170203,KS,2026,0.9030,,-0.5966,,07/01/2022,06/30/2024,N/A,13,N/A,5,N/A,13,N/A,5,N/A,12,N/A,5,N/A,13,N/A,5,N/A,13,N/A,5,01/01/2023,12/31/2024,-0.5966,,No,
"ROCK REGIONAL HOSPITAL, LLC",170204,KS,2026,0.9488,,-0.2768,,07/01/2022,06/30/2024,N/A,13,N/A,5,N/A,13,N/A,5,N/A,13,N/A,5,0.000,,-1.4622,,N/A,13,N/A,5,01/01/2023,12/31/2024,-0.8695,,No,
"ADVENTHEALTH SOUTH OVERLAND PARK, INC",170208,KS,2026,0.9369,,-0.3597,,07/01/2022,06/30/2024,N/A,13,N/A,5,N/A,13,N/A,5,N/A,13,N/A,5,0.411,,0.1293,,N/A,13,N/A,5,01/01/2023,12/31/2024,-0.1152,,No,
ST ELIZABETH FT THOMAS,180001,KY,2026,1.0136,,0.1755,,07/01/2022,06/30/2024,0.347,,-0.6015,,0.933,,0.9304,,0.972,,0.2086,,0.176,,-0.7807,,0.520,,-0.3705,,01/01/2023,12/31/2024,-0.0730,,No,
WHITESBURG ARH HOSPITAL,180002,KY,2026,0.9433,,-0.3151,,07/01/2022,06/30/2024,0.000,,-1.4065,,0.000,,-1.3186,,N/A,13,N/A,5,0.577,,0.7720,,N/A,13,N/A,5,01/01/2023,12/31/2024,-0.5670,,No,
OWENSBORO HEALTH MUHLENBERG COMMUNITY HOSPITAL,180004,KY,2026,0.9535,,-0.2443,,07/01/2022,06/30/2024,N/A,13,N/A,5,N/A,13,N/A,5,1.411,,0.9606,,0.280,,-0.3780,,N/A,13,N/A,5,01/01/2023,12/31/2024,0.1128,,No,
HIGHLANDS ARH REGIONAL MEDICAL CENTER,180005,KY,2026,0.9078,,-0.5630,,07/01/2022,06/30/2024,1.455,,1.9688,,0.160,,-0.9329,,1.093,,0.4158,,0.514,,0.5281,,1.201,,1.0527,,01/01/2023,12/31/2024,0.4116,,Yes,
KING'S DAUGHTERS' MEDICAL CENTER,180009,KY,2026,1.1348,,1.0214,,07/01/2022,06/30/2024,0.835,,0.5305,,0.648,,0.2434,,1.342,,0.8424,,0.483,,0.4080,,0.766,,0.1436,,01/01/2023,12/31/2024,0.5316,,Yes,
SAINT JOSEPH HOSPITAL,180010,KY,2026,1.3604,,2.5111,,07/01/2022,06/30/2024,0.267,,-0.7871,,0.115,,-1.0414,,0.188,,-1.1344,,0.178,,-0.7729,,0.503,,-0.4060,,01/01/2023,12/31/2024,-0.2718,,No,
SAINT JOSEPH LONDON,180011,KY,2026,1.1085,,0.8382,,07/01/2022,06/30/2024,0.000,,-1.4065,,0.377,,-0.4099,,0.609,,-0.4133,,0.139,,-0.9239,,0.675,,-0.0466,,01/01/2023,12/31/2024,-0.3937,,No,
BAPTIST HEALTH HARDIN,180012,KY,2026,1.1931,,1.4289,,07/01/2022,06/30/2024,0.943,,0.7811,,0.475,,-0.1736,,0.816,,-0.0587,,0.497,,0.4622,,0.687,,-0.0215,,01/01/2023,12/31/2024,0.4031,,Yes,
THE MEDICAL CENTER (BOWLING GREEN),180013,KY,2026,1.0884,,0.6978,,07/01/2022,06/30/2024,1.231,,1.4492,,0.579,,0.0771,,1.163,,0.5357,,0.347,,-0.1186,,1.100,,0.8416,,01/01/2023,12/31/2024,0.5805,,Yes,
UOFL HEALTH - SHELBYVILLE HOSPITAL,180016,KY,2026,0.9849,,-0.0248,,07/01/2022,06/30/2024,N/A,13,N/A,5,N/A,13,N/A,5,N/A,13,N/A,5,0.240,,-0.5329,,N/A,13,N/A,5,01/01/2023,12/31/2024,-0.2788,,No,
T J SAMSON COMMUNITY HOSPITAL,180017,KY,2026,1.0002,,0.0817,,07/01/2022,06/30/2024,0.000,,-1.4065,,0.000,,-1.3186,,0.000,,-1.4565,,0.116,,-1.0130,,0.000,,-1.4573,,01/01/2023,12/31/2024,-1.0950,,No,
ST CLAIRE REGIONAL MEDICAL CENTER,180018,KY,2026,1.0671,,0.5491,,07/01/2022,06/30/2024,1.101,,1.1476,,0.416,,-0.3158,,1.017,,0.2856,,0.385,,0.0286,,0.000,,-1.4573,,01/01/2023,12/31/2024,0.0396,,No,
MEADOWVIEW REGIONAL MEDICAL CENTER,180019,KY,2026,0.8946,,-0.6552,,07/01/2022,06/30/2024,N/A,13,N/A,5,N/A,13,N/A,5,N/A,13,N/A,5,0.440,,0.2415,,N/A,13,N/A,5,01/01/2023,12/31/2024,-0.2068,,No,
MIDDLESBORO ARH HOSPITAL,180020,KY,2026,0.9725,,-0.1113,,07/01/2022,06/30/2024,N/A,13,N/A,5,0.973,,1.0268,,N/A,13,N/A,5,0.229,,-0.5755,,N/A,13,N/A,5,01/01/2023,12/31/2024,0.1133,,No,
SPRING VIEW HOSPITAL,180024,KY,2026,0.9716,,-0.1178,,07/01/2022,06/30/2024,N/A,13,N/A,5,N/A,13,N/A,5,N/A,13,N/A,5,0.000,,-1.4622,,N/A,13,N/A,5,01/01/2023,12/31/2024,-0.7900,,No,
CHI SAINT JOSEPH FLAGET MEMORIAL HOSPITAL,180025,KY,2026,0.9427,,-0.3198,,07/01/2022,06/30/2024,N/A,13,N/A,5,N/A,13,N/A,5,N/A,13,N/A,5,0.738,,1.3954,,N/A,13,N/A,5,01/01/2023,12/31/2024,0.5378,,Yes,
MURRAY-CALLOWAY COUNTY HOSPITAL,180027,KY,2026,1.0458,,0.4004,,07/01/2022,06/30/2024,1.209,,1.3981,,0.267,,-0.6750,,0.000,,-1.4565,,1.056,,2.1931,,0.946,,0.5198,,01/01/2023,12/31/2024,0.3966,,Yes,
HAZARD ARH REGIONAL MEDICAL CENTER,180029,KY,2026,0.9673,,-0.1476,,07/01/2022,06/30/2024,2.257,,2.2402,,0.844,,0.7159,,0.670,,-0.3088,,0.319,,-0.2270,,1.070,,0.7789,,01/01/2023,12/31/2024,0.5086,,Yes,
ST ELIZABETH EDGEWOOD,180035,KY,2026,1.0759,,0.6101,,07/01/2022,06/30/2024,0.830,,0.5189,,0.654,,0.2579,,0.923,,0.1246,,0.319,,-0.2270,,0.601,,-0.2012,,01/01/2023,12/31/2024,0.1806,,No,
OWENSBORO HEALTH REGIONAL HOSPITAL,180038,KY,2026,1.1002,,0.7799,,07/01/2022,06/30/2024,0.927,,0.7440,,0.409,,-0.3327,,1.245,,0.6762,,0.177,,-0.7768,,0.728,,0.0642,,01/01/2023,12/31/2024,0.1925,,No,
UOFL HEALTH - JEWISH HOSPITAL and Mary & Elizabeth Hospital,180040,KY,2026,1.2452,,1.7921,,07/01/2022,06/30/2024,1.003,,0.9203,,0.444,,-0.2483,,0.820,,-0.0518,,0.580,,0.7836,,1.154,,0.9545,,01/01/2023,12/31/2024,0.6917,,Yes,
AdventHealthManchester,180043,KY,2026,1.3261,,2.3571,,07/01/2022,06/30/2024,N/A,13,N/A,5,0.000,,-1.3186,,N/A,13,N/A,5,0.455,,0.2996,,N/A,13,N/A,5,01/01/2023,12/31/2024,0.4460,,Yes,
PIKEVILLE MEDICAL CENTER,180044,KY,2026,1.7387,,2.5111,,07/01/2022,06/30/2024,0.412,,-0.4507,,1.093,,1.3161,,1.546,,1.1918,,0.788,,1.5890,,0.771,,0.1540,,01/01/2023,12/31/2024,1.0519,,Yes,
ST ELIZABETH FLORENCE,180045,KY,2026,0.8696,,-0.8298,,07/01/2022,06/30/2024,1.069,,1.0734,,0.384,,-0.3930,,1.261,,0.7036,,0.341,,-0.1418,,0.201,,-1.0372,,01/01/2023,12/31/2024,-0.1041,,No,
BOURBON COMMUNITY HOSPITAL,180046,KY,2026,N/A,13,N/A,5,07/01/2022,06/30/2024,N/A,13,N/A,5,N/A,13,N/A,5,N/A,13,N/A,5,N/A,13,N/A,5,N/A,13,N/A,5,01/01/2023,12/31/2024,N/A,5,No,
EPHRAIM MCDOWELL REGIONAL MEDICAL CENTER,180048,KY,2026,0.9463,,-0.2947,,07/01/2022,06/30/2024,0.860,,0.5885,,0.120,,-1.0294,,0.914,,0.1092,,0.489,,0.4313,,2.498,,2.2251,,01/01/2023,12/31/2024,0.3383,,No,
BAPTIST HEALTH RICHMOND,180049,KY,2026,0.9667,,-0.1521,,07/01/2022,06/30/2024,0.000,,-1.4065,,N/A,13,N/A,5,0.000,,-1.4565,,0.091,,-1.1098,,0.583,,-0.2389,,01/01/2023,12/31/2024,-0.8727,,No,
HARLAN ARH HOSPITAL,180050,KY,2026,0.9660,,-0.1566,,07/01/2022,06/30/2024,3.145,,2.2402,,0.430,,-0.2821,,N/A,13,N/A,5,0.512,,0.5203,,0.917,,0.4592,,01/01/2023,12/31/2024,0.5562,,Yes,
JENNIE STUART MEDICAL CENTER,180051,KY,2026,0.9685,,-0.1395,,07/01/2022,06/30/2024,2.026,,2.2402,,0.822,,0.6628,,0.399,,-0.7730,,1.013,,2.1931,,2.329,,2.2251,,01/01/2023,12/31/2024,1.0681,,Yes,
DEACONESS HENDERSON HOSPITAL,180056,KY,2026,0.9898,,0.0091,,07/01/2022,06/30/2024,1.047,,1.0223,,0.000,,-1.3186,,1.391,,0.9263,,0.216,,-0.6258,,0.441,,-0.5356,,01/01/2023,12/31/2024,-0.0870,,No,
SAINT JOSEPH MOUNT STERLING,180064,KY,2026,1.0349,,0.3245,,07/01/2022,06/30/2024,N/A,13,N/A,5,0.774,,0.5471,,N/A,13,N/A,5,1.382,,2.1931,,N/A,13,N/A,5,01/01/2023,12/31/2024,1.0215,,Yes,
The Medical Center at Russellville,180066,KY,2026,0.9777,,-0.0753,,07/01/2022,06/30/2024,N/A,13,N/A,5,N/A,13,N/A,5,N/A,13,N/A,5,0.496,,0.4584,,N/A,13,N/A,5,01/01/2023,12/31/2024,0.1916,,No,
UNIVERSITY OF KENTUCKY HOSPITAL,180067,KY,2026,1.0674,,0.5510,,07/01/2022,06/30/2024,0.966,,0.8344,,0.354,,-0.4653,,1.066,,0.3696,,0.316,,-0.2386,,1.333,,1.3286,,01/01/2023,12/31/2024,0.3966,,Yes,
TUG VALLEY ARH REGIONAL MEDICAL CENTER,180069,KY,2026,0.9509,,-0.2624,,07/01/2022,06/30/2024,N/A,13,N/A,5,0.593,,0.1108,,N/A,13,N/A,5,0.176,,-0.7807,,N/A,13,N/A,5,01/01/2023,12/31/2024,-0.3108,,No,
OWENSBORO HEALTH TWIN LAKES MEDICAL CENTER,180070,KY,2026,0.9571,,-0.2192,,07/01/2022,06/30/2024,N/A,13,N/A,5,N/A,13,N/A,5,0.792,,-0.0998,,0.673,,1.1437,,N/A,13,N/A,5,01/01/2023,12/31/2024,0.2749,,No,
PAINTSVILLE ARH HOSPITAL,180078,KY,2026,0.9670,,-0.1500,,07/01/2022,06/30/2024,N/A,13,N/A,5,N/A,13,N/A,5,N/A,13,N/A,5,0.000,,-1.4622,,N/A,13,N/A,5,01/01/2023,12/31/2024,-0.8061,,No,
HARRISON MEMORIAL HOSPITAL,180079,KY,2026,0.9652,,-0.1622,,07/01/2022,06/30/2024,N/A,13,N/A,5,N/A,13,N/A,5,N/A,13,N/A,5,0.365,,-0.0489,,N/A,13,N/A,5,01/01/2023,12/31/2024,-0.1056,,No,
BAPTIST HEALTH CORBIN,180080,KY,2026,0.8998,,-0.6188,,07/01/2022,06/30/2024,1.227,,1.4399,,0.967,,1.0123,,0.628,,-0.3807,,0.051,,-1.2647,,1.277,,1.2115,,01/01/2023,12/31/2024,0.2333,,No,
TAYLOR REGIONAL HOSPITAL,180087,KY,2026,1.2894,,2.1005,,07/01/2022,06/30/2024,0.710,,0.2406,,0.388,,-0.3833,,2.408,,2.1717,,0.948,,2.1931,,N/A,13,N/A,5,01/01/2023,12/31/2024,1.2645,,Yes,
"NORTON HOSPITALS, INC",180088,KY,2026,1.0815,23,0.6495,23,07/01/2022,06/30/2024,0.854,,0.5746,,0.473,,-0.1784,,1.679,,1.4197,,0.396,,0.0712,,0.844,,0.3066,,01/01/2023,12/31/2024,0.4739,23,Yes,
CLARK REGIONAL MEDICAL CENTER,180092,KY,2026,0.9455,,-0.2996,,07/01/2022,06/30/2024,0.000,,-1.4065,,0.000,,-1.3186,,0.397,,-0.7764,,0.175,,-0.7845,,0.000,,-1.4573,,01/01/2023,12/31/2024,-1.0072,,No,
BAPTIST HEALTH DEACONESS MADISONVILLE,180093,KY,2026,1.0442,,0.3888,,07/01/2022,06/30/2024,0.000,,-1.4065,,0.433,,-0.2749,,0.673,,-0.3036,,0.197,,-0.6994,,0.833,,0.2836,,01/01/2023,12/31/2024,-0.3353,,No,
GEORGETOWN COMMUNITY HOSPITAL,180101,KY,2026,0.9244,,-0.4474,,07/01/2022,06/30/2024,N/A,13,N/A,5,2.765,,2.3863,,0.979,,0.2206,,0.000,,-1.4622,,N/A,13,N/A,5,01/01/2023,12/31/2024,0.1743,,No,
MERCY HEALTH - LOURDES HOSPITAL,180102,KY,2026,0.7641,,-1.4834,,07/01/2022,06/30/2024,1.013,,0.9435,,0.622,,0.1807,,0.754,,-0.1649,,0.243,,-0.5213,,1.774,,2.2251,,01/01/2023,12/31/2024,0.1966,,No,
BAPTIST HEALTH LEXINGTON,180103,KY,2026,0.9683,,-0.1405,,07/01/2022,06/30/2024,0.414,,-0.4461,,1.179,,1.5234,,1.243,,0.6728,,0.152,,-0.8736,,0.975,,0.5804,,01/01/2023,12/31/2024,0.2194,,No,
BAPTIST HEALTH PADUCAH,180104,KY,2026,1.3702,,2.5111,,07/01/2022,06/30/2024,1.377,,1.7879,,0.633,,0.2072,,0.674,,-0.3019,,0.099,,-1.0788,,0.854,,0.3275,,01/01/2023,12/31/2024,0.5755,,Yes,
MONROE COUNTY MEDICAL CENTER,180105,KY,2026,N/A,13,N/A,5,07/01/2022,06/30/2024,N/A,13,N/A,5,N/A,13,N/A,5,N/A,12,N/A,5,0.808,,1.6665,,N/A,13,N/A,5,01/01/2023,12/31/2024,1.6665,,Yes,
"ROCKCASTLE COUNTY HOSPITAL, INC.",180115,KY,2026,0.9971,,0.0605,,07/01/2022,06/30/2024,N/A,13,N/A,5,N/A,13,N/A,5,N/A,13,N/A,5,1.019,,2.1931,,N/A,13,N/A,5,01/01/2023,12/31/2024,1.1268,,Yes,
JACKSON PURCHASE MEDICAL CENTER,180116,KY,2026,1.0816,,0.6502,,07/01/2022,06/30/2024,1.884,,2.2402,,1.818,,2.3863,,0.517,,-0.5709,,0.828,,1.7439,,0.681,,-0.0340,,01/01/2023,12/31/2024,1.0693,,Yes,
TRISTAR GREENVIEW REGIONAL HOSPITAL,180124,KY,2026,0.8120,,-1.2320,,07/01/2022,06/30/2024,1.635,,2.2402,,0.975,,1.0316,,0.000,,-1.4565,,0.177,,-0.7768,,1.289,,1.2366,,01/01/2023,12/31/2024,0.1739,,No,
FRANKFORT REGIONAL MEDICAL CENTER,180127,KY,2026,0.8991,,-0.6238,,07/01/2022,06/30/2024,0.649,,0.0991,,0.000,,-1.3186,,0.339,,-0.8758,,0.269,,-0.4206,,0.000,,-1.4573,,01/01/2023,12/31/2024,-0.7662,,No,
THREE RIVERS MEDICAL CENTER,180128,KY,2026,0.9622,,-0.1835,,07/01/2022,06/30/2024,N/A,13,N/A,5,0.000,,-1.3186,,N/A,13,N/A,5,0.228,,-0.5793,,N/A,13,N/A,5,01/01/2023,12/31/2024,-0.6938,,No,
BAPTIST HEALTH LOUISVILLE,180130,KY,2026,0.9214,,-0.4682,,07/01/2022,06/30/2024,1.197,,1.3703,,0.329,,-0.5256,,1.346,,0.8492,,0.234,,-0.5561,,0.688,,-0.0194,,01/01/2023,12/31/2024,0.1084,,No,
LAKE CUMBERLAND REGIONAL HOSPITAL,180132,KY,2026,0.8686,,-0.8368,,07/01/2022,06/30/2024,0.141,,-1.0794,,0.199,,-0.8389,,1.591,,1.2689,,0.217,,-0.6219,,0.923,,0.4717,,01/01/2023,12/31/2024,-0.2727,,No,
BAPTIST HEALTH LAGRANGE,180138,KY,2026,0.9758,,-0.0881,,07/01/2022,06/30/2024,N/A,13,N/A,5,N/A,13,N/A,5,1.634,,1.3426,,0.000,,-1.4622,,N/A,13,N/A,5,01/01/2023,12/31/2024,-0.0692,,No,
UNIVERSITY OF LOUISVILLE HOSPITAL,180141,KY,2026,0.9134,,-0.5240,,07/01/2022,06/30/2024,0.962,,0.8252,,1.158,,1.4728,,0.970,,0.2051,,0.642,,1.0237,,1.291,,1.2408,,01/01/2023,12/31/2024,0.7073,,Yes,
SAINT JOSEPH EAST,180143,KY,2026,0.8803,,-0.7553,,07/01/2022,06/30/2024,0.681,,0.1733,,0.414,,-0.3207,,0.000,,-1.4565,,0.051,,-1.2647,,0.000,,-1.4573,,01/01/2023,12/31/2024,-0.8469,,No,
TJ HEALTH COLUMBIA,180149,KY,2026,N/A,13,N/A,5,07/01/2022,06/30/2024,N/A,13,N/A,5,N/A,13,N/A,5,N/A,12,N/A,5,N/A,13,N/A,5,N/A,13,N/A,5,01/01/2023,12/31/2024,N/A,5,No,
"PINEVILLE COMMUNITY HEALTH CENTER, INC",180154,KY,2026,N/A,13,N/A,5,07/01/2022,06/30/2024,N/A,13,N/A,5,N/A,13,N/A,5,N/A,13,N/A,5,N/A,13,N/A,5,N/A,13,N/A,5,01/01/2023,12/31/2024,N/A,5,No,
OCHSNER LAFAYETTE GENERAL MEDICAL CENTER,190002,LA,2026,1.3425,,2.4718,,07/01/2022,06/30/2024,0.501,,-0.2443,,0.552,,0.0120,,0.953,,0.1760,,0.383,,0.0208,,0.937,,0.5010,,01/01/2023,12/31/2024,0.4896,,Yes,
THIBODAUX REGIONAL MEDICAL CENTER,190004,LA,2026,0.9002,,-0.6160,,07/01/2022,06/30/2024,0.904,,0.6906,,0.850,,0.7303,,0.258,,-1.0145,,0.710,,1.2870,,4.204,,2.2251,,01/01/2023,12/31/2024,0.5504,,Yes,
UNIVERSITY MEDICAL CENTER NEW ORLEANS,190005,LA,2026,1.2903,,2.1073,,07/01/2022,06/30/2024,0.457,,-0.3463,,0.602,,0.1325,,1.468,,1.0582,,0.279,,-0.3819,,1.807,,2.2251,,01/01/2023,12/31/2024,0.7992,,Yes,
OCHSNER UNIVERSITY HOSPITAL AND CLINICS,190006,LA,2026,1.0746,,0.6013,,07/01/2022,06/30/2024,2.384,,2.2402,,1.507,,2.3140,,0.000,,-1.4565,,0.116,,-1.0130,,2.234,,2.2251,,01/01/2023,12/31/2024,0.8185,,Yes,
NATCHITOCHES REGIONAL MEDICAL CENTER,190007,LA,2026,1.0280,,0.2757,,07/01/2022,06/30/2024,N/A,13,N/A,5,0.000,,-1.3186,,1.200,,0.5991,,0.443,,0.2532,,N/A,13,N/A,5,01/01/2023,12/31/2024,-0.0477,,No,
TERREBONNE GENERAL MEDICAL CENTER - PARISH,190008,LA,2026,0.6886,,-1.4834,,07/01/2022,06/30/2024,0.137,,-1.0887,,0.348,,-0.4798,,0.195,,-1.1224,,0.362,,-0.0605,,2.511,,2.2251,,01/01/2023,12/31/2024,-0.3349,,No,
OCHSNER LSU HEALTH MONROE,190011,LA,2026,0.9301,,-0.4076,,07/01/2022,06/30/2024,0.250,,-0.8265,,0.000,,-1.3186,,2.230,,2.1717,,0.187,,-0.7381,,1.804,,2.2251,,01/01/2023,12/31/2024,0.1843,,No,
WEST CALCASIEU CAMERON HOSPITAL,190013,LA,2026,1.0458,,0.4001,,07/01/2022,06/30/2024,N/A,13,N/A,5,1.014,,1.1256,,1.467,,1.0565,,0.305,,-0.2812,,N/A,13,N/A,5,01/01/2023,12/31/2024,0.5753,,Yes,
OCHSNER ST MARY,190014,LA,2026,0.9552,,-0.2322,,07/01/2022,06/30/2024,0.907,,0.6976,,2.924,,2.3863,,1.708,,1.4693,,0.176,,-0.7807,,N/A,13,N/A,5,01/01/2023,12/31/2024,0.7081,,Yes,
NORTH OAKS MEDICAL CENTER,190015,LA,2026,1.0998,,0.7774,,07/01/2022,06/30/2024,0.586,,-0.0471,,0.939,,0.9449,,0.874,,0.0407,,0.597,,0.8495,,0.558,,-0.2911,,01/01/2023,12/31/2024,0.3790,,No,
OPELOUSAS GENERAL HEALTH SYSTEM,190017,LA,2026,0.9603,,-0.1967,,07/01/2022,06/30/2024,0.000,,-1.4065,,0.584,,0.0891,,0.552,,-0.5109,,0.562,,0.7139,,3.743,,2.2251,,01/01/2023,12/31/2024,0.1523,,No,
CHRISTUS ST FRANCES CABRINI HOSPITAL,190019,LA,2026,1.0459,,0.4009,,07/01/2022,06/30/2024,0.850,,0.5653,,0.113,,-1.0462,,0.672,,-0.3053,,0.256,,-0.4709,,2.030,,2.2251,,01/01/2023,12/31/2024,0.2281,,No,
LANE REGIONAL MEDICAL CENTER,190020,LA,2026,0.9799,,-0.0598,,07/01/2022,06/30/2024,0.524,,-0.1909,,0.000,,-1.3186,,0.474,,-0.6445,,0.473,,0.3693,,0.000,,-1.4573,,01/01/2023,12/31/2024,-0.5503,,No,
SAVOY MEDICAL CENTER,190025,LA,2026,0.9769,,-0.0804,,07/01/2022,06/30/2024,N/A,13,N/A,5,N/A,13,N/A,5,N/A,13,N/A,5,0.000,,-1.4622,,N/A,13,N/A,5,01/01/2023,12/31/2024,-0.7713,,No,
RAPIDES REGIONAL MEDICAL CENTER,190026,LA,2026,1.0873,,0.6902,,07/01/2022,06/30/2024,1.359,,1.7461,,0.593,,0.1108,,1.133,,0.4844,,0.184,,-0.7497,,0.502,,-0.4081,,01/01/2023,12/31/2024,0.3123,,No,
CHRISTUS OCHSNER ST PATRICK HOSPITAL,190027,LA,2026,0.8901,,-0.6869,,07/01/2022,06/30/2024,0.169,,-1.0144,,0.498,,-0.1182,,0.925,,0.1281,,0.376,,-0.0063,,1.499,,1.6755,,01/01/2023,12/31/2024,-0.0037,,No,
ABBEVILLE GENERAL HOSPITAL,190034,LA,2026,0.9350,,-0.3729,,07/01/2022,06/30/2024,0.829,,0.5166,,0.766,,0.5278,,2.039,,2.0363,,1.049,,2.1931,,N/A,13,N/A,5,01/01/2023,12/31/2024,0.9802,,Yes,
OCHSNER MEDICAL CENTER ACUTE,190036,LA,2026,1.1551,,1.1636,,07/01/2022,06/30/2024,0.592,,-0.0332,,0.310,,-0.5714,,0.973,,0.2103,,0.320,,-0.2231,,0.841,,0.3003,,01/01/2023,12/31/2024,0.1411,,No,
WEST JEFFERSON MEDICAL CENTER,190039,LA,2026,0.9476,,-0.2855,,07/01/2022,06/30/2024,0.479,,-0.2953,,0.331,,-0.5207,,0.481,,-0.6325,,0.118,,-1.0053,,1.004,,0.6410,,01/01/2023,12/31/2024,-0.3497,,No,
SLIDELL MEMORIAL HOSPITAL,190040,LA,2026,1.3190,,2.3073,,07/01/2022,06/30/2024,0.662,,0.1292,,0.871,,0.7809,,1.016,,0.2839,,0.416,,0.1486,,0.925,,0.4759,,01/01/2023,12/31/2024,0.6876,,Yes,
CHRISTUS SHREVEPORT-BOSSIER HEALTH SYSTEM,190041,LA,2026,1.0100,,0.1503,,07/01/2022,06/30/2024,0.913,,0.7115,,0.062,,-1.1692,,0.162,,-1.1790,,0.301,,-0.2967,,1.142,,0.9294,,01/01/2023,12/31/2024,-0.1423,,No,
ACADIA GENERAL HOSPITAL,190044,LA,2026,0.8702,,-0.8254,,07/01/2022,06/30/2024,0.712,,0.2452,,0.377,,-0.4099,,1.590,,1.2672,,0.607,,0.8882,,N/A,13,N/A,5,01/01/2023,12/31/2024,0.2331,,No,
ST TAMMANY PARISH HOSPITAL,190045,LA,2026,0.7449,,-1.4834,,07/01/2022,06/30/2024,0.647,,0.0944,,0.217,,-0.7955,,1.108,,0.4415,,0.334,,-0.1689,,0.519,,-0.3726,,01/01/2023,12/31/2024,-0.3807,,No,
TOURO INFIRMARY,190046,LA,2026,1.0004,,0.0830,,07/01/2022,06/30/2024,0.847,,0.5584,,0.348,,-0.4798,,3.039,,2.1717,,0.122,,-0.9898,,0.693,,-0.0090,,01/01/2023,12/31/2024,0.2224,,No,
BEAUREGARD MEMORIAL HOSPITAL,190050,LA,2026,0.9647,,-0.1658,,07/01/2022,06/30/2024,N/A,13,N/A,5,0.573,,0.0626,,0.000,,-1.4565,,0.387,,0.0363,,N/A,13,N/A,5,01/01/2023,12/31/2024,-0.3808,,No,
OCHSNER AMERICAN LEGION HOSPITAL,190053,LA,2026,1.0619,,0.5129,,07/01/2022,06/30/2024,0.000,,-1.4065,,0.651,,0.2506,,N/A,13,N/A,5,0.243,,-0.5213,,N/A,13,N/A,5,01/01/2023,12/31/2024,-0.2910,,No,
IBERIA MEDICAL CENTER,190054,LA,2026,1.2194,,1.6120,,07/01/2022,06/30/2024,0.221,,-0.8938,,0.380,,-0.4026,,0.965,,0.1966,,0.320,,-0.2231,,0.552,,-0.3036,,01/01/2023,12/31/2024,-0.0024,,No,
LAKE CHARLES MEMORIAL HOSPITAL,190060,LA,2026,1.3977,,2.5111,,07/01/2022,06/30/2024,0.730,,0.2870,,0.569,,0.0530,,0.867,,0.0287,,0.670,,1.1321,,0.492,,-0.4290,,01/01/2023,12/31/2024,0.5971,,Yes,
OUR LADY OF THE LAKE REGIONAL MEDICAL CENTER,190064,LA,2026,0.8531,,-0.9450,,07/01/2022,06/30/2024,0.923,,0.7347,,0.396,,-0.3641,,0.986,,0.2325,,0.406,,0.1099,,1.019,,0.6723,,01/01/2023,12/31/2024,0.0734,,No,
BATON ROUGE GENERAL MEDICAL CENTER,190065,LA,2026,0.9174,,-0.4959,,07/01/2022,06/30/2024,0.659,,0.1223,,0.215,,-0.8004,,0.781,,-0.1186,,0.191,,-0.7226,,0.830,,0.2773,,01/01/2023,12/31/2024,-0.2896,,No,
ST CHARLES PARISH HOSPITAL,190079,LA,2026,0.9888,,0.0025,,07/01/2022,06/30/2024,N/A,13,N/A,5,N/A,13,N/A,5,N/A,13,N/A,5,0.000,,-1.4622,,N/A,13,N/A,5,01/01/2023,12/31/2024,-0.7298,,No,
NORTHERN LOUISIANA MEDICAL CENTER,190086,LA,2026,1.0322,,0.3055,,07/01/2022,06/30/2024,2.430,,2.2402,,0.613,,0.1590,,0.000,,-1.4565,,0.111,,-1.0324,,N/A,13,N/A,5,01/01/2023,12/31/2024,0.0432,,No,
SPRINGHILL MEDICAL CENTER,190088,LA,2026,N/A,13,N/A,5,07/01/2022,06/30/2024,N/A,13,N/A,5,N/A,13,N/A,5,N/A,12,N/A,5,0.478,,0.3887,,N/A,13,N/A,5,01/01/2023,12/31/2024,0.3887,,Yes,
WINN PARISH MEDICAL CENTER,190090,LA,2026,N/A,13,N/A,5,07/01/2022,06/30/2024,N/A,13,N/A,5,N/A,13,N/A,5,N/A,13,N/A,5,1.867,,2.1931,,N/A,13,N/A,5,01/01/2023,12/31/2024,2.1931,,Yes,
OCHSNER LSU HEALTH SHREVEPORT,190098,LA,2026,1.1111,,0.8561,,07/01/2022,06/30/2024,0.509,,-0.2257,,0.476,,-0.1712,,1.430,,0.9931,,0.399,,0.0828,,1.584,,1.8531,,01/01/2023,12/31/2024,0.5647,,Yes,
AVOYELLES HOSPITAL,190099,LA,2026,0.9702,,-0.1272,,07/01/2022,06/30/2024,N/A,13,N/A,5,0.835,,0.6942,,1.621,,1.3203,,1.152,,2.1931,,N/A,13,N/A,5,01/01/2023,12/31/2024,1.0201,,Yes,
"OUR LADY OF LOURDES REGIONAL MEDICAL CENTER, INC",190102,LA,2026,0.8328,,-1.0870,,07/01/2022,06/30/2024,0.530,,-0.1770,,1.030,,1.1642,,0.965,,0.1966,,0.184,,-0.7497,,1.233,,1.1196,,01/01/2023,12/31/2024,0.0778,,No,
OAKDALE COMMUNITY HOSPITAL,190106,LA,2026,0.9389,,-0.3458,,07/01/2022,06/30/2024,N/A,13,N/A,5,N/A,13,N/A,5,N/A,13,N/A,5,0.000,,-1.4622,,N/A,13,N/A,5,01/01/2023,12/31/2024,-0.9040,,No,
WILLIS KNIGHTON MEDICAL CENTER,190111,LA,2026,N/A,5,N/A,5,07/01/2022,06/30/2024,1.030,,0.9829,,0.603,,0.1349,,0.796,,-0.0929,,0.907,,2.0498,,1.059,,0.7559,,01/01/2023,12/31/2024,0.7661,,Yes,
CLAIBORNE MEMORIAL MEDICAL CENTER,190114,LA,2026,N/A,13,N/A,5,07/01/2022,06/30/2024,N/A,13,N/A,5,0.000,,-1.3186,,N/A,12,N/A,5,3.164,,2.1931,,N/A,13,N/A,5,01/01/2023,12/31/2024,0.4372,,Yes,
MOREHOUSE GENERAL HOSPITAL,190116,LA,2026,N/A,13,N/A,5,07/01/2022,06/30/2024,N/A,13,N/A,5,N/A,13,N/A,5,N/A,13,N/A,5,2.204,,2.1931,,N/A,13,N/A,5,01/01/2023,12/31/2024,2.1931,,Yes,
DESOTO REGIONAL HEALTH SYSTEM,190118,LA,2026,N/A,13,N/A,5,07/01/2022,06/30/2024,N/A,13,N/A,5,N/A,13,N/A,5,N/A,12,N/A,5,N/A,13,N/A,5,N/A,13,N/A,5,01/01/2023,12/31/2024,N/A,5,No,
ST FRANCIS MEDICAL CENTER,190125,LA,2026,0.9963,,0.0548,,07/01/2022,06/30/2024,0.532,,-0.1724,,0.512,,-0.0844,,0.787,,-0.1083,,0.364,,-0.0527,,0.959,,0.5469,,01/01/2023,12/31/2024,0.0306,,No,
WOMANS HOSPITAL,190128,LA,2026,0.9500,,-0.2683,,07/01/2022,06/30/2024,1.309,,1.6301,,0.416,,-0.3158,,2.142,,2.1717,,0.069,,-1.1950,,1.498,,1.6734,,01/01/2023,12/31/2024,0.6160,,Yes,
ALLEN PARISH HOSPITAL,190133,LA,2026,N/A,13,N/A,5,07/01/2022,06/30/2024,N/A,13,N/A,5,N/A,13,N/A,5,N/A,13,N/A,5,N/A,13,N/A,5,N/A,13,N/A,5,01/01/2023,12/31/2024,N/A,5,No,
FRANKLIN MEDICAL CENTER,190140,LA,2026,0.9767,,-0.0818,,07/01/2022,06/30/2024,N/A,13,N/A,5,N/A,13,N/A,5,N/A,13,N/A,5,0.000,,-1.4622,,N/A,13,N/A,5,01/01/2023,12/31/2024,-0.7720,,No,
MINDEN MEDICAL CENTER,190144,LA,2026,0.9216,,-0.4667,,07/01/2022,06/30/2024,2.791,,2.2402,,0.000,,-1.3186,,1.577,,1.2449,,0.656,,1.0779,,N/A,13,N/A,5,01/01/2023,12/31/2024,0.5556,,Yes,
LASALLE GENERAL HOSPITAL,190145,LA,2026,N/A,13,N/A,5,07/01/2022,06/30/2024,N/A,13,N/A,5,0.705,,0.3808,,N/A,12,N/A,5,2.572,,2.1931,,N/A,13,N/A,5,01/01/2023,12/31/2024,1.2869,,Yes,
RICHARDSON MEDICAL CENTER,190151,LA,2026,1.0544,,0.4606,,07/01/2022,06/30/2024,N/A,13,N/A,5,N/A,13,N/A,5,N/A,13,N/A,5,N/A,13,N/A,5,N/A,13,N/A,5,01/01/2023,12/31/2024,0.4606,,Yes,
GLENWOOD REGIONAL MEDICAL CENTER,190160,LA,2026,1.0416,,0.3712,,07/01/2022,06/30/2024,2.482,,2.2402,,0.628,,0.1952,,0.000,,-1.4565,,0.156,,-0.8581,,2.127,,2.2251,,01/01/2023,12/31/2024,0.4529,,Yes,
BYRD REGIONAL HOSPITAL,190164,LA,2026,0.9390,,-0.3452,,07/01/2022,06/30/2024,N/A,13,N/A,5,0.000,,-1.3186,,N/A,13,N/A,5,0.244,,-0.5174,,N/A,13,N/A,5,01/01/2023,12/31/2024,-0.7271,,No,
MERCY REGIONAL MEDICAL CENTER,190167,LA,2026,0.9494,,-0.2724,,07/01/2022,06/30/2024,N/A,13,N/A,5,0.000,,-1.3186,,N/A,13,N/A,5,0.518,,0.5436,,N/A,13,N/A,5,01/01/2023,12/31/2024,-0.3492,,No,
EAST JEFFERSON GENERAL HOSPITAL,190176,LA,2026,1.0956,,0.7477,,07/01/2022,06/30/2024,0.571,,-0.0819,,0.702,,0.3736,,0.770,,-0.1375,,0.370,,-0.0295,,0.592,,-0.2200,,01/01/2023,12/31/2024,0.1087,,No,
LEONARD J CHABERT MEDICAL CENTER,190183,LA,2026,1.5688,,2.5111,,07/01/2022,06/30/2024,0.485,,-0.2814,,0.519,,-0.0676,,1.047,,0.3370,,0.316,,-0.2386,,0.983,,0.5971,,01/01/2023,12/31/2024,0.4763,,Yes,
CITIZENS MEDICAL CENTER,190184,LA,2026,0.9886,,0.0007,,07/01/2022,06/30/2024,N/A,13,N/A,5,N/A,13,N/A,5,N/A,13,N/A,5,2.066,,2.1931,,N/A,13,N/A,5,01/01/2023,12/31/2024,1.0969,,Yes,
"CALDWELL MEMORIAL HOSPITAL, INC",190190,LA,2026,N/A,13,N/A,5,07/01/2022,06/30/2024,N/A,13,N/A,5,N/A,13,N/A,5,N/A,12,N/A,5,N/A,13,N/A,5,N/A,13,N/A,5,01/01/2023,12/31/2024,N/A,5,No,
CHRISTUS OCHSNER LAKE AREA HOSPITAL,190201,LA,2026,0.9632,,-0.1761,,07/01/2022,06/30/2024,0.000,,-1.4065,,N/A,13,N/A,5,0.000,,-1.4565,,0.000,,-1.4622,,N/A,13,N/A,5,01/01/2023,12/31/2024,-1.1253,,No,
OCHSNER MEDICAL CENTER - BATON ROUGE,190202,LA,2026,0.9708,,-0.1232,,07/01/2022,06/30/2024,0.720,,0.2638,,0.000,,-1.3186,,0.620,,-0.3944,,0.141,,-0.9162,,1.163,,0.9733,,01/01/2023,12/31/2024,-0.2526,,No,
EAST CARROLL PARISH HOSPITAL,190208,LA,2026,N/A,13,N/A,5,07/01/2022,06/30/2024,N/A,13,N/A,5,N/A,13,N/A,5,N/A,13,N/A,5,N/A,13,N/A,5,N/A,13,N/A,5,01/01/2023,12/31/2024,N/A,5,No,
SABINE MEDICAL CENTER,190218,LA,2026,0.9921,,0.0256,,07/01/2022,06/30/2024,N/A,13,N/A,5,N/A,13,N/A,5,N/A,13,N/A,5,N/A,13,N/A,5,N/A,13,N/A,5,01/01/2023,12/31/2024,0.0256,,No,
PHYSICIANS MEDICAL CENTER,190241,LA,2026,0.9948,,0.0444,,07/01/2022,06/30/2024,N/A,13,N/A,5,N/A,13,N/A,5,3.492,,2.1717,,N/A,13,N/A,5,N/A,13,N/A,5,01/01/2023,12/31/2024,1.1080,,Yes,
MONROE SURGICAL HOSPITAL,190245,LA,2026,1.0100,,0.1501,,07/01/2022,06/30/2024,N/A,13,N/A,5,N/A,13,N/A,5,N/A,13,N/A,5,N/A,13,N/A,5,N/A,13,N/A,5,01/01/2023,12/31/2024,0.1501,,No,
SURGICAL SPECIALTY CENTER OF BATON ROUGE,190251,LA,2026,0.9787,,-0.0682,,07/01/2022,06/30/2024,N/A,13,N/A,5,N/A,13,N/A,5,N/A,12,N/A,5,N/A,13,N/A,5,N/A,13,N/A,5,01/01/2023,12/31/2024,-0.0682,,No,
PARK PLACE SURGICAL HOSPITAL,190255,LA,2026,0.9876,,-0.0061,,07/01/2022,06/30/2024,N/A,13,N/A,5,N/A,13,N/A,5,0.369,,-0.8244,,N/A,13,N/A,5,N/A,13,N/A,5,01/01/2023,12/31/2024,-0.4152,,No,
STERLING SURGICAL HOSPITAL,190256,LA,2026,0.9500,,-0.2682,,07/01/2022,06/30/2024,N/A,13,N/A,5,N/A,13,N/A,5,N/A,13,N/A,5,N/A,13,N/A,5,N/A,13,N/A,5,01/01/2023,12/31/2024,-0.2682,,No,
LAFAYETTE SURGICAL SPECIALTY HOSPITAL,190259,LA,2026,0.9374,,-0.3562,,07/01/2022,06/30/2024,N/A,13,N/A,5,N/A,13,N/A,5,N/A,12,N/A,5,N/A,13,N/A,5,N/A,13,N/A,5,01/01/2023,12/31/2024,-0.3562,,No,
THE SPINE HOSPITAL OF LOUISIANA,190266,LA,2026,0.8497,,-0.9691,,07/01/2022,06/30/2024,N/A,13,N/A,5,N/A,13,N/A,5,N/A,12,N/A,5,N/A,13,N/A,5,N/A,13,N/A,5,01/01/2023,12/31/2024,-0.9691,,No,
AVALA,190267,LA,2026,0.9059,,-0.5763,,07/01/2022,06/30/2024,N/A,13,N/A,5,N/A,13,N/A,5,N/A,13,N/A,5,N/A,13,N/A,5,N/A,13,N/A,5,01/01/2023,12/31/2024,-0.5763,,No,
OUR LADY OF THE LAKE SURGICAL HOSPITAL,190270,LA,2026,0.9242,,-0.4487,,07/01/2022,06/30/2024,N/A,13,N/A,5,N/A,13,N/A,5,N/A,13,N/A,5,N/A,13,N/A,5,N/A,13,N/A,5,01/01/2023,12/31/2024,-0.4487,,No,
OCHSNER MEDICAL CENTER-KENNER,190274,LA,2026,0.9012,,-0.6090,,07/01/2022,06/30/2024,0.281,,-0.7546,,0.483,,-0.1543,,0.000,,-1.4565,,0.178,,-0.7729,,0.325,,-0.7780,,01/01/2023,12/31/2024,-0.7542,,No,
SPECIALISTS HOSPITAL SHREVEPORT,190278,LA,2026,0.8479,,-0.9814,,07/01/2022,06/30/2024,N/A,13,N/A,5,N/A,13,N/A,5,N/A,12,N/A,5,0.000,,-1.4622,,N/A,13,N/A,5,01/01/2023,12/31/2024,-1.2218,,No,
CHRISTUS CENTRAL LOUISIANA SURGICAL HOSPITAL,190298,LA,2026,0.9320,,-0.3943,,07/01/2022,06/30/2024,N/A,13,N/A,5,N/A,13,N/A,5,N/A,13,N/A,5,N/A,13,N/A,5,N/A,13,N/A,5,01/01/2023,12/31/2024,-0.3943,,No,
ST CHARLES SURGICAL HOSPITAL,190300,LA,2026,0.9537,,-0.2426,,07/01/2022,06/30/2024,N/A,13,N/A,5,N/A,13,N/A,5,N/A,13,N/A,5,N/A,13,N/A,5,N/A,13,N/A,5,01/01/2023,12/31/2024,-0.2426,,No,
"OMEGA HOSPITAL, LLC",190302,LA,2026,N/A,13,N/A,5,07/01/2022,06/30/2024,N/A,13,N/A,5,N/A,13,N/A,5,N/A,13,N/A,5,N/A,13,N/A,5,N/A,13,N/A,5,01/01/2023,12/31/2024,N/A,5,No,
CYPRESS POINTE SURGICAL HOSPITAL,190303,LA,2026,0.9350,,-0.3735,,07/01/2022,06/30/2024,N/A,13,N/A,5,N/A,13,N/A,5,N/A,12,N/A,5,N/A,13,N/A,5,N/A,13,N/A,5,01/01/2023,12/31/2024,-0.3735,,No,
ST BERNARD PARISH HOSPITAL,190308,LA,2026,N/A,13,N/A,5,07/01/2022,06/30/2024,N/A,13,N/A,5,N/A,13,N/A,5,N/A,13,N/A,5,0.000,,-1.4622,,N/A,13,N/A,5,01/01/2023,12/31/2024,-1.4622,,No,
OUR LADY OF THE ANGELS HOSPITAL,190312,LA,2026,0.9618,,-0.1859,,07/01/2022,06/30/2024,3.135,,2.2402,,0.557,,0.0240,,N/A,13,N/A,5,0.000,,-1.4622,,N/A,13,N/A,5,01/01/2023,12/31/2024,0.1540,,No,
NEW ORLEANS EAST HOSPITAL,190313,LA,2026,0.9845,,-0.0279,,07/01/2022,06/30/2024,N/A,13,N/A,5,N/A,13,N/A,5,N/A,13,N/A,5,0.179,,-0.7691,,N/A,13,N/A,5,01/01/2023,12/31/2024,-0.3985,,No,
THE GENERAL,190316,LA,2026,N/A,13,N/A,5,07/01/2022,06/30/2024,N/A,13,N/A,5,0.000,,-1.3186,,N/A,13,N/A,5,0.096,,-1.0904,,0.000,,-1.4573,,01/01/2023,12/31/2024,-1.2888,,No,
OCHSNER LSU HEALTH SHREVEPORT-ST MARY MEDICAL CENT,190317,LA,2026,0.9935,,0.0352,,07/01/2022,06/30/2024,0.541,,-0.1515,,N/A,13,N/A,5,1.084,,0.4004,,0.087,,-1.1253,,0.000,,-1.4573,,01/01/2023,12/31/2024,-0.4597,,No,
ACADIAN MEDICAL CENTER,190318,LA,2026,1.1493,,1.1228,,07/01/2022,06/30/2024,N/A,13,N/A,5,0.858,,0.7496,,N/A,13,N/A,5,0.322,,-0.2154,,N/A,13,N/A,5,01/01/2023,12/31/2024,0.5523,,Yes,
ALEXANDRIA EMERGENCY HOSPITAL,190319,LA,2026,N/A,5,N/A,5,07/01/2022,06/30/2024,N/A,5,N/A,5,N/A,5,N/A,5,N/A,5,N/A,5,N/A,5,N/A,5,N/A,5,N/A,5,01/01/2023,12/31/2024,N/A,5,No,
ST JOSEPH HOSPITAL,200001,ME,2026,1.0576,,0.4825,,07/01/2022,06/30/2024,0.515,,-0.2118,,0.747,,0.4820,,0.227,,-1.0676,,0.355,,-0.0876,,0.757,,0.1248,,01/01/2023,12/31/2024,-0.0463,,No,
NORTHERN LIGHT MERCY HOSPITAL,200008,ME,2026,0.8968,,-0.6399,,07/01/2022,06/30/2024,0.662,,0.1292,,2.828,,2.3863,,0.981,,0.2240,,0.684,,1.1863,,1.036,,0.7079,,01/01/2023,12/31/2024,0.6656,,Yes,
MAINEHEALTH MAINE MEDICAL CENTER,200009,ME,2026,1.0109,,0.1565,,07/01/2022,06/30/2024,0.726,,0.2777,,1.285,,1.7789,,1.147,,0.5083,,0.332,,-0.1766,,0.520,,-0.3705,,01/01/2023,12/31/2024,0.3624,,No,
NORTHERN LIGHT  A R GOULD HOSPITAL,200018,ME,2026,1.1001,,0.7796,,07/01/2022,06/30/2024,N/A,13,N/A,5,N/A,13,N/A,5,1.890,,1.7811,,0.259,,-0.4593,,N/A,13,N/A,5,01/01/2023,12/31/2024,0.7005,,Yes,
YORK HOSPITAL,200020,ME,2026,0.9201,,-0.4774,,07/01/2022,06/30/2024,2.472,,2.2402,,1.052,,1.2172,,1.684,,1.4282,,0.618,,0.9308,,N/A,13,N/A,5,01/01/2023,12/31/2024,1.0678,,Yes,
MAINEHEALTH MID COAST HOSPITAL,200021,ME,2026,0.9705,,-0.1256,,07/01/2022,06/30/2024,0.390,,-0.5018,,0.876,,0.7930,,0.175,,-1.1567,,0.424,,0.1796,,1.839,,2.2251,,01/01/2023,12/31/2024,0.2356,,No,
CENTRAL MAINE MEDICAL CENTER,200024,ME,2026,0.9769,,-0.0805,,07/01/2022,06/30/2024,0.508,,-0.2280,,0.464,,-0.2001,,1.643,,1.3580,,0.207,,-0.6606,,0.000,,-1.4573,,01/01/2023,12/31/2024,-0.2114,,No,
CARY MEDICAL CENTER,200031,ME,2026,0.9655,,-0.1605,,07/01/2022,06/30/2024,N/A,13,N/A,5,N/A,13,N/A,5,0.000,,-1.4565,,1.641,,2.1931,,N/A,13,N/A,5,01/01/2023,12/31/2024,0.1920,,No,
NORTHERN LIGHT EASTERN MAINE MEDICAL CENTER,200033,ME,2026,0.7992,,-1.3215,,07/01/2022,06/30/2024,0.654,,0.1107,,0.709,,0.3904,,0.391,,-0.7867,,0.382,,0.0170,,0.867,,0.3547,,01/01/2023,12/31/2024,-0.2059,,No,
ST MARY'S REGIONAL MEDICAL CENTER,200034,ME,2026,1.2323,,1.7025,,07/01/2022,06/30/2024,0.982,,0.8715,,0.543,,-0.0097,,0.000,,-1.4565,,0.176,,-0.7807,,1.572,,1.8280,,01/01/2023,12/31/2024,0.3592,,No,
MAINE GENERAL MEDICAL CENTER,200039,ME,2026,0.9486,,-0.2784,,07/01/2022,06/30/2024,0.459,,-0.3417,,1.315,,1.8512,,1.024,,0.2976,,0.144,,-0.9046,,0.232,,-0.9724,,01/01/2023,12/31/2024,-0.0580,,No,
NORTHERN LIGHT MAINE COAST HOSPITAL,200050,ME,2026,0.9051,,-0.5817,,07/01/2022,06/30/2024,0.957,,0.8136,,1.778,,2.3863,,2.123,,2.1717,,0.228,,-0.5793,,0.000,,-1.4573,,01/01/2023,12/31/2024,0.4589,,Yes,
MAINEHEALTH PEN BAY HOSPITAL,200063,ME,2026,0.9317,,-0.3962,,07/01/2022,06/30/2024,N/A,13,N/A,5,0.000,,-1.3186,,0.000,,-1.4565,,0.553,,0.6791,,0.581,,-0.2430,,01/01/2023,12/31/2024,-0.5470,,No,
MERITUS MEDICAL CENTER,210001,MD,2026,0.8118,,-1.2331,,07/01/2022,06/30/2024,0.648,,0.0967,,0.384,,-0.3930,,2.239,,2.1717,,0.188,,-0.7342,,0.100,,-1.2483,,01/01/2023,12/31/2024,-0.2234,,N/A,a
UNIVERSITY OF MARYLAND MEDICAL CENTER,210002,MD,2026,1.0371,,0.3392,,07/01/2022,06/30/2024,1.048,,1.0247,,1.018,,1.1353,,1.930,,1.8496,,0.427,,0.1912,,0.720,,0.0475,,01/01/2023,12/31/2024,0.7646,,N/A,a
UNIVERSITY OF MD CAPITAL REGION MEDICAL CENTER,210003,MD,2026,1.6039,,2.5111,,07/01/2022,06/30/2024,1.856,,2.2402,,0.336,,-0.5087,,1.177,,0.5597,,0.345,,-0.1263,,0.125,,-1.1960,,01/01/2023,12/31/2024,0.5800,,N/A,a
HOLY CROSS HOSPITAL,210004,MD,2026,1.0100,,0.1504,,07/01/2022,06/30/2024,0.838,,0.5375,,0.846,,0.7207,,1.828,,1.6749,,0.499,,0.4700,,0.329,,-0.7697,,01/01/2023,12/31/2024,0.4640,,N/A,a
FREDERICK HEALTH HOSPITAL,210005,MD,2026,1.2354,,1.7240,,07/01/2022,06/30/2024,0.350,,-0.5946,,0.454,,-0.2242,,0.346,,-0.8638,,0.434,,0.2183,,0.345,,-0.7362,,01/01/2023,12/31/2024,-0.0794,,N/A,a
MERCY MEDICAL CENTER INC,210008,MD,2026,1.0073,,0.1314,,07/01/2022,06/30/2024,0.358,,-0.5760,,0.435,,-0.2700,,0.230,,-1.0625,,1.008,,2.1931,,0.391,,-0.6401,,01/01/2023,12/31/2024,-0.0374,,N/A,a
"JOHNS HOPKINS HOSPITAL, THE",210009,MD,2026,1.1812,,1.3452,,07/01/2022,06/30/2024,1.164,,1.2938,,0.600,,0.1277,,1.149,,0.5118,,0.608,,0.8920,,0.599,,-0.2054,,01/01/2023,12/31/2024,0.6608,,N/A,a
SAINT AGNES HOSPITAL,210011,MD,2026,0.9744,29,-0.0981,29,07/01/2022,06/30/2024,1.061,29,1.0548,29,0.138,29,-0.9860,29,0.207,29,-1.1019,29,0.383,29,0.0208,29,1.189,29,1.0276,29,01/01/2023,12/31/2024,-0.0138,,N/A,a
SINAI HOSPITAL OF BALTIMORE,210012,MD,2026,1.4729,,2.5111,,07/01/2022,06/30/2024,0.590,,-0.0378,,0.431,,-0.2797,,1.615,,1.3100,,0.468,,0.3500,,0.844,,0.3066,,01/01/2023,12/31/2024,0.6934,,N/A,a
MEDSTAR FRANKLIN SQUARE MEDICAL CENTER,210015,MD,2026,1.4127,,2.5111,,07/01/2022,06/30/2024,0.105,,-1.1629,,0.303,,-0.5882,,0.700,,-0.2574,,0.346,,-0.1224,,0.448,,-0.5210,,01/01/2023,12/31/2024,-0.0235,,N/A,a
ADVENTIST HEALTHCARE WHITE OAK MEDICAL CENTER,210016,MD,2026,1.0878,,0.6938,,07/01/2022,06/30/2024,0.113,,-1.1443,,0.443,,-0.2508,,0.195,,-1.1224,,0.573,,0.7565,,0.611,,-0.1803,,01/01/2023,12/31/2024,-0.2079,,N/A,a
GARRETT REGIONAL MEDICAL CENTER,210017,MD,2026,0.9068,,-0.5701,,07/01/2022,06/30/2024,1.867,,2.2402,,0.566,,0.0457,,N/A,13,N/A,5,1.180,,2.1931,,N/A,13,N/A,5,01/01/2023,12/31/2024,0.9772,,N/A,a
MEDSTAR MONTGOMERY MEDICAL CENTER,210018,MD,2026,0.9940,,0.0386,,07/01/2022,06/30/2024,0.347,,-0.6015,,0.102,,-1.0727,,0.000,,-1.4565,,0.138,,-0.9278,,0.722,,0.0516,,01/01/2023,12/31/2024,-0.6614,,N/A,a
"TIDALHEALTH PENINSULA REGIONAL, INC",210019,MD,2026,0.9186,,-0.4877,,07/01/2022,06/30/2024,0.302,,-0.7059,,0.763,,0.5206,,0.823,,-0.0467,,0.255,,-0.4748,,0.329,,-0.7697,,01/01/2023,12/31/2024,-0.3274,,N/A,a
SUBURBAN HOSPITAL,210022,MD,2026,1.1358,,1.0283,,07/01/2022,06/30/2024,0.583,,-0.0540,,1.312,,1.8440,,1.741,,1.5259,,0.510,,0.5126,,0.597,,-0.2096,,01/01/2023,12/31/2024,0.7745,,N/A,a
"LUMINIS HEALTH ANNE ARUNDEL MEDICAL CENTER, INC",210023,MD,2026,0.8212,,-1.1679,,07/01/2022,06/30/2024,0.615,,0.0202,,0.623,,0.1831,,1.372,,0.8938,,0.593,,0.8340,,0.317,,-0.7948,,01/01/2023,12/31/2024,-0.0053,,N/A,a
MEDSTAR UNION MEMORIAL HOSPITAL,210024,MD,2026,0.9798,,-0.0604,,07/01/2022,06/30/2024,0.313,,-0.6804,,0.000,,-1.3186,,N/A,13,N/A,5,0.382,,0.0170,,0.465,,-0.4855,,01/01/2023,12/31/2024,-0.5056,,N/A,a
WESTERN MARYLAND REGIONAL MEDICAL CENTER,210027,MD,2026,0.9099,,-0.5486,,07/01/2022,06/30/2024,0.120,,-1.1281,,0.559,,0.0289,,1.647,,1.3648,,0.292,,-0.3315,,0.291,,-0.8491,,01/01/2023,12/31/2024,-0.2439,,N/A,a
MEDSTAR SAINT MARY'S HOSPITAL,210028,MD,2026,0.8834,,-0.7334,,07/01/2022,06/30/2024,0.317,,-0.6711,,0.000,,-1.3186,,1.174,,0.5546,,0.210,,-0.6490,,0.000,,-1.4573,,01/01/2023,12/31/2024,-0.7125,,N/A,a
JOHNS HOPKINS BAYVIEW MEDICAL CENTER,210029,MD,2026,1.1499,,1.1273,,07/01/2022,06/30/2024,1.045,,1.0177,,0.554,,0.0168,,1.078,,0.3901,,0.883,,1.9569,,0.812,,0.2397,,01/01/2023,12/31/2024,0.7914,,N/A,a
UNIVERSITY OF MD SHORE MEDICAL CTR AT CHESTERTOWN,210030,MD,2026,N/A,13,N/A,5,07/01/2022,06/30/2024,N/A,13,N/A,5,N/A,13,N/A,5,N/A,13,N/A,5,0.000,,-1.4622,,N/A,13,N/A,5,01/01/2023,12/31/2024,-1.4622,,N/A,a
UNION HOSPITAL OF CECIL COUNTY,210032,MD,2026,0.9074,,-0.5660,,07/01/2022,06/30/2024,0.813,,0.4795,,0.000,,-1.3186,,0.917,,0.1143,,0.418,,0.1564,,0.316,,-0.7969,,01/01/2023,12/31/2024,-0.3219,,N/A,a
CARROLL HOSPITAL CENTER,210033,MD,2026,1.0646,,0.5316,,07/01/2022,06/30/2024,0.000,,-1.4065,,0.496,,-0.1230,,0.691,,-0.2728,,0.804,,1.6510,,0.000,,-1.4573,,01/01/2023,12/31/2024,-0.1795,,N/A,a
MEDSTAR HARBOR HOSPITAL,210034,MD,2026,0.8684,,-0.8381,,07/01/2022,06/30/2024,0.000,,-1.4065,,0.142,,-0.9763,,1.315,,0.7961,,0.066,,-1.2066,,1.537,,1.7549,,01/01/2023,12/31/2024,-0.3128,,N/A,a
UNIVERSITY OF MD CHARLES REGIONAL  MEDICAL CENTER,210035,MD,2026,0.8226,,-1.1582,,07/01/2022,06/30/2024,0.397,,-0.4855,,0.391,,-0.3761,,0.530,,-0.5486,,0.594,,0.8378,,0.363,,-0.6986,,01/01/2023,12/31/2024,-0.4049,,N/A,a
UNIVERSITY OF MD SHORE MEDICAL CENTER AT EASTON,210037,MD,2026,0.8765,,-0.7814,,07/01/2022,06/30/2024,0.694,,0.2035,,0.590,,0.1036,,0.278,,-0.9803,,0.226,,-0.5871,,1.930,,2.2251,,01/01/2023,12/31/2024,0.0306,,N/A,a
UNIVERSITY OF MD MEDICAL CENTER MIDTOWN CAMPUS,210038,MD,2026,0.9716,,-0.1178,,07/01/2022,06/30/2024,1.461,,1.9827,,1.908,,2.3863,,4.563,,2.1717,,0.193,,-0.7149,,1.997,,2.2251,,01/01/2023,12/31/2024,1.3222,,N/A,a
CALVERTHEALTH MEDICAL CENTER,210039,MD,2026,1.0966,,0.7549,,07/01/2022,06/30/2024,0.000,,-1.4065,,0.382,,-0.3978,,1.072,,0.3799,,0.391,,0.0518,,0.000,,-1.4573,,01/01/2023,12/31/2024,-0.3458,,N/A,a
NORTHWEST HOSPITAL CENTER,210040,MD,2026,1.2973,,2.1557,,07/01/2022,06/30/2024,0.718,,0.2591,,0.410,,-0.3303,,0.156,,-1.1892,,0.293,,-0.3276,,0.410,,-0.6004,,01/01/2023,12/31/2024,-0.0055,,N/A,a
UNIVERSITY OF MD BALTIMORE WASHINGTON MEDICAL CENTER,210043,MD,2026,0.8330,,-1.0855,,07/01/2022,06/30/2024,1.002,,0.9179,,0.847,,0.7231,,0.599,,-0.4304,,0.411,,0.1293,,1.030,,0.6953,,01/01/2023,12/31/2024,0.1583,,N/A,a
GREATER BALTIMORE MEDICAL CENTER,210044,MD,2026,1.6124,,2.5111,,07/01/2022,06/30/2024,0.192,,-0.9611,,0.366,,-0.4364,,1.327,,0.8167,,0.477,,0.3848,,0.262,,-0.9097,,01/01/2023,12/31/2024,0.2342,,N/A,a
JOHNS HOPKINS HOWARD COUNTY MEDICAL CENTER,210048,MD,2026,0.9638,,-0.1720,,07/01/2022,06/30/2024,0.670,,0.1478,,0.664,,0.2820,,1.954,,1.8907,,0.512,,0.5203,,0.418,,-0.5837,,01/01/2023,12/31/2024,0.3475,,N/A,a
UMD UPPER CHESAPEAKE MEDICAL CENTER,210049,MD,2026,1.3265,,2.3596,,07/01/2022,06/30/2024,0.453,,-0.3556,,0.513,,-0.0820,,1.590,,1.2672,,0.081,,-1.1485,,1.512,,1.7026,,01/01/2023,12/31/2024,0.6239,,N/A,a
"LUMINIS HEALTH DOCTORS COMMUNITY MEDICAL CTR, INC",210051,MD,2026,1.0926,,0.7268,,07/01/2022,06/30/2024,1.153,,1.2682,,1.153,,1.4607,,1.074,,0.3833,,0.662,,1.1011,,0.362,,-0.7007,,01/01/2023,12/31/2024,0.7066,,N/A,a
MEDSTAR GOOD SAMARITAN HOSPITAL,210056,MD,2026,1.0447,,0.3926,,07/01/2022,06/30/2024,0.120,,-1.1281,,0.538,,-0.0218,,0.000,,-1.4565,,0.574,,0.7604,,0.744,,0.0976,,01/01/2023,12/31/2024,-0.2260,,N/A,a
ADVENTIST HEALTHCARE SHADY GROVE MEDICAL CENTER,210057,MD,2026,0.9816,,-0.0477,,07/01/2022,06/30/2024,0.560,,-0.1074,,0.297,,-0.6027,,0.249,,-1.0299,,0.307,,-0.2734,,0.368,,-0.6882,,01/01/2023,12/31/2024,-0.4582,,N/A,a
UMD REHABILITATION &  ORTHOPAEDIC INSTITUTE,210058,MD,2026,1.0267,,0.2668,,07/01/2022,06/30/2024,N/A,18,2.2402,18,N/A,18,2.3863,18,N/A,18,2.1717,18,N/A,18,2.1931,18,N/A,18,2.2251,18,01/01/2023,12/31/2024,1.9139,,N/A,a
ADVENTIST HEALTHCARE FORT WASHINGTON MEDICAL CTR,210060,MD,2026,0.8931,,-0.6655,,07/01/2022,06/30/2024,0.767,,0.3728,,N/A,13,N/A,5,N/A,13,N/A,5,0.438,,0.2338,,N/A,13,N/A,5,01/01/2023,12/31/2024,-0.0196,,N/A,a
ATLANTIC GENERAL HOSPITAL,210061,MD,2026,0.8195,,-1.1796,,07/01/2022,06/30/2024,0.337,,-0.6247,,0.000,,-1.3186,,0.176,,-1.1550,,1.087,,2.1931,,0.880,,0.3818,,01/01/2023,12/31/2024,-0.2838,,N/A,a
MEDSTAR SOUTHERN MARYLAND HOSPITAL CENTER,210062,MD,2026,1.0372,,0.3399,,07/01/2022,06/30/2024,0.279,,-0.7593,,0.000,,-1.3186,,0.330,,-0.8912,,0.087,,-1.1253,,1.038,,0.7120,,01/01/2023,12/31/2024,-0.5071,,N/A,a
UNIVERSITY OF MD ST JOSEPH MEDICAL CENTER,210063,MD,2026,0.7239,,-1.4834,,07/01/2022,06/30/2024,0.731,,0.2893,,1.363,,1.9669,,0.858,,0.0133,,0.426,,0.1873,,0.000,,-1.4573,,01/01/2023,12/31/2024,-0.0806,,N/A,a
LEVINDALE HEBREW GERIATRIC CENTER AND HOSPITAL,210064,MD,2026,N/A,13,N/A,5,07/01/2022,06/30/2024,N/A,13,N/A,5,N/A,13,N/A,5,N/A,18,2.1717,18,0.168,,-0.8117,,0.677,,-0.0424,,01/01/2023,12/31/2024,0.4392,,N/A,a
HOLY CROSS GERMANTOWN HOSPITAL,210065,MD,2026,0.9393,,-0.3434,,07/01/2022,06/30/2024,0.750,,0.3334,,0.656,,0.2627,,1.785,,1.6012,,0.630,,0.9772,,0.370,,-0.6840,,01/01/2023,12/31/2024,0.3579,,N/A,a
UMASS MEMORIAL HEALTHALLIANCE HOSPITALS,220001,MA,2026,0.9739,,-0.1018,,07/01/2022,06/30/2024,0.296,,-0.7198,,1.637,,2.3863,,N/A,13,N/A,5,0.481,,0.4003,,1.333,,1.3286,,01/01/2023,12/31/2024,0.6587,,Yes,
MOUNT AUBURN HOSPITAL,220002,MA,2026,1.0839,,0.6663,,07/01/2022,06/30/2024,0.739,,0.3078,,0.978,,1.0389,,0.837,,-0.0227,,0.474,,0.3732,,0.562,,-0.2827,,01/01/2023,12/31/2024,0.3468,,No,
STURDY MEMORIAL HOSPITAL,220008,MA,2026,0.9631,,-0.1773,,07/01/2022,06/30/2024,0.285,,-0.7453,,0.721,,0.4194,,0.000,,-1.4565,,0.175,,-0.7845,,0.000,,-1.4573,,01/01/2023,12/31/2024,-0.7003,,No,
LAWRENCE GENERAL HOSPITAL,220010,MA,2026,1.1064,,0.8234,,07/01/2022,06/30/2024,0.000,,-1.4065,,0.761,,0.5158,,0.606,,-0.4184,,0.214,,-0.6335,,0.530,,-0.3496,,01/01/2023,12/31/2024,-0.2448,,No,
CAMBRIDGE HEALTH ALLIANCE,220011,MA,2026,0.9492,,-0.2744,,07/01/2022,06/30/2024,1.150,,1.2613,,1.155,,1.4655,,1.712,,1.4762,,0.453,,0.2919,,0.532,,-0.3454,,01/01/2023,12/31/2024,0.6458,,Yes,
CAPE COD HOSPITAL,220012,MA,2026,0.9959,,0.0519,,07/01/2022,06/30/2024,0.423,,-0.4252,,0.835,,0.6942,,1.564,,1.2227,,0.633,,0.9888,,0.490,,-0.4332,,01/01/2023,12/31/2024,0.3499,,No,
"COOLEY DICKINSON HOSPITAL INC,THE",220015,MA,2026,1.5736,,2.5111,,07/01/2022,06/30/2024,1.341,,1.7044,,1.635,,2.3863,,0.769,,-0.1392,,0.613,,0.9114,,0.820,,0.2564,,01/01/2023,12/31/2024,1.2717,,Yes,
BAYSTATE FRANKLIN MEDICAL CENTER,220016,MA,2026,0.9608,,-0.1932,,07/01/2022,06/30/2024,0.602,,-0.0100,,0.410,,-0.3303,,0.000,,-1.4565,,0.467,,0.3461,,0.000,,-1.4573,,01/01/2023,12/31/2024,-0.5169,,No,
CARNEY HOSPITAL,220017,MA,2026,N/A,5,N/A,5,07/01/2022,06/30/2024,N/A,,N/A,,N/A,,N/A,,N/A,,N/A,,N/A,,N/A,,N/A,,N/A,,01/01/2023,12/31/2024,N/A,,No,
UMASS MEMORIAL HEALTH - HARRINGTON HOSPITAL,220019,MA,2026,1.2824,,2.0517,,07/01/2022,06/30/2024,0.000,,-1.4065,,0.230,,-0.7642,,0.000,,-1.4565,,0.095,,-1.0943,,0.000,,-1.4573,,01/01/2023,12/31/2024,-0.6878,,No,
SAINT ANNE'S HOSPITAL,220020,MA,2026,0.8372,,-1.0561,,07/01/2022,06/30/2024,0.000,,-1.4065,,0.172,,-0.9040,,2.228,,2.1717,,0.243,,-0.5213,,0.844,,0.3066,,01/01/2023,12/31/2024,-0.2349,,No,
HOLYOKE MEDICAL CENTER,220024,MA,2026,1.0539,,0.4567,,07/01/2022,06/30/2024,0.000,,-1.4065,,0.311,,-0.5689,,0.000,,-1.4565,,0.634,,0.9927,,0.723,,0.0537,,01/01/2023,12/31/2024,-0.3215,,No,
ANNA JAQUES HOSPITAL,220029,MA,2026,1.0418,,0.3721,,07/01/2022,06/30/2024,1.864,,2.2402,,0.554,,0.0168,,0.707,,-0.2454,,0.525,,0.5707,,0.000,,-1.4573,,01/01/2023,12/31/2024,0.2495,,No,
BAYSTATE WING HOSPITAL,220030,MA,2026,0.9249,,-0.4440,,07/01/2022,06/30/2024,0.806,,0.4633,,1.127,,1.3980,,N/A,13,N/A,5,0.000,,-1.4622,,N/A,13,N/A,5,01/01/2023,12/31/2024,-0.0112,,No,
BOSTON MEDICAL CENTER,220031,MA,2026,1.1424,,1.0743,,07/01/2022,06/30/2024,0.377,,-0.5319,,0.720,,0.4170,,0.542,,-0.5280,,0.687,,1.1979,,0.935,,0.4968,,01/01/2023,12/31/2024,0.3543,,No,
NORTHEAST HOSPITAL CORPORATION,220033,MA,2026,1.1844,,1.3678,,07/01/2022,06/30/2024,1.343,,1.7090,,0.561,,0.0337,,0.594,,-0.4390,,0.450,,0.2803,,1.361,,1.3871,,01/01/2023,12/31/2024,0.7231,,Yes,
NORTH SHORE MEDICAL CENTER -,220035,MA,2026,0.8449,,-1.0023,,07/01/2022,06/30/2024,1.093,,1.1290,,0.693,,0.3519,,0.989,,0.2377,,0.448,,0.2725,,0.606,,-0.1908,,01/01/2023,12/31/2024,0.1330,,No,
BOSTON MEDICAL CENTER-BRIGHTON,220036,MA,2026,0.7968,,-1.3383,,07/01/2022,06/30/2024,0.732,,0.2916,,0.384,,-0.3930,,1.215,,0.6248,,0.232,,-0.5638,,0.510,,-0.3914,,01/01/2023,12/31/2024,-0.2950,,No,
BERKSHIRE MEDICAL CENTER,220046,MA,2026,1.1194,,0.9144,,07/01/2022,06/30/2024,0.497,,-0.2535,,0.211,,-0.8100,,0.000,,-1.4565,,0.569,,0.7410,,0.576,,-0.2535,,01/01/2023,12/31/2024,-0.1864,,No,
UMASS MEMORIAL HEALTHCARE-MARLBOROUGH HOSPITAL,220049,MA,2026,1.0239,,0.2473,,07/01/2022,06/30/2024,0.561,,-0.1051,,0.605,,0.1397,,N/A,13,N/A,5,0.392,,0.0557,,3.817,,2.2251,,01/01/2023,12/31/2024,0.5125,,Yes,
SIGNATURE HEALTHCARE BROCKTON HOSPITAL,220052,MA,2026,N/A,5,N/A,5,07/01/2022,06/30/2024,0.876,29,0.6257,29,0.685,29,0.3326,29,N/A,13,N/A,5,0.531,29,0.5939,29,N/A,13,N/A,5,01/01/2023,12/31/2024,0.5174,,Yes,
BETH ISRAEL DEACONESS HOSPITAL PLYMOUTH,220060,MA,2026,1.2193,,1.6115,,07/01/2022,06/30/2024,0.461,,-0.3371,,0.830,,0.6821,,1.151,,0.5152,,0.373,,-0.0179,,0.556,,-0.2953,,01/01/2023,12/31/2024,0.3598,,No,
ADCARE HOSPITAL OF WORCESTER INC,220062,MA,2026,N/A,13,N/A,5,07/01/2022,06/30/2024,N/A,13,N/A,5,N/A,13,N/A,5,N/A,18,2.1717,18,0.000,,-1.4622,,0.000,,-1.4573,,01/01/2023,12/31/2024,-0.2492,,No,
LOWELL GENERAL HOSPITAL,220063,MA,2026,1.2023,,1.4927,,07/01/2022,06/30/2024,1.319,,1.6533,,1.236,,1.6608,,1.844,,1.7023,,0.445,,0.2609,,0.478,,-0.4583,,01/01/2023,12/31/2024,1.0519,,Yes,
BAYSTATE NOBLE HOSPITAL,220065,MA,2026,0.9492,,-0.2744,,07/01/2022,06/30/2024,N/A,13,N/A,5,N/A,13,N/A,5,N/A,13,N/A,5,1.058,,2.1931,,N/A,13,N/A,5,01/01/2023,12/31/2024,0.9593,,Yes,
MERCY MEDICAL CTR,220066,MA,2026,0.9361,,-0.3656,,07/01/2022,06/30/2024,0.947,,0.7904,,0.000,,-1.3186,,2.123,,2.1717,,0.200,,-0.6877,,0.291,,-0.8491,,01/01/2023,12/31/2024,-0.0432,,No,
MELROSEWAKEFIELD HEALTHCARE,220070,MA,2026,1.3705,,2.5111,,07/01/2022,06/30/2024,0.212,,-0.9147,,0.248,,-0.7208,,0.424,,-0.7302,,0.358,,-0.0760,,0.173,,-1.0957,,01/01/2023,12/31/2024,-0.1710,,No,
MASSACHUSETTS GENERAL HOSPITAL,220071,MA,2026,0.8809,,-0.7511,,07/01/2022,06/30/2024,0.504,,-0.2373,,0.595,,0.1156,,0.805,,-0.0775,,0.892,,1.9917,,0.728,,0.0642,,01/01/2023,12/31/2024,0.1843,,No,
BROWN UNIVERSITY HEALTH MORTON HOSPITAL,220073,MA,2026,0.8885,,-0.6979,,07/01/2022,06/30/2024,0.359,,-0.5737,,2.203,,2.3863,,0.000,,-1.4565,,0.574,,0.7604,,0.635,,-0.1302,,01/01/2023,12/31/2024,0.0481,,No,
SOUTHCOAST HOSPITALS GROUP,220074,MA,2026,1.0992,,0.7733,,07/01/2022,06/30/2024,0.388,,-0.5064,,0.710,,0.3928,,1.342,,0.8424,,0.453,,0.2919,,0.401,,-0.6192,,01/01/2023,12/31/2024,0.1958,,No,
MASSACHUSETTS EYE AND EAR INFIRMARY -,220075,MA,2026,0.8336,,-1.0809,,07/01/2022,06/30/2024,N/A,13,N/A,5,N/A,13,N/A,5,N/A,18,2.1717,18,0.994,,2.1931,,N/A,13,N/A,5,01/01/2023,12/31/2024,1.0946,,Yes,
BAYSTATE MEDICAL CENTER,220077,MA,2026,1.6916,,2.5111,,07/01/2022,06/30/2024,0.666,,0.1385,,0.600,,0.1277,,1.146,,0.5066,,0.662,,1.1011,,0.550,,-0.3078,,01/01/2023,12/31/2024,0.6795,,Yes,
HOLY FAMILY HOSPITAL,220080,MA,2026,1.0010,,0.0875,,07/01/2022,06/30/2024,1.227,,1.4399,,0.844,,0.7159,,0.515,,-0.5743,,0.178,,-0.7729,,0.221,,-0.9954,,01/01/2023,12/31/2024,-0.0166,,No,
BETH ISRAEL DEACONESS HOSPITAL - NEEDHAM,220083,MA,2026,0.8809,,-0.7508,,07/01/2022,06/30/2024,1.621,,2.2402,,0.587,,0.0964,,0.797,,-0.0912,,0.496,,0.4584,,1.083,,0.8061,,01/01/2023,12/31/2024,0.4598,,Yes,
EMERSON HOSPITAL -,220084,MA,2026,0.9808,,-0.0537,,07/01/2022,06/30/2024,0.250,,-0.8265,,0.000,,-1.3186,,0.810,,-0.0689,,0.320,,-0.2231,,0.405,,-0.6109,,01/01/2023,12/31/2024,-0.5169,,No,
BETH ISRAEL DEACONESS MEDICAL CENTER,220086,MA,2026,1.0312,,0.2980,,07/01/2022,06/30/2024,0.555,,-0.1190,,0.578,,0.0747,,1.615,,1.3100,,0.704,,1.2638,,0.771,,0.1540,,01/01/2023,12/31/2024,0.4969,,Yes,
NEW ENGLAND BAPTIST HOSPITAL,220088,MA,2026,1.0735,,0.5938,,07/01/2022,06/30/2024,N/A,13,N/A,5,N/A,13,N/A,5,N/A,13,N/A,5,0.497,,0.4622,,N/A,13,N/A,5,01/01/2023,12/31/2024,0.5280,,Yes,
MILFORD REGIONAL MEDICAL CENTER,220090,MA,2026,0.8349,,-1.0724,,07/01/2022,06/30/2024,0.470,,-0.3162,,0.435,,-0.2700,,0.654,,-0.3362,,0.433,,0.2144,,0.618,,-0.1657,,01/01/2023,12/31/2024,-0.3243,,No,
HEYWOOD HOSPITAL -,220095,MA,2026,1.0111,,0.1579,,07/01/2022,06/30/2024,1.285,,1.5744,,1.349,,1.9332,,N/A,13,N/A,5,0.348,,-0.1147,,0.000,,-1.4573,,01/01/2023,12/31/2024,0.4187,,Yes,
NASHOBA VALLEY MEDICAL CENTER,220098,MA,2026,0.9710,,-0.1221,,07/01/2022,06/30/2024,N/A,13,N/A,5,N/A,13,N/A,5,N/A,13,N/A,5,0.586,,0.8069,,N/A,13,N/A,5,01/01/2023,12/31/2024,0.3424,,No,
SOUTH SHORE HOSPITAL,220100,MA,2026,1.2150,,1.5816,,07/01/2022,06/30/2024,0.521,,-0.1979,,0.736,,0.4555,,1.920,,1.8325,,0.320,,-0.2231,,0.720,,0.0475,,01/01/2023,12/31/2024,0.5827,,Yes,
NEWTON-WELLESLEY HOSPITAL,220101,MA,2026,0.6751,,-1.4834,,07/01/2022,06/30/2024,0.617,,0.0248,,1.193,,1.5571,,0.425,,-0.7284,,0.441,,0.2454,,0.292,,-0.8470,,01/01/2023,12/31/2024,-0.2052,,No,
WINCHESTER HOSPITAL,220105,MA,2026,0.8013,,-1.3068,,07/01/2022,06/30/2024,0.000,,-1.4065,,0.532,,-0.0362,,0.993,,0.2445,,0.583,,0.7952,,0.409,,-0.6025,,01/01/2023,12/31/2024,-0.3854,,No,
BETH ISRAEL DEACONESS HOSPITAL - MILTON,220108,MA,2026,0.8280,,-1.1201,,07/01/2022,06/30/2024,1.615,,2.2402,,1.764,,2.3863,,0.856,,0.0099,,0.611,,0.9037,,1.111,,0.8646,,01/01/2023,12/31/2024,0.8808,,Yes,
BRIGHAM AND WOMEN'S HOSPITAL,220110,MA,2026,0.8815,,-0.7465,,07/01/2022,06/30/2024,0.809,,0.4702,,0.720,,0.4170,,1.093,,0.4158,,0.601,,0.8649,,0.629,,-0.1427,,01/01/2023,12/31/2024,0.2131,,No,
GOOD SAMARITAN MEDICAL CENTER,220111,MA,2026,0.7296,,-1.4834,,07/01/2022,06/30/2024,0.657,,0.1176,,0.545,,-0.0049,,0.312,,-0.9220,,0.144,,-0.9046,,0.905,,0.4341,,01/01/2023,12/31/2024,-0.4605,,No,
TUFTS MEDICAL CENTER,220116,MA,2026,1.3152,,2.2808,,07/01/2022,06/30/2024,1.220,,1.4237,,0.848,,0.7255,,1.184,,0.5717,,0.681,,1.1747,,0.900,,0.4236,,01/01/2023,12/31/2024,1.1000,,Yes,
BRIGHAM AND WOMEN FAULKNER HOSPITAL,220119,MA,2026,0.7091,,-1.4834,,07/01/2022,06/30/2024,0.653,,0.1083,,0.626,,0.1904,,4.402,,2.1717,,0.654,,1.0702,,0.904,,0.4320,,01/01/2023,12/31/2024,0.4149,,Yes,
NORWOOD HOSPITAL,220126,MA,2026,N/A,5,N/A,5,07/01/2022,06/30/2024,N/A,,N/A,,N/A,,N/A,,N/A,,N/A,,N/A,,N/A,,N/A,,N/A,,01/01/2023,12/31/2024,N/A,,No,
FALMOUTH HOSPITAL,220135,MA,2026,1.1759,,1.3082,,07/01/2022,06/30/2024,0.600,,-0.0146,,0.778,,0.5568,,1.441,,1.0120,,0.717,,1.3141,,0.945,,0.5177,,01/01/2023,12/31/2024,0.7823,,Yes,
UMASS MEMORIAL MEDICAL CENTER/UNIVERSITY CAMPUS,220163,MA,2026,0.9787,,-0.0680,,07/01/2022,06/30/2024,0.673,,0.1547,,0.412,,-0.3255,,0.795,,-0.0946,,0.495,,0.4545,,0.690,,-0.0152,,01/01/2023,12/31/2024,0.0177,,No,
"LAHEY HOSPITAL & MEDICAL CENTER, BURLINGTON",220171,MA,2026,1.0811,,0.6466,,07/01/2022,06/30/2024,0.752,,0.3380,,0.617,,0.1687,,0.893,,0.0732,,0.602,,0.8688,,0.549,,-0.3099,,01/01/2023,12/31/2024,0.2976,,No,
METROWEST MEDICAL CENTER,220175,MA,2026,1.0904,,0.7115,,07/01/2022,06/30/2024,0.489,,-0.2721,,2.442,,2.3863,,0.000,,-1.4565,,0.720,,1.3257,,0.988,,0.6075,,01/01/2023,12/31/2024,0.5504,,Yes,
ST VINCENT HOSPITAL,220176,MA,2026,1.1133,,0.8717,,07/01/2022,06/30/2024,0.247,,-0.8335,,0.122,,-1.0245,,0.171,,-1.1636,,0.507,,0.5010,,0.791,,0.1958,,01/01/2023,12/31/2024,-0.2422,,No,
NANTUCKET COTTAGE HOSPITAL,220177,MA,2026,N/A,13,N/A,5,07/01/2022,06/30/2024,N/A,13,N/A,5,N/A,13,N/A,5,N/A,13,N/A,5,N/A,13,N/A,5,N/A,13,N/A,5,01/01/2023,12/31/2024,N/A,5,No,
ST JOE MERCY HOSPITAL SYSTEM LIVONIA,230002,MI,2026,0.9823,,-0.0431,,07/01/2022,06/30/2024,1.006,,0.9272,,0.657,,0.2651,,1.353,,0.8612,,0.867,,1.8949,,0.880,,0.3818,,01/01/2023,12/31/2024,0.7145,,Yes,
COREWELL HEALTH ZEELAND HOSPITAL,230003,MI,2026,0.9709,,-0.1228,,07/01/2022,06/30/2024,N/A,13,N/A,5,N/A,13,N/A,5,0.000,,-1.4565,,0.336,,-0.1611,,N/A,13,N/A,5,01/01/2023,12/31/2024,-0.5801,,No,
PROMEDICA CHARLES AND VIRGINIA HICKMAN HOSPITAL,230005,MI,2026,1.0201,,0.2209,,07/01/2022,06/30/2024,0.000,,-1.4065,,0.000,,-1.3186,,0.000,,-1.4565,,0.604,,0.8766,,1.742,,2.1833,,01/01/2023,12/31/2024,-0.1501,,No,
THREE RIVERS HEALTH,230015,MI,2026,0.9718,,-0.1164,,07/01/2022,06/30/2024,N/A,13,N/A,5,N/A,13,N/A,5,N/A,13,N/A,5,0.000,,-1.4622,,N/A,13,N/A,5,01/01/2023,12/31/2024,-0.7893,,No,
BRONSON METHODIST HOSPITAL,230017,MI,2026,0.8663,,-0.8525,,07/01/2022,06/30/2024,0.598,,-0.0192,,0.590,,0.1036,,0.735,,-0.1974,,0.453,,0.2919,,0.730,,0.0684,,01/01/2023,12/31/2024,-0.1009,,No,
"ASCENSION PROVIDENCE HOSPITAL, SOUTHFIELD AND NOVI",230019,MI,2026,0.6333,29,-1.4834,29,07/01/2022,06/30/2024,0.720,29,0.2638,29,0.361,29,-0.4484,29,1.201,29,0.6008,29,0.228,29,-0.5793,29,0.326,29,-0.7760,29,01/01/2023,12/31/2024,-0.4037,,No,
BEAUMONT HOSPITAL - DEARBORN,230020,MI,2026,1.0067,,0.1274,,07/01/2022,06/30/2024,1.052,,1.0339,,0.605,,0.1397,,2.335,,2.1717,,0.370,,-0.0295,,1.898,,2.2251,,01/01/2023,12/31/2024,0.9447,,Yes,
"LAKELAND HOSPITAL, ST JOSEPH",230021,MI,2026,0.7877,,-1.4017,,07/01/2022,06/30/2024,0.382,,-0.5203,,0.890,,0.8267,,1.803,,1.6321,,0.284,,-0.3625,,0.196,,-1.0476,,01/01/2023,12/31/2024,-0.1456,,No,
INSIGHT HOSPITAL AND MEDICAL CENTER COLDWATER,230022,MI,2026,0.9499,,-0.2695,,07/01/2022,06/30/2024,0.000,,-1.4065,,0.000,,-1.3186,,0.673,,-0.3036,,0.992,,2.1931,,N/A,13,N/A,5,01/01/2023,12/31/2024,-0.2210,,No,
SINAI-GRACE HOSPITAL,230024,MI,2026,1.5063,,2.5111,,07/01/2022,06/30/2024,1.522,,2.1242,,0.093,,-1.0944,,0.897,,0.0801,,0.394,,0.0634,,1.150,,0.9461,,01/01/2023,12/31/2024,0.7718,,Yes,
TRINITY HEALTH OAKLAND HOSPITAL,230029,MI,2026,1.0659,,0.5403,,07/01/2022,06/30/2024,0.371,,-0.5458,,0.616,,0.1663,,0.454,,-0.6788,,0.752,,1.4496,,0.755,,0.1206,,01/01/2023,12/31/2024,0.1754,,No,
MYMICHIGAN MEDICAL CENTER ALMA,230030,MI,2026,0.8868,,-0.7098,,07/01/2022,06/30/2024,0.807,,0.4656,,0.000,,-1.3186,,0.358,,-0.8432,,0.176,,-0.7807,,N/A,13,N/A,5,01/01/2023,12/31/2024,-0.6373,,No,
LAKE HURON MEDICAL CENTER,230031,MI,2026,0.8614,,-0.8870,,07/01/2022,06/30/2024,N/A,13,N/A,5,0.000,,-1.3186,,0.458,,-0.6719,,0.316,,-0.2386,,0.000,,-1.4573,,01/01/2023,12/31/2024,-0.9147,,No,
SPECTRUM HEALTH UNITED HOSPITAL,230035,MI,2026,0.9831,,-0.0374,,07/01/2022,06/30/2024,N/A,13,N/A,5,N/A,13,N/A,5,N/A,13,N/A,5,0.615,,0.9192,,0.000,,-1.4573,,01/01/2023,12/31/2024,-0.1918,,No,
MYMICHIGAN MEDICAL CENTER ALPENA,230036,MI,2026,0.9268,,-0.4303,,07/01/2022,06/30/2024,0.991,,0.8924,,0.452,,-0.2291,,1.659,,1.3854,,0.524,,0.5668,,0.543,,-0.3225,,01/01/2023,12/31/2024,0.3105,,No,
HILLSDALE HOSPITAL,230037,MI,2026,1.3582,,2.5111,,07/01/2022,06/30/2024,N/A,13,N/A,5,0.000,,-1.3186,,N/A,13,N/A,5,0.000,,-1.4622,,N/A,13,N/A,5,01/01/2023,12/31/2024,-0.0899,,No,
SPECTRUM HEALTH,230038,MI,2026,0.9352,,-0.3719,,07/01/2022,06/30/2024,0.537,,-0.1608,,0.325,,-0.5352,,0.834,,-0.0278,,0.416,,0.1486,,0.923,,0.4717,,01/01/2023,12/31/2024,-0.0792,,No,
MCLAREN BAY REGION,230041,MI,2026,0.9394,,-0.3428,,07/01/2022,06/30/2024,0.223,29,-0.8892,29,0.936,29,0.9376,29,0.000,29,-1.4565,29,0.336,29,-0.1611,29,0.233,29,-0.9703,29,01/01/2023,12/31/2024,-0.4804,,No,
UNIVERSITY OF MICHIGAN HEALTH SYSTEM,230046,MI,2026,0.9252,,-0.4416,,07/01/2022,06/30/2024,0.682,,0.1756,,0.726,,0.4314,,0.560,,-0.4972,,0.582,,0.7914,,0.520,,-0.3705,,01/01/2023,12/31/2024,0.0149,,No,
HENRY FORD MACOMB HOSPITAL,230047,MI,2026,0.8005,,-1.3120,,07/01/2022,06/30/2024,1.320,,1.6556,,0.030,,-1.2463,,1.121,,0.4638,,0.311,,-0.2580,,0.735,,0.0788,,01/01/2023,12/31/2024,-0.1030,,No,
HENRY FORD HEALTH HOSPITAL,230053,MI,2026,1.0194,,0.2160,,07/01/2022,06/30/2024,1.395,,1.8296,,0.042,,-1.2174,,1.219,,0.6317,,0.300,,-0.3005,,0.506,,-0.3998,,01/01/2023,12/31/2024,0.1266,,No,
UPHS MARQUETTE DLP HOSPITAL,230054,MI,2026,1.1036,,0.8039,,07/01/2022,06/30/2024,0.000,,-1.4065,,1.055,,1.2245,,1.754,,1.5481,,0.276,,-0.3935,,0.411,,-0.5983,,01/01/2023,12/31/2024,0.1964,,No,
DICKINSON COUNTY MEMORIAL HOSPITAL,230055,MI,2026,1.1784,,1.3256,,07/01/2022,06/30/2024,0.687,,0.1872,,0.000,,-1.3186,,2.188,,2.1717,,0.504,,0.4894,,N/A,13,N/A,5,01/01/2023,12/31/2024,0.5711,,Yes,
MUNSON HEALTHCARE GRAYLING HOSPITAL,230058,MI,2026,0.9430,,-0.3172,,07/01/2022,06/30/2024,N/A,13,N/A,5,1.682,,2.3863,,N/A,13,N/A,5,0.944,,2.1931,,N/A,13,N/A,5,01/01/2023,12/31/2024,1.4207,,Yes,
MERCY HEALTH SAINT MARY'S,230059,MI,2026,1.1270,,0.9668,,07/01/2022,06/30/2024,0.830,,0.5189,,0.837,,0.6990,,1.977,,1.9301,,0.278,,-0.3857,,0.815,,0.2460,,01/01/2023,12/31/2024,0.6625,,Yes,
TRINITY HEALTH MUSKEGON HOSPITAL,230066,MI,2026,0.8440,,-1.0086,,07/01/2022,06/30/2024,1.402,,1.8459,,1.322,,1.8681,,1.972,,1.9216,,0.402,,0.0944,,1.127,,0.8980,,01/01/2023,12/31/2024,0.9366,,Yes,
TRINITY HEALTH LIVINGSTON HOSPITAL,230069,MI,2026,0.9227,,-0.4594,,07/01/2022,06/30/2024,N/A,13,N/A,5,N/A,13,N/A,5,N/A,13,N/A,5,0.897,,2.0111,,N/A,13,N/A,5,01/01/2023,12/31/2024,0.7758,,Yes,
COVENANT MEDICAL CENTER,230070,MI,2026,1.2838,,2.0618,,07/01/2022,06/30/2024,0.802,,0.4540,,0.565,,0.0433,,1.136,,0.4895,,0.389,,0.0441,,0.683,,-0.0299,,01/01/2023,12/31/2024,0.5105,,Yes,
STRAITH HOSPITAL FOR SPECIAL SURGERY,230071,MI,2026,N/A,13,N/A,5,07/01/2022,06/30/2024,N/A,13,N/A,5,N/A,13,N/A,5,N/A,12,N/A,5,0.000,,-1.4622,,N/A,13,N/A,5,01/01/2023,12/31/2024,-1.4622,,No,
HOLLAND COMMUNITY HOSPITAL,230072,MI,2026,1.1208,,0.9238,,07/01/2022,06/30/2024,N/A,13,N/A,5,2.994,,2.3863,,1.065,,0.3679,,0.224,,-0.5948,,2.107,,2.2251,,01/01/2023,12/31/2024,1.0617,,Yes,
BRONSON BATTLE CREEK HOSPITAL,230075,MI,2026,1.1114,,0.8580,,07/01/2022,06/30/2024,0.569,,-0.0865,,0.936,,0.9376,,1.583,,1.2552,,0.228,,-0.5793,,1.402,,1.4728,,01/01/2023,12/31/2024,0.6430,,Yes,
ASCENSION ST MARY'S HOSPITAL,230077,MI,2026,1.0298,29,0.2882,29,07/01/2022,06/30/2024,2.189,29,2.2402,29,0.740,29,0.4652,29,1.161,29,0.5323,29,0.209,29,-0.6529,29,1.494,29,1.6650,29,01/01/2023,12/31/2024,0.7563,,Yes,
COREWELL HEALTH WATERVLIET HOSPITAL,230078,MI,2026,N/A,13,N/A,5,07/01/2022,06/30/2024,N/A,13,N/A,5,N/A,13,N/A,5,N/A,12,N/A,5,N/A,11,2.1931,11,N/A,11,2.2251,11,01/01/2023,12/31/2024,2.2091,,Yes,
MCLAREN CENTRAL MICHIGAN,230080,MI,2026,0.9381,,-0.3519,,07/01/2022,06/30/2024,N/A,13,N/A,5,N/A,13,N/A,5,1.601,29,1.2860,29,0.246,29,-0.5096,29,N/A,13,N/A,5,01/01/2023,12/31/2024,0.1415,,No,
MUNSON HEALTHCARE CADILLAC HOSPITAL,230081,MI,2026,1.0000,,0.0805,,07/01/2022,06/30/2024,N/A,13,N/A,5,0.609,,0.1494,,0.282,,-0.9734,,0.133,,-0.9472,,N/A,13,N/A,5,01/01/2023,12/31/2024,-0.4227,,No,
BRONSON SOUTH HAVEN HOSPITAL,230085,MI,2026,N/A,5,N/A,5,07/01/2022,06/30/2024,N/A,,N/A,,N/A,,N/A,,N/A,,N/A,,N/A,,N/A,,N/A,,N/A,,01/01/2023,12/31/2024,N/A,,No,
BEAUMONT HOSPITAL - GROSSE POINTE,230089,MI,2026,0.7760,,-1.4834,,07/01/2022,06/30/2024,0.235,,-0.8613,,0.000,,-1.3186,,2.396,,2.1717,,0.368,,-0.0372,,0.429,,-0.5607,,01/01/2023,12/31/2024,-0.3483,,No,
HENRY FORD ALLEGIANCE HEALTH,230092,MI,2026,0.7547,,-1.4834,,07/01/2022,06/30/2024,0.278,,-0.7616,,0.000,,-1.3186,,1.274,,0.7259,,0.515,,0.5319,,0.222,,-0.9933,,01/01/2023,12/31/2024,-0.5498,,No,
COREWELL HEALTH BIG RAPIDS HOSPITAL,230093,MI,2026,0.9691,,-0.1353,,07/01/2022,06/30/2024,N/A,13,N/A,5,N/A,13,N/A,5,1.901,,1.7999,,0.615,,0.9192,,N/A,13,N/A,5,01/01/2023,12/31/2024,0.8613,,Yes,
MYMICHIGAN MEDICAL CENTER WEST BRANCH,230095,MI,2026,0.9932,,0.0334,,07/01/2022,06/30/2024,N/A,13,N/A,5,N/A,13,N/A,5,N/A,13,N/A,5,0.000,,-1.4622,,N/A,13,N/A,5,01/01/2023,12/31/2024,-0.7144,,No,
MUNSON MEDICAL CENTER,230097,MI,2026,0.8194,,-1.1804,,07/01/2022,06/30/2024,0.875,,0.6233,,0.715,,0.4049,,1.442,,1.0137,,0.183,,-0.7536,,0.549,,-0.3099,,01/01/2023,12/31/2024,-0.0337,,No,
PROMEDICA MONROE REGIONAL HOSPITAL,230099,MI,2026,1.1946,,1.4391,,07/01/2022,06/30/2024,1.870,,2.2402,,0.756,,0.5037,,2.926,,2.1717,,0.585,,0.8030,,0.288,,-0.8554,,01/01/2023,12/31/2024,1.0504,,Yes,
TAWAS ST JOSEPH HOSPITAL,230100,MI,2026,N/A,13,N/A,5,07/01/2022,06/30/2024,N/A,13,N/A,5,N/A,13,N/A,5,N/A,13,N/A,5,N/A,13,N/A,5,N/A,13,N/A,5,01/01/2023,12/31/2024,N/A,5,No,
HARPER UNIVERSITY HOSPITAL,230104,MI,2026,1.9377,,2.5111,,07/01/2022,06/30/2024,1.183,,1.3378,,0.516,,-0.0748,,0.503,,-0.5948,,0.464,,0.3345,,0.870,,0.3609,,01/01/2023,12/31/2024,0.6458,,Yes,
MCLAREN NORTHERN MICHIGAN,230105,MI,2026,0.8180,,-1.1901,,07/01/2022,06/30/2024,0.524,29,-0.1909,29,0.428,29,-0.2869,29,0.271,29,-0.9923,29,0.563,29,0.7178,29,0.313,29,-0.8031,29,01/01/2023,12/31/2024,-0.4576,,No,
UP HEALTH SYSTEM PORTAGE,230108,MI,2026,0.9758,,-0.0886,,07/01/2022,06/30/2024,N/A,13,N/A,5,N/A,13,N/A,5,N/A,13,N/A,5,0.000,,-1.4622,,N/A,13,N/A,5,01/01/2023,12/31/2024,-0.7754,,No,
COREWELL HEALTH LUDINGTON HOSPITAL,230110,MI,2026,0.9572,,-0.2181,,07/01/2022,06/30/2024,N/A,13,N/A,5,N/A,13,N/A,5,0.623,,-0.3893,,0.445,,0.2609,,N/A,13,N/A,5,01/01/2023,12/31/2024,-0.1155,,No,
BORGESS MEDICAL CENTER,230117,MI,2026,0.8136,29,-1.2206,29,07/01/2022,06/30/2024,0.183,29,-0.9820,29,0.073,29,-1.1426,29,0.415,29,-0.7456,29,0.405,29,0.1060,29,1.063,29,0.7643,29,01/01/2023,12/31/2024,-0.5367,,No,
MEMORIAL HEALTHCARE,230121,MI,2026,1.0449,,0.3941,,07/01/2022,06/30/2024,0.579,,-0.0633,,0.000,,-1.3186,,1.404,,0.9486,,0.292,,-0.3315,,0.000,,-1.4573,,01/01/2023,12/31/2024,-0.3047,,No,
BEAUMONT HOSPITAL ROYAL OAK,230130,MI,2026,1.6561,,2.5111,,07/01/2022,06/30/2024,0.837,,0.5352,,0.487,,-0.1447,,0.620,,-0.3944,,0.483,,0.4080,,0.857,,0.3338,,01/01/2023,12/31/2024,0.5415,,Yes,
HURLEY MEDICAL CENTER,230132,MI,2026,0.8546,,-0.9344,,07/01/2022,06/30/2024,0.162,,-1.0307,,0.606,,0.1422,,0.866,,0.0270,,0.417,,0.1525,,0.494,,-0.4249,,01/01/2023,12/31/2024,-0.3447,,No,
MUNSON HEALTHCARE OTSEGO MEMORIAL HOSPITAL,230133,MI,2026,0.9188,,-0.4865,,07/01/2022,06/30/2024,N/A,13,N/A,5,0.943,,0.9545,,0.000,,-1.4565,,0.455,,0.2996,,N/A,13,N/A,5,01/01/2023,12/31/2024,-0.1722,,No,
MCLAREN FLINT,230141,MI,2026,1.0026,,0.0984,,07/01/2022,06/30/2024,0.767,29,0.3728,29,0.143,29,-0.9739,29,0.858,29,0.0133,29,0.274,29,-0.4012,29,0.546,29,-0.3162,29,01/01/2023,12/31/2024,-0.2011,,No,
COREWELL HEALTH WAYNE HOSPITAL,230142,MI,2026,1.1675,,1.2498,,07/01/2022,06/30/2024,0.608,,0.0039,,0.191,,-0.8582,,2.430,,2.1717,,0.235,,-0.5522,,1.601,,1.8886,,01/01/2023,12/31/2024,0.6506,,Yes,
FOREST HEALTH MEDICAL CENTER,230144,MI,2026,0.9847,,-0.0264,,07/01/2022,06/30/2024,N/A,13,N/A,5,N/A,13,N/A,5,N/A,13,N/A,5,N/A,13,N/A,5,N/A,13,N/A,5,01/01/2023,12/31/2024,-0.0264,,No,
WYANDOTTE HOSPITAL AND MEDICAL CENTER,230146,MI,2026,1.1674,,1.2490,,07/01/2022,06/30/2024,0.759,,0.3542,,0.000,,-1.3186,,0.617,,-0.3996,,0.524,,0.5668,,1.599,,1.8845,,01/01/2023,12/31/2024,0.3894,,Yes,
BEAUMONT HOSPITAL - FARMINGTON HILLS,230151,MI,2026,1.0183,,0.2080,,07/01/2022,06/30/2024,1.221,,1.4260,,0.606,,0.1422,,1.586,,1.2603,,0.510,,0.5126,,1.181,,1.0109,,01/01/2023,12/31/2024,0.7600,,Yes,
TRINITY HEALTH ANN ARBOR HOSPITAL,230156,MI,2026,0.8503,,-0.9648,,07/01/2022,06/30/2024,0.818,,0.4911,,0.849,,0.7279,,1.593,,1.2723,,0.363,,-0.0566,,0.649,,-0.1009,,01/01/2023,12/31/2024,0.2282,,No,
HENRY FORD HEALTH ST JOHN HOSPITAL,230165,MI,2026,0.8868,29,-0.7097,29,07/01/2022,06/30/2024,1.350,29,1.7252,29,0.303,29,-0.5882,29,1.235,29,0.6591,29,0.231,29,-0.5677,29,1.335,29,1.3327,29,01/01/2023,12/31/2024,0.3086,,No,
MCLAREN GREATER LANSING,230167,MI,2026,1.1840,,1.3649,,07/01/2022,06/30/2024,1.221,29,1.4260,29,0.639,29,0.2217,29,1.000,29,0.2565,29,0.456,29,0.3035,29,0.555,29,-0.2974,29,01/01/2023,12/31/2024,0.5459,,Yes,
TRINITY HEALTH GRAND HAVEN HOSPITAL,230174,MI,2026,0.9868,,-0.0118,,07/01/2022,06/30/2024,N/A,13,N/A,5,N/A,13,N/A,5,N/A,13,N/A,5,0.197,,-0.6994,,N/A,13,N/A,5,01/01/2023,12/31/2024,-0.3556,,No,
COREWELL HEALTH TRENTON HOSPITAL,230176,MI,2026,0.9573,,-0.2176,,07/01/2022,06/30/2024,0.383,,-0.5180,,0.530,,-0.0410,,3.837,,2.1717,,0.461,,0.3229,,0.766,,0.1436,,01/01/2023,12/31/2024,0.3102,,No,
MYMICHIGAN MEDICAL CENTER CLARE,230180,MI,2026,0.9680,,-0.1430,,07/01/2022,06/30/2024,N/A,13,N/A,5,N/A,13,N/A,5,1.463,,1.0496,,0.000,,-1.4622,,N/A,13,N/A,5,01/01/2023,12/31/2024,-0.1852,,No,
MCLAREN LAPEER REGION,230193,MI,2026,1.1821,,1.3516,,07/01/2022,06/30/2024,2.396,29,2.2402,29,0.911,29,0.8774,29,0.000,29,-1.4565,29,0.426,29,0.1873,29,0.502,29,-0.4081,29,01/01/2023,12/31/2024,0.4653,,Yes,
Henry Ford Health Warren Hospital,230195,MI,2026,1.1479,29,1.1132,29,07/01/2022,06/30/2024,0.589,29,-0.0401,29,0.513,29,-0.0820,29,0.494,29,-0.6103,29,0.213,29,-0.6374,29,0.500,29,-0.4123,29,01/01/2023,12/31/2024,-0.1115,,No,
ASCENSION GENESYS HOSPITAL,230197,MI,2026,1.0289,29,0.2820,29,07/01/2022,06/30/2024,0.917,29,0.7208,29,0.189,29,-0.8630,29,0.562,29,-0.4938,29,0.529,29,0.5862,29,0.609,29,-0.1845,29,01/01/2023,12/31/2024,0.0079,,No,
MCLAREN OAKLAND,230207,MI,2026,0.9041,,-0.5886,,07/01/2022,06/30/2024,0.757,29,0.3496,29,0.531,29,-0.0386,29,1.792,29,1.6132,29,0.299,29,-0.3044,29,0.000,29,-1.4573,29,01/01/2023,12/31/2024,-0.0710,,No,
UNIVERSITY OF MICHIGAN HEALTH-SPARROW CARSON,230208,MI,2026,0.9905,,0.0139,,07/01/2022,06/30/2024,N/A,13,N/A,5,N/A,13,N/A,5,N/A,13,N/A,5,0.000,,-1.4622,,N/A,13,N/A,5,01/01/2023,12/31/2024,-0.7241,,No,
MCLAREN PORT HURON,230216,MI,2026,0.8745,,-0.7956,,07/01/2022,06/30/2024,0.524,29,-0.1909,29,0.607,29,0.1446,29,0.448,29,-0.6890,29,0.555,29,0.6868,29,0.566,29,-0.2744,29,01/01/2023,12/31/2024,-0.1864,,No,
OAKLAWN HOSPITAL,230217,MI,2026,0.9161,,-0.5050,,07/01/2022,06/30/2024,N/A,13,N/A,5,0.000,,-1.3186,,0.695,,-0.2659,,1.146,,2.1931,,N/A,13,N/A,5,01/01/2023,12/31/2024,0.0259,,No,
MYMICHIGAN MEDICAL CENTER MIDLAND,230222,MI,2026,1.1440,,1.0857,,07/01/2022,06/30/2024,0.567,,-0.0912,,0.342,,-0.4942,,0.893,,0.0732,,0.219,,-0.6142,,1.454,,1.5814,,01/01/2023,12/31/2024,0.2568,,No,
MCLAREN MACOMB,230227,MI,2026,1.2045,,1.5081,,07/01/2022,06/30/2024,0.707,29,0.2336,29,1.043,29,1.1955,29,3.711,29,2.1717,29,0.144,29,-0.9046,29,0.899,29,0.4215,29,01/01/2023,12/31/2024,0.7710,,Yes,
EDWARD W SPARROW HOSPITAL,230230,MI,2026,0.8778,,-0.7725,,07/01/2022,06/30/2024,0.611,,0.0109,,0.456,,-0.2194,,1.369,,0.8886,,0.670,,1.1321,,0.412,,-0.5962,,01/01/2023,12/31/2024,0.0739,,No,
UNIVERSITY OF MICHIGAN HEALTH - WEST,230236,MI,2026,0.8413,,-1.0275,,07/01/2022,06/30/2024,1.009,,0.9342,,1.890,,2.3863,,1.575,,1.2415,,0.299,,-0.3044,,0.944,,0.5156,,01/01/2023,12/31/2024,0.6243,,Yes,
CHIPPEWA COUNTY WAR MEMORIAL HOSPITAL,230239,MI,2026,1.1536,,1.1526,,07/01/2022,06/30/2024,N/A,13,N/A,5,2.999,,2.3863,,N/A,13,N/A,5,1.338,,2.1931,,N/A,13,N/A,5,01/01/2023,12/31/2024,1.9106,,Yes,
ASCENSION RIVER DISTRICT HOSPITAL,230241,MI,2026,N/A,13,N/A,5,07/01/2022,06/30/2024,N/A,18,2.2402,18,N/A,18,2.3863,18,N/A,13,N/A,5,N/A,13,N/A,5,N/A,13,N/A,5,01/01/2023,12/31/2024,2.3133,18,Yes,
GARDEN CITY HOSPITAL,230244,MI,2026,0.8859,,-0.7158,,07/01/2022,06/30/2024,0.000,,-1.4065,,0.111,,-1.0510,,0.629,,-0.3790,,0.202,,-0.6800,,0.367,,-0.6903,,01/01/2023,12/31/2024,-0.8204,,No,
ASCENSION PROVIDENCE ROCHESTER HOSPITAL,230254,MI,2026,1.0348,29,0.3234,29,07/01/2022,06/30/2024,0.507,29,-0.2303,29,0.513,29,-0.0820,29,2.911,29,2.1717,29,0.424,29,0.1796,29,0.987,29,0.6055,29,01/01/2023,12/31/2024,0.4946,,Yes,
CHELSEA HOSPITAL,230259,MI,2026,1.1107,,0.8533,,07/01/2022,06/30/2024,1.082,,1.1035,,2.080,,2.3863,,1.598,,1.2809,,0.165,,-0.8233,,N/A,13,N/A,5,01/01/2023,12/31/2024,0.9602,,Yes,
SOUTHEAST MICHIGAN SURGICAL HOSPITAL LLC,230264,MI,2026,0.9816,,-0.0478,,07/01/2022,06/30/2024,N/A,13,N/A,5,N/A,13,N/A,5,N/A,12,N/A,5,N/A,13,N/A,5,N/A,13,N/A,5,01/01/2023,12/31/2024,-0.0478,,No,
"BEAUMONT HOSPITAL, TROY",230269,MI,2026,0.8897,,-0.6894,,07/01/2022,06/30/2024,0.804,,0.4586,,0.565,,0.0433,,2.011,,1.9884,,0.444,,0.2570,,0.792,,0.1979,,01/01/2023,12/31/2024,0.3760,,No,
BEAUMONT HOSPITAL - TAYLOR,230270,MI,2026,1.1528,,1.1470,,07/01/2022,06/30/2024,0.618,,0.0271,,0.783,,0.5688,,2.915,,2.1717,,0.751,,1.4457,,1.232,,1.1175,,01/01/2023,12/31/2024,1.0796,,Yes,
DETROIT RECEIVING HOSPITAL,230273,MI,2026,1.2990,,2.1677,,07/01/2022,06/30/2024,1.332,,1.6835,,0.446,,-0.2435,,0.961,,0.1897,,0.316,,-0.2386,,0.924,,0.4738,,01/01/2023,12/31/2024,0.6721,,Yes,
HEALTHSOURCE SAGINAW,230275,MI,2026,N/A,13,N/A,5,07/01/2022,06/30/2024,N/A,13,N/A,5,N/A,13,N/A,5,N/A,12,N/A,5,0.000,,-1.4622,,N/A,13,N/A,5,01/01/2023,12/31/2024,-1.4622,,No,
HURON VALLEY-SINAI HOSPITAL,230277,MI,2026,0.9386,,-0.3483,,07/01/2022,06/30/2024,0.323,,-0.6572,,0.246,,-0.7256,,1.025,,0.2994,,1.020,,2.1931,,1.416,,1.5020,,01/01/2023,12/31/2024,0.3772,,No,
HENRY FORD HEALTH BRIGHTON CENTER FOR RECOVERY,230279,MI,2026,N/A,13,N/A,5,07/01/2022,06/30/2024,N/A,13,N/A,5,N/A,13,N/A,5,N/A,12,N/A,5,0.000,,-1.4622,,N/A,13,N/A,5,01/01/2023,12/31/2024,-1.4622,,No,
KARMANOS CANCER CENTER,230297,MI,2026,1.0064,,0.1255,,07/01/2022,06/30/2024,0.000,29,-1.4065,29,0.415,29,-0.3183,29,N/A,12,N/A,5,0.765,29,1.5000,29,1.439,29,1.5501,29,01/01/2023,12/31/2024,0.2902,,No,
SURGEONS CHOICE MEDICAL CENTER,230301,MI,2026,0.9602,,-0.1976,,07/01/2022,06/30/2024,N/A,13,N/A,5,N/A,13,N/A,5,N/A,12,N/A,5,N/A,13,N/A,5,N/A,13,N/A,5,01/01/2023,12/31/2024,-0.1976,,No,
HENRY FORD HEALTH WEST BLOOMFIELD HOSPITAL,230302,MI,2026,0.7113,,-1.4834,,07/01/2022,06/30/2024,1.024,,0.9690,,0.000,,-1.3186,,0.686,,-0.2814,,0.218,,-0.6181,,1.061,,0.7601,,01/01/2023,12/31/2024,-0.3287,,No,
MUNSON HEALTHCARE MANISTEE HOSPITAL,230303,MI,2026,0.9907,,0.0153,,07/01/2022,06/30/2024,N/A,13,N/A,5,N/A,13,N/A,5,N/A,13,N/A,5,0.000,,-1.4622,,N/A,13,N/A,5,01/01/2023,12/31/2024,-0.7234,,No,
NORTH MEMORIAL HEALTH HOSPITAL,240001,MN,2026,1.1691,,1.2613,,07/01/2022,06/30/2024,0.629,,0.0527,,1.263,,1.7259,,1.401,,0.9434,,0.272,,-0.4090,,0.399,,-0.6234,,01/01/2023,12/31/2024,0.4918,,Yes,
ESSENTIA HEALTH ST MARY'S MEDICAL CENTER,240002,MN,2026,0.8889,,-0.6952,,07/01/2022,06/30/2024,0.218,,-0.9008,,0.763,,0.5206,,0.762,,-0.1512,,0.263,,-0.4438,,0.589,,-0.2263,,01/01/2023,12/31/2024,-0.3161,,No,
HENNEPIN COUNTY MEDICAL CENTER,240004,MN,2026,1.1084,,0.8375,,07/01/2022,06/30/2024,0.746,,0.3241,,0.462,,-0.2050,,1.667,,1.3991,,0.228,,-0.5793,,0.784,,0.1812,,01/01/2023,12/31/2024,0.3263,,No,
OLMSTED MEDICAL CENTER,240006,MN,2026,0.9623,,-0.1827,,07/01/2022,06/30/2024,N/A,13,N/A,5,N/A,13,N/A,5,N/A,13,N/A,5,1.618,,2.1931,,N/A,13,N/A,5,01/01/2023,12/31/2024,1.0052,,Yes,
MAYO CLINIC HOSPITAL ROCHESTER,240010,MN,2026,0.7753,,-1.4834,,07/01/2022,06/30/2024,0.474,,-0.3069,,0.649,,0.2458,,0.696,,-0.2642,,0.601,,0.8649,,0.367,,-0.6903,,01/01/2023,12/31/2024,-0.2723,,No,
NORTHFIELD HOSPITAL,240014,MN,2026,0.9645,,-0.1671,,07/01/2022,06/30/2024,N/A,13,N/A,5,N/A,13,N/A,5,1.714,,1.4796,,0.643,,1.0276,,N/A,13,N/A,5,01/01/2023,12/31/2024,0.7800,,Yes,
MAYO CLINIC HEALTH SYSTEM IN RED WING,240018,MN,2026,0.9685,,-0.1390,,07/01/2022,06/30/2024,N/A,13,N/A,5,N/A,13,N/A,5,0.000,,-1.4565,,0.538,,0.6210,,N/A,13,N/A,5,01/01/2023,12/31/2024,-0.3248,,No,
ESSENTIA HEALTH DULUTH,240019,MN,2026,0.9344,,-0.3773,,07/01/2022,06/30/2024,0.472,,-0.3115,,0.694,,0.3543,,N/A,13,N/A,5,0.412,,0.1331,,0.000,,-1.4573,,01/01/2023,12/31/2024,-0.3317,,No,
CAMBRIDGE MEDICAL CENTER,240020,MN,2026,0.9414,,-0.3284,,07/01/2022,06/30/2024,N/A,13,N/A,5,N/A,13,N/A,5,N/A,13,N/A,5,0.414,,0.1409,,N/A,13,N/A,5,01/01/2023,12/31/2024,-0.0938,,No,
SANFORD WORTHINGTON MEDICAL CENTER,240022,MN,2026,1.0008,,0.0865,,07/01/2022,06/30/2024,N/A,13,N/A,5,N/A,13,N/A,5,N/A,13,N/A,5,1.493,,2.1931,,N/A,13,N/A,5,01/01/2023,12/31/2024,1.1398,,Yes,
ALOMERE HEALTH,240030,MN,2026,0.9673,,-0.1474,,07/01/2022,06/30/2024,0.000,,-1.4065,,0.000,,-1.3186,,1.285,,0.7447,,0.870,,1.9065,,N/A,13,N/A,5,01/01/2023,12/31/2024,-0.0443,,No,
ST CLOUD HOSPITAL,240036,MN,2026,0.8388,,-1.0449,,07/01/2022,06/30/2024,0.904,,0.6906,,0.471,,-0.1833,,0.999,,0.2548,,0.586,,0.8069,,0.365,,-0.6944,,01/01/2023,12/31/2024,-0.0284,,No,
ALLINA UNITED HOSPITAL,240038,MN,2026,0.9233,,-0.4551,,07/01/2022,06/30/2024,0.237,,-0.8567,,0.252,,-0.7112,,1.309,,0.7858,,0.422,,0.1718,,1.041,,0.7183,,01/01/2023,12/31/2024,-0.0578,,No,
RANGE REGIONAL HEALTH SERVICES,240040,MN,2026,0.9670,,-0.1498,,07/01/2022,06/30/2024,N/A,13,N/A,5,N/A,13,N/A,5,0.939,,0.1520,,0.178,,-0.7729,,N/A,13,N/A,5,01/01/2023,12/31/2024,-0.2569,,No,
MAYO CLINIC HEALTH SYSTEM - ALBERT LEA AND AUSTIN,240043,MN,2026,0.9686,,-0.1388,,07/01/2022,06/30/2024,0.000,,-1.4065,,0.000,,-1.3186,,0.955,,0.1794,,0.360,,-0.0682,,0.000,,-1.4573,,01/01/2023,12/31/2024,-0.7016,,No,
WINONA HEALTH SERVICES,240044,MN,2026,1.0200,,0.2203,,07/01/2022,06/30/2024,N/A,13,N/A,5,0.000,,-1.3186,,N/A,13,N/A,5,1.397,,2.1931,,N/A,13,N/A,5,01/01/2023,12/31/2024,0.3649,,No,
ST LUKES HOSPITAL,240047,MN,2026,0.8438,,-1.0099,,07/01/2022,06/30/2024,0.551,,-0.1283,,0.564,,0.0409,,0.682,,-0.2882,,0.749,,1.4380,,0.703,,0.0119,,01/01/2023,12/31/2024,0.0107,,No,
FAIRVIEW LAKES HEALTH SERVICES,240050,MN,2026,0.9678,,-0.1445,,07/01/2022,06/30/2024,N/A,13,N/A,5,N/A,13,N/A,5,1.294,,0.7602,,0.107,,-1.0478,,N/A,13,N/A,5,01/01/2023,12/31/2024,-0.1441,,No,
LAKE REGION HEALTHCARE CORPORATION,240052,MN,2026,0.8870,,-0.7085,,07/01/2022,06/30/2024,N/A,13,N/A,5,0.000,,-1.3186,,2.545,,2.1717,,0.757,,1.4690,,N/A,13,N/A,5,01/01/2023,12/31/2024,0.4034,,Yes,
PARK NICOLLET METHODIST HOSPITAL,240053,MN,2026,1.0561,,0.4723,,07/01/2022,06/30/2024,0.444,,-0.3765,,0.630,,0.2000,,0.561,,-0.4955,,0.346,,-0.1224,,0.000,,-1.4573,,01/01/2023,12/31/2024,-0.2966,,No,
RIDGEVIEW MEDICAL CENTER,240056,MN,2026,0.9586,,-0.2083,,07/01/2022,06/30/2024,0.973,,0.8507,,0.690,,0.3446,,1.223,,0.6385,,0.864,,1.8833,,0.000,,-1.4573,,01/01/2023,12/31/2024,0.3419,,No,
ABBOTT NORTHWESTERN HOSPITAL,240057,MN,2026,0.9673,,-0.1474,,07/01/2022,06/30/2024,0.869,,0.6094,,0.774,,0.5471,,1.240,,0.6676,,0.340,,-0.1457,,0.462,,-0.4917,,01/01/2023,12/31/2024,0.1732,,No,
GRAND ITASCA CLINIC AND HOSPITAL,240064,MN,2026,1.1543,,1.1579,,07/01/2022,06/30/2024,N/A,13,N/A,5,N/A,13,N/A,5,1.652,,1.3734,,0.000,,-1.4622,,N/A,13,N/A,5,01/01/2023,12/31/2024,0.3564,,No,
LAKEVIEW MEMORIAL HOSPITAL,240066,MN,2026,0.9295,,-0.4116,,07/01/2022,06/30/2024,0.000,,-1.4065,,0.385,,-0.3906,,0.504,,-0.5931,,0.526,,0.5745,,N/A,13,N/A,5,01/01/2023,12/31/2024,-0.4454,,No,
OWATONNA HOSPITAL,240069,MN,2026,0.9613,,-0.1898,,07/01/2022,06/30/2024,N/A,13,N/A,5,N/A,13,N/A,5,N/A,13,N/A,5,0.785,,1.5774,,N/A,13,N/A,5,01/01/2023,12/31/2024,0.6938,,Yes,
ALLINA HEALTH FARIBAULT MEDICAL CENTER,240071,MN,2026,0.9821,,-0.0444,,07/01/2022,06/30/2024,N/A,13,N/A,5,N/A,13,N/A,5,N/A,13,N/A,5,1.036,,2.1931,,N/A,13,N/A,5,01/01/2023,12/31/2024,1.0743,,Yes,
ESSENTIA HEALTH ST JOSEPH'S MEDICAL CENTER,240075,MN,2026,1.2240,,1.6444,,07/01/2022,06/30/2024,0.000,,-1.4065,,0.321,,-0.5448,,1.026,,0.3011,,0.261,,-0.4516,,0.706,,0.0182,,01/01/2023,12/31/2024,-0.0732,,No,
BUFFALO HOSPITAL,240076,MN,2026,0.9122,,-0.5324,,07/01/2022,06/30/2024,N/A,13,N/A,5,N/A,13,N/A,5,0.000,,-1.4565,,0.278,,-0.3857,,N/A,13,N/A,5,01/01/2023,12/31/2024,-0.7915,,No,
M HEALTH FAIRVIEW SOUTHDALE HOSPITAL,240078,MN,2026,0.7591,,-1.4834,,07/01/2022,06/30/2024,0.632,,0.0596,,0.886,,0.8171,,0.947,,0.1657,,0.468,,0.3500,,0.314,,-0.8010,,01/01/2023,12/31/2024,-0.1487,,No,
M HEALTH FAIRVIEW UNIVERSITY OF MN MEDICAL CENTER,240080,MN,2026,0.8484,,-0.9780,,07/01/2022,06/30/2024,0.950,,0.7973,,0.882,,0.8075,,0.860,,0.0167,,0.504,,0.4894,,0.535,,-0.3392,,01/01/2023,12/31/2024,0.1323,,No,
ESSENTIA HEALTH VIRGINIA,240084,MN,2026,0.9379,,-0.3530,,07/01/2022,06/30/2024,0.000,,-1.4065,,0.659,,0.2699,,0.000,,-1.4565,,0.116,,-1.0130,,N/A,13,N/A,5,01/01/2023,12/31/2024,-0.7918,,No,
CENTRACARE- RICE MEMORIAL HOSPITAL,240088,MN,2026,0.9859,,-0.0176,,07/01/2022,06/30/2024,N/A,13,N/A,5,0.628,,0.1952,,2.224,,2.1717,,0.770,,1.5193,,N/A,13,N/A,5,01/01/2023,12/31/2024,0.9671,,Yes,
MAYO CLINIC HEALTH SYSTEM - MANKATO,240093,MN,2026,0.9160,,-0.5058,,07/01/2022,06/30/2024,1.354,,1.7345,,0.336,,-0.5087,,1.546,,1.1918,,0.428,,0.1951,,0.286,,-0.8595,,01/01/2023,12/31/2024,0.2079,,No,
SANFORD BEMIDJI MEDICAL CENTER,240100,MN,2026,1.0155,,0.1885,,07/01/2022,06/30/2024,0.434,,-0.3997,,2.077,,2.3863,,1.275,,0.7276,,0.496,,0.4584,,0.497,,-0.4186,,01/01/2023,12/31/2024,0.4904,,Yes,
ESSENTIA HEALTH ST MARYS - DETROIT LAKES,240101,MN,2026,0.9441,,-0.3094,,07/01/2022,06/30/2024,N/A,13,N/A,5,N/A,13,N/A,5,0.471,,-0.6497,,0.317,,-0.2347,,N/A,13,N/A,5,01/01/2023,12/31/2024,-0.3979,,No,
ST FRANCIS REGIONAL MEDICAL CENTER,240104,MN,2026,0.8725,,-0.8099,,07/01/2022,06/30/2024,0.402,,-0.4739,,1.537,,2.3863,,1.243,,0.6728,,0.522,,0.5591,,1.072,,0.7831,,01/01/2023,12/31/2024,0.5196,,Yes,
REGIONS HOSPITAL,240106,MN,2026,1.0495,,0.4261,,07/01/2022,06/30/2024,0.735,,0.2986,,0.453,,-0.2267,,0.725,,-0.2145,,0.361,,-0.0643,,0.579,,-0.2472,,01/01/2023,12/31/2024,-0.0047,,No,
MERCY HOSPITAL,240115,MN,2026,0.8462,,-0.9935,,07/01/2022,06/30/2024,0.528,,-0.1816,,0.464,,-0.2001,,1.030,,0.3079,,0.353,,-0.0953,,0.440,,-0.5377,,01/01/2023,12/31/2024,-0.2834,,No,
FAIRVIEW NORTHLAND REGIONAL HOSPITAL,240141,MN,2026,0.9508,,-0.2629,,07/01/2022,06/30/2024,N/A,13,N/A,5,N/A,13,N/A,5,N/A,13,N/A,5,0.374,,-0.0140,,N/A,13,N/A,5,01/01/2023,12/31/2024,-0.1384,,No,
MAYO CLINIC HEALTH SYSTEM - FAIRMONT,240166,MN,2026,0.9441,,-0.3094,,07/01/2022,06/30/2024,N/A,13,N/A,5,N/A,13,N/A,5,N/A,13,N/A,5,0.327,,-0.1960,,N/A,13,N/A,5,01/01/2023,12/31/2024,-0.2527,,No,
HUTCHINSON HEALTH,240187,MN,2026,1.1603,,1.1995,,07/01/2022,06/30/2024,N/A,13,N/A,5,N/A,13,N/A,5,N/A,13,N/A,5,0.389,,0.0441,,N/A,13,N/A,5,01/01/2023,12/31/2024,0.6218,,Yes,
RED LAKE HOSPITAL,240206,MN,2026,N/A,13,N/A,5,07/01/2022,06/30/2024,N/A,13,N/A,5,N/A,13,N/A,5,N/A,13,N/A,5,N/A,13,N/A,5,N/A,13,N/A,5,01/01/2023,12/31/2024,N/A,5,No,
M HEALTH FAIRVIEW RIDGES HOSPITAL,240207,MN,2026,0.8033,,-1.2926,,07/01/2022,06/30/2024,0.686,,0.1849,,0.882,,0.8075,,0.949,,0.1692,,0.450,,0.2803,,0.499,,-0.4144,,01/01/2023,12/31/2024,-0.0442,,No,
M HEALTH FAIRVIEW ST JOHN'S HOSPITAL,240210,MN,2026,0.8928,,-0.6675,,07/01/2022,06/30/2024,0.169,,-1.0144,,0.768,,0.5327,,0.644,,-0.3533,,0.294,,-0.3238,,0.000,,-1.4573,,01/01/2023,12/31/2024,-0.5473,,No,
M HEALTH FAIRVIEW WOODWINDS HOSPITAL,240213,MN,2026,0.8184,,-1.1874,,07/01/2022,06/30/2024,0.000,,-1.4065,,2.026,,2.3863,,3.008,,2.1717,,0.320,,-0.2231,,0.000,,-1.4573,,01/01/2023,12/31/2024,0.0473,,No,
MAPLE GROVE HOSPITAL,240214,MN,2026,0.7919,,-1.3719,,07/01/2022,06/30/2024,0.272,,-0.7755,,1.252,,1.6993,,0.855,,0.0081,,0.145,,-0.9007,,0.284,,-0.8637,,01/01/2023,12/31/2024,-0.3674,,No,
UNIVERSITY OF MISSISSIPPI MED CENTER,250001,MS,2026,1.3132,,2.2668,,07/01/2022,06/30/2024,0.685,,0.1826,,0.637,,0.2169,,1.609,,1.2997,,0.186,,-0.7420,,0.911,,0.4466,,01/01/2023,12/31/2024,0.6118,,Yes,
TISHOMINGO HEALTH SERVICES INC,250002,MS,2026,N/A,13,N/A,5,07/01/2022,06/30/2024,N/A,13,N/A,5,N/A,13,N/A,5,N/A,12,N/A,5,0.491,,0.4390,,N/A,13,N/A,5,01/01/2023,12/31/2024,0.4390,,Yes,
NORTH MISSISSIPPI MEDICAL CENTER,250004,MS,2026,1.1547,,1.1604,,07/01/2022,06/30/2024,0.666,,0.1385,,1.011,,1.1184,,2.176,,2.1717,,0.238,,-0.5406,,0.466,,-0.4834,,01/01/2023,12/31/2024,0.5942,,Yes,
BAPTIST MEMORIAL HOSPITAL UNION COUNTY,250006,MS,2026,0.9607,23,-0.1941,23,07/01/2022,06/30/2024,0.000,,-1.4065,,1.856,,2.3863,,0.000,,-1.4565,,0.461,,0.3229,,1.883,,2.2251,,01/01/2023,12/31/2024,0.3129,23,No,
Memorial Hospital Biloxi,250007,MS,2026,1.0154,,0.1882,,07/01/2022,06/30/2024,1.025,,0.9713,,0.431,,-0.2797,,0.345,,-0.8655,,0.000,,-1.4622,,0.000,,-1.4573,,01/01/2023,12/31/2024,-0.4842,,No,
MAGNOLIA REGIONAL HEALTH CENTER,250009,MS,2026,0.9036,,-0.5927,,07/01/2022,06/30/2024,1.008,,0.9319,,0.559,,0.0289,,3.507,,2.1717,,0.537,,0.6171,,0.000,,-1.4573,,01/01/2023,12/31/2024,0.2833,,No,
PROGRESSIVE HEALTH GROUP OF HOUSTON,250017,MS,2026,N/A,5,N/A,5,07/01/2022,06/30/2024,N/A,,N/A,,N/A,,N/A,,N/A,,N/A,,N/A,,N/A,,N/A,,N/A,,01/01/2023,12/31/2024,N/A,,No,
JASPER GENERAL HOSPITAL,250018,MS,2026,N/A,13,N/A,5,07/01/2022,06/30/2024,N/A,13,N/A,5,N/A,13,N/A,5,N/A,13,N/A,5,N/A,13,N/A,5,N/A,13,N/A,5,01/01/2023,12/31/2024,N/A,5,No,
MEMORIAL HOSPITAL AT GULFPORT,250019,MS,2026,1.0597,,0.4975,,07/01/2022,06/30/2024,0.554,,-0.1213,,0.560,,0.0313,,0.680,,-0.2916,,0.224,,-0.5948,,0.502,,-0.4081,,01/01/2023,12/31/2024,-0.1479,,No,
WEBSTER GENERAL HOSPITAL/ SWING BED,250020,MS,2026,N/A,13,N/A,5,07/01/2022,06/30/2024,N/A,13,N/A,5,N/A,13,N/A,5,N/A,12,N/A,5,0.432,,0.2106,,N/A,13,N/A,5,01/01/2023,12/31/2024,0.2106,,No,
NORTH MISSISSIPPI MEDICAL CENTER-GILMORE AMORY,250025,MS,2026,0.9038,,-0.5908,,07/01/2022,06/30/2024,N/A,13,N/A,5,0.838,,0.7014,,0.826,,-0.0415,,0.397,,0.0750,,N/A,13,N/A,5,01/01/2023,12/31/2024,0.0360,,No,
WINSTON MEDICAL CENTER,250027,MS,2026,N/A,13,N/A,5,07/01/2022,06/30/2024,N/A,13,N/A,5,N/A,13,N/A,5,N/A,12,N/A,5,0.735,,1.3838,,N/A,13,N/A,5,01/01/2023,12/31/2024,1.3838,,Yes,
MERIT HEALTH RIVER REGION,250031,MS,2026,0.9901,,0.0115,,07/01/2022,06/30/2024,0.933,,0.7579,,0.321,,-0.5448,,0.301,,-0.9409,,0.033,,-1.3344,,0.722,,0.0516,,01/01/2023,12/31/2024,-0.3332,,No,
BAPTIST MEMORIAL HOSPITAL NORTH MS,250034,MS,2026,0.9067,,-0.5708,,07/01/2022,06/30/2024,0.585,,-0.0494,,0.093,,-1.0944,,1.557,,1.2107,,0.159,,-0.8465,,0.897,,0.4174,,01/01/2023,12/31/2024,-0.1555,,No,
GEORGE REGIONAL HEALTH SYSTEM,250036,MS,2026,1.0265,,0.2659,,07/01/2022,06/30/2024,N/A,13,N/A,5,0.000,,-1.3186,,N/A,13,N/A,5,0.000,,-1.4622,,N/A,13,N/A,5,01/01/2023,12/31/2024,-0.8383,,No,
MERIT HEALTH MADISON,250038,MS,2026,0.9576,,-0.2153,,07/01/2022,06/30/2024,0.000,,-1.4065,,0.000,,-1.3186,,N/A,13,N/A,5,0.253,,-0.4825,,N/A,13,N/A,5,01/01/2023,12/31/2024,-0.8557,,No,
SINGING RIVER HEALTH SYSTEM,250040,MS,2026,0.9347,,-0.3750,,07/01/2022,06/30/2024,0.267,,-0.7871,,0.657,,0.2651,,0.358,,-0.8432,,0.372,,-0.0218,,1.171,,0.9900,,01/01/2023,12/31/2024,-0.1287,,No,
NORTHWEST MISSISSISSIPPI REGIONAL MEDICAL CENTER,250042,MS,2026,0.8758,,-0.7864,,07/01/2022,06/30/2024,N/A,13,N/A,5,N/A,13,N/A,5,N/A,13,N/A,5,0.000,,-1.4622,,N/A,13,N/A,5,01/01/2023,12/31/2024,-1.1243,,No,
NESHOBA COUNTY GENERAL HOSPITAL,250043,MS,2026,N/A,13,N/A,5,07/01/2022,06/30/2024,N/A,13,N/A,5,N/A,13,N/A,5,N/A,12,N/A,5,N/A,13,N/A,5,N/A,13,N/A,5,01/01/2023,12/31/2024,N/A,5,No,
BAPTIST MEMORIAL HOSPITAL BOONEVILLE,250044,MS,2026,0.9586,23,-0.2085,23,07/01/2022,06/30/2024,N/A,13,N/A,5,N/A,13,N/A,5,N/A,13,N/A,5,0.944,,2.1931,,N/A,13,N/A,5,01/01/2023,12/31/2024,0.9923,23,Yes,
ST DOMINIC-JACKSON MEMORIAL HOSPITAL,250048,MS,2026,1.0940,,0.7371,,07/01/2022,06/30/2024,0.701,,0.2197,,0.383,,-0.3954,,0.828,,-0.0381,,0.207,,-0.6606,,1.400,,1.4686,,01/01/2023,12/31/2024,0.2219,,No,
BEACHAM MEMORIAL HOSPITAL,250049,MS,2026,N/A,13,N/A,5,07/01/2022,06/30/2024,N/A,13,N/A,5,N/A,13,N/A,5,N/A,18,2.1717,18,N/A,13,N/A,5,N/A,13,N/A,5,01/01/2023,12/31/2024,2.1717,18,Yes,
OCH REGIONAL MEDICAL CENTER,250050,MS,2026,0.9288,,-0.4163,,07/01/2022,06/30/2024,N/A,13,N/A,5,0.000,,-1.3186,,0.000,,-1.4565,,0.477,,0.3848,,N/A,13,N/A,5,01/01/2023,12/31/2024,-0.7016,,No,
KING'S DAUGHTERS MEDICAL CENTER-BROOKHAVEN,250057,MS,2026,0.9698,,-0.1301,,07/01/2022,06/30/2024,0.000,,-1.4065,,0.510,,-0.0893,,0.000,,-1.4565,,0.547,,0.6559,,N/A,13,N/A,5,01/01/2023,12/31/2024,-0.4853,,No,
SOUTH CENTRAL REG MED CTR,250058,MS,2026,2.1816,,2.5111,,07/01/2022,06/30/2024,0.861,,0.5909,,0.624,,0.1855,,0.000,,-1.4565,,0.502,,0.4816,,1.967,,2.2251,,01/01/2023,12/31/2024,0.7563,,Yes,
YALOBUSHA GENERAL HOSPITAL,250061,MS,2026,N/A,13,N/A,5,07/01/2022,06/30/2024,N/A,13,N/A,5,N/A,13,N/A,5,N/A,13,N/A,5,N/A,13,N/A,5,N/A,13,N/A,5,01/01/2023,12/31/2024,N/A,5,No,
CLAY COUNTY MEDICAL CORPORATION,250067,MS,2026,0.9506,,-0.2646,,07/01/2022,06/30/2024,N/A,13,N/A,5,N/A,13,N/A,5,N/A,13,N/A,5,0.552,,0.6752,,N/A,13,N/A,5,01/01/2023,12/31/2024,0.2053,,No,
OCHSNER RUSH HOSPITAL,250069,MS,2026,0.9846,,-0.0271,,07/01/2022,06/30/2024,2.099,,2.2402,,0.000,,-1.3186,,0.334,,-0.8843,,0.361,,-0.0643,,0.000,,-1.4573,,01/01/2023,12/31/2024,-0.2519,,No,
MERIT HEALTH CENTRAL,250072,MS,2026,0.9193,,-0.4832,,07/01/2022,06/30/2024,0.000,,-1.4065,,1.346,,1.9259,,N/A,13,N/A,5,0.000,,-1.4622,,0.385,,-0.6527,,01/01/2023,12/31/2024,-0.4157,,No,
WAYNE GENERAL HOSPITAL,250077,MS,2026,0.9796,,-0.0619,,07/01/2022,06/30/2024,1.498,,2.0686,,0.000,,-1.3186,,N/A,11,2.1717,11,N/A,11,2.1931,11,N/A,11,2.2251,11,01/01/2023,12/31/2024,1.2130,,Yes,
FORREST GENERAL HOSPITAL,250078,MS,2026,1.0815,,0.6497,,07/01/2022,06/30/2024,0.789,,0.4238,,0.364,,-0.4412,,0.879,,0.0493,,0.509,,0.5087,,1.481,,1.6379,,01/01/2023,12/31/2024,0.4714,,Yes,
ANDERSON REGIONAL MEDICAL CENTER SOUTH CAMPUS,250081,MS,2026,N/A,13,N/A,5,07/01/2022,06/30/2024,N/A,13,N/A,5,N/A,13,N/A,5,N/A,12,N/A,5,0.000,,-1.4622,,N/A,13,N/A,5,01/01/2023,12/31/2024,-1.4622,,No,
DELTA HEALTH SYSTEM - THE MEDICAL CENTER,250082,MS,2026,0.9418,,-0.3256,,07/01/2022,06/30/2024,0.000,,-1.4065,,0.000,,-1.3186,,0.000,,-1.4565,,0.000,,-1.4622,,0.000,,-1.4573,,01/01/2023,12/31/2024,-1.2378,,No,
MERIT HEALTH NATCHEZ,250084,MS,2026,1.1552,,1.1641,,07/01/2022,06/30/2024,0.000,,-1.4065,,1.289,,1.7885,,0.691,,-0.2728,,0.623,,0.9501,,2.918,,2.2251,,01/01/2023,12/31/2024,0.7414,,Yes,
MARION GENERAL HOSPITAL,250085,MS,2026,N/A,13,N/A,5,07/01/2022,06/30/2024,N/A,13,N/A,5,N/A,13,N/A,5,N/A,12,N/A,5,1.464,,2.1931,,N/A,13,N/A,5,01/01/2023,12/31/2024,2.1931,,Yes,
BOLIVAR MEDICAL CENTER,250093,MS,2026,0.8458,,-0.9961,,07/01/2022,06/30/2024,0.000,,-1.4065,,0.000,,-1.3186,,0.000,,-1.4565,,2.290,,2.1931,,N/A,13,N/A,5,01/01/2023,12/31/2024,-0.5969,,No,
MERIT HEALTH WESLEY,250094,MS,2026,0.7926,,-1.3672,,07/01/2022,06/30/2024,1.000,,0.9133,,1.180,,1.5258,,0.144,,-1.2098,,0.220,,-0.6103,,1.570,,1.8239,,01/01/2023,12/31/2024,0.1793,,No,
SOUTH SUNFLOWER COUNTY HOSPITAL,250095,MS,2026,N/A,13,N/A,5,07/01/2022,06/30/2024,N/A,13,N/A,5,0.000,,-1.3186,,N/A,13,N/A,5,0.500,,0.4739,,N/A,13,N/A,5,01/01/2023,12/31/2024,-0.4224,,No,
CROSSGATES RIVER OAKS HOSPITAL,250096,MS,2026,0.9052,,-0.5812,,07/01/2022,06/30/2024,N/A,13,N/A,5,0.881,,0.8050,,N/A,13,N/A,5,0.408,,0.1176,,N/A,13,N/A,5,01/01/2023,12/31/2024,0.1138,,No,
SOUTHWEST MS REGIONAL MEDICAL CENTER,250097,MS,2026,0.8811,,-0.7493,,07/01/2022,06/30/2024,2.724,,2.2402,,0.000,,-1.3186,,1.145,,0.5049,,0.586,,0.8069,,0.924,,0.4738,,01/01/2023,12/31/2024,0.3263,,No,
GREENWOOD LEFLORE HOSPITAL,250099,MS,2026,0.9574,,-0.2169,,07/01/2022,06/30/2024,N/A,13,N/A,5,N/A,13,N/A,5,N/A,13,N/A,5,0.722,,1.3335,,N/A,13,N/A,5,01/01/2023,12/31/2024,0.5583,,Yes,
BMH-GOLDEN TRIANGLE,250100,MS,2026,1.2052,23,1.5128,23,07/01/2022,06/30/2024,0.551,,-0.1283,,0.190,,-0.8606,,0.758,,-0.1580,,0.448,,0.2725,,1.346,,1.3557,,01/01/2023,12/31/2024,0.3324,23,No,
MISSISSIPPI BAPTIST MEDICAL CENTER,250102,MS,2026,2.4176,23,2.5111,23,07/01/2022,06/30/2024,1.076,,1.0896,,0.631,,0.2024,,1.768,,1.5721,,0.592,,0.8301,,0.750,,0.1102,,01/01/2023,12/31/2024,1.0526,23,Yes,
ANDERSON REGIONAL MEDICAL CENTER,250104,MS,2026,0.9919,,0.0242,,07/01/2022,06/30/2024,2.119,,2.2402,,0.658,,0.2675,,0.677,,-0.2968,,0.729,,1.3606,,1.575,,1.8343,,01/01/2023,12/31/2024,0.9050,,Yes,
HIGHLAND COMMUNITY  HOSPITAL,250117,MS,2026,0.9649,,-0.1644,,07/01/2022,06/30/2024,N/A,13,N/A,5,0.792,,0.5905,,2.571,,2.1717,,1.135,,2.1931,,N/A,13,N/A,5,01/01/2023,12/31/2024,1.1977,,Yes,
SINGING RIVER GULFPORT,250123,MS,2026,1.0266,,0.2664,,07/01/2022,06/30/2024,1.412,,1.8691,,0.281,,-0.6413,,0.475,,-0.6428,,0.201,,-0.6839,,0.788,,0.1896,,01/01/2023,12/31/2024,0.0595,,No,
MAGEE GENERAL HOSPITAL,250124,MS,2026,N/A,13,N/A,5,07/01/2022,06/30/2024,N/A,13,N/A,5,N/A,13,N/A,5,N/A,13,N/A,5,0.671,,1.1360,,N/A,13,N/A,5,01/01/2023,12/31/2024,1.1360,,Yes,
CHOCTAW HEALTH CENTER,250127,MS,2026,N/A,13,N/A,5,07/01/2022,06/30/2024,N/A,13,N/A,5,N/A,13,N/A,5,N/A,12,N/A,5,N/A,13,N/A,5,N/A,13,N/A,5,01/01/2023,12/31/2024,N/A,5,No,
WHITFIELD MEDICAL SURGICAL HOSPITAL,250134,MS,2026,N/A,13,N/A,5,07/01/2022,06/30/2024,N/A,13,N/A,5,N/A,13,N/A,5,N/A,12,N/A,5,N/A,13,N/A,5,N/A,13,N/A,5,01/01/2023,12/31/2024,N/A,5,No,
MERIT HEALTH WOMEN'S HOSPITAL,250136,MS,2026,0.9884,,-0.0007,,07/01/2022,06/30/2024,N/A,13,N/A,5,N/A,13,N/A,5,0.000,,-1.4565,,0.000,,-1.4622,,N/A,13,N/A,5,01/01/2023,12/31/2024,-0.9731,,No,
MERIT HEALTH RIVER OAKS,250138,MS,2026,0.8904,,-0.6847,,07/01/2022,06/30/2024,0.961,,0.8228,,0.684,,0.3302,,0.000,,-1.4565,,0.308,,-0.2696,,1.692,,2.0788,,01/01/2023,12/31/2024,0.1369,,No,
BAPTIST MEMORIAL HOSPITAL DESOTO,250141,MS,2026,1.4707,23,2.5111,23,07/01/2022,06/30/2024,0.715,,0.2522,,0.544,,-0.0073,,1.299,,0.7687,,0.340,,-0.1457,,0.565,,-0.2765,,01/01/2023,12/31/2024,0.5171,23,Yes,
ALLIANCE HEALTH CENTER,250151,MS,2026,N/A,13,N/A,5,07/01/2022,06/30/2024,N/A,13,N/A,5,N/A,13,N/A,5,N/A,12,N/A,5,0.000,,-1.4622,,0.000,,-1.4573,,01/01/2023,12/31/2024,-1.4597,,No,
MISSISSIPPI METHODIST REHAB CTR,250152,MS,2026,N/A,13,N/A,5,07/01/2022,06/30/2024,N/A,12,N/A,5,N/A,12,N/A,5,N/A,12,N/A,5,N/A,13,N/A,5,N/A,13,N/A,5,01/01/2023,12/31/2024,N/A,5,No,
OCHSNER MEDICAL CENTER-HANCOCK,250162,MS,2026,0.9193,,-0.4827,,07/01/2022,06/30/2024,N/A,13,N/A,5,N/A,13,N/A,5,N/A,13,N/A,5,0.230,,-0.5716,,N/A,13,N/A,5,01/01/2023,12/31/2024,-0.5271,,No,
METHODIST HEALTHCARE - OLIVE BRANCH HOSPITAL,250167,MS,2026,0.8804,,-0.7545,,07/01/2022,06/30/2024,0.000,,-1.4065,,0.000,,-1.3186,,N/A,13,N/A,5,0.087,,-1.1253,,0.692,,-0.0111,,01/01/2023,12/31/2024,-0.9232,,No,
UNIVERSITY OF MISSISSIPPI MEDICAL CENTER- GRENADA,250168,MS,2026,0.9619,,-0.1857,,07/01/2022,06/30/2024,1.205,,1.3889,,0.933,,0.9304,,N/A,13,N/A,5,1.189,,2.1931,,N/A,13,N/A,5,01/01/2023,12/31/2024,1.0817,,Yes,
HIGHLAND HILLS MEDICAL CENTER,250172,MS,2026,N/A,13,N/A,5,07/01/2022,06/30/2024,N/A,13,N/A,5,N/A,13,N/A,5,N/A,12,N/A,5,N/A,13,N/A,5,N/A,13,N/A,5,01/01/2023,12/31/2024,N/A,5,No,
"ALLIANCE HEALTHCARE SYSTEM, INC",250174,MS,2026,N/A,5,N/A,5,07/01/2022,06/30/2024,N/A,5,N/A,5,N/A,5,N/A,5,N/A,5,N/A,5,N/A,5,N/A,5,N/A,5,N/A,5,01/01/2023,12/31/2024,N/A,5,No,
MERCY HOSPITAL JOPLIN,260001,MO,2026,0.8740,,-0.7990,,07/01/2022,06/30/2024,0.715,,0.2522,,0.937,,0.9400,,1.820,,1.6612,,0.156,,-0.8581,,0.676,,-0.0445,,01/01/2023,12/31/2024,0.1920,,No,
SSM ST JOSEPH HEALTH CENTER,260005,MO,2026,0.9115,,-0.5371,,07/01/2022,06/30/2024,0.594,,-0.0285,,0.192,,-0.8558,,1.399,,0.9400,,0.176,,-0.7807,,1.066,,0.7706,,01/01/2023,12/31/2024,-0.0819,,No,
MOSAIC LIFE CARE AT ST JOSEPH,260006,MO,2026,1.1235,,0.9423,,07/01/2022,06/30/2024,1.021,,0.9620,,0.698,,0.3639,,1.273,,0.7242,,0.300,,-0.3005,,0.850,,0.3191,,01/01/2023,12/31/2024,0.5018,,Yes,
BOTHWELL REGIONAL HEALTH CENTER,260009,MO,2026,0.9218,,-0.4653,,07/01/2022,06/30/2024,0.000,,-1.4065,,0.522,,-0.0603,,0.760,,-0.1546,,0.190,,-0.7265,,0.000,,-1.4573,,01/01/2023,12/31/2024,-0.7117,,No,
SSM HEALTH ST. MARY'S HOSPITAL - JEFFERSON CITY,260011,MO,2026,1.4180,,2.5111,,07/01/2022,06/30/2024,0.347,,-0.6015,,0.238,,-0.7449,,0.670,,-0.3088,,0.399,,0.0828,,1.103,,0.8479,,01/01/2023,12/31/2024,0.2978,,No,
PHELPS COUNTY REGIONAL MEDICAL CENTER,260017,MO,2026,0.8943,,-0.6571,,07/01/2022,06/30/2024,0.715,,0.2522,,0.137,,-0.9884,,1.118,,0.4587,,0.316,,-0.2386,,2.128,,2.2251,,01/01/2023,12/31/2024,0.1753,,No,
MERCY HOSPITAL ST LOUIS,260020,MO,2026,0.8931,,-0.6656,,07/01/2022,06/30/2024,0.454,,-0.3533,,0.504,,-0.1037,,0.524,,-0.5589,,0.321,,-0.2192,,0.603,,-0.1971,,01/01/2023,12/31/2024,-0.3496,,No,
NORTHEAST REGIONAL MEDICAL CENTER,260022,MO,2026,1.0042,,0.1100,,07/01/2022,06/30/2024,0.000,,-1.4065,,0.000,,-1.3186,,0.000,,-1.4565,,0.504,,0.4894,,N/A,13,N/A,5,01/01/2023,12/31/2024,-0.7164,,No,
MERCY HOSPITAL JEFFERSON,260023,MO,2026,0.7409,,-1.4834,,07/01/2022,06/30/2024,1.304,,1.6185,,1.217,,1.6150,,1.338,,0.8355,,0.272,,-0.4090,,1.308,,1.2763,,01/01/2023,12/31/2024,0.5755,,Yes,
TEXAS COUNTY MEMORIAL HOSPITAL,260024,MO,2026,0.9801,,-0.0587,,07/01/2022,06/30/2024,N/A,13,N/A,5,N/A,13,N/A,5,N/A,13,N/A,5,0.421,,0.1680,,N/A,13,N/A,5,01/01/2023,12/31/2024,0.0547,,No,
HANNIBAL REGIONAL HOSPITAL,260025,MO,2026,1.1625,,1.2147,,07/01/2022,06/30/2024,0.441,,-0.3835,,0.914,,0.8846,,1.403,,0.9469,,0.697,,1.2367,,1.415,,1.4999,,01/01/2023,12/31/2024,0.8999,,Yes,
RESEARCH MEDICAL CENTER,260027,MO,2026,0.9695,,-0.1325,,07/01/2022,06/30/2024,0.868,,0.6071,,0.509,,-0.0917,,1.594,,1.2741,,0.299,,-0.3044,,0.944,,0.5156,,01/01/2023,12/31/2024,0.3114,,No,
BARNES JEWISH HOSPITAL,260032,MO,2026,0.9650,,-0.1638,,07/01/2022,06/30/2024,0.865,,0.6001,,0.734,,0.4507,,1.086,,0.4038,,0.779,,1.5542,,0.843,,0.3045,,01/01/2023,12/31/2024,0.5249,,Yes,
BATES COUNTY MEMORIAL HOSPITAL,260034,MO,2026,0.9824,,-0.0420,,07/01/2022,06/30/2024,N/A,13,N/A,5,N/A,13,N/A,5,N/A,13,N/A,5,0.000,,-1.4622,,N/A,13,N/A,5,01/01/2023,12/31/2024,-0.7521,,No,
COX MEDICAL CENTERS,260040,MO,2026,1.2131,,1.5685,,07/01/2022,06/30/2024,0.631,,0.0573,,0.623,,0.1831,,0.293,,-0.9546,,0.388,,0.0402,,0.629,,-0.1427,,01/01/2023,12/31/2024,0.1253,,No,
TRUMAN MEDICAL CENTER HOSPITAL HILL,260048,MO,2026,1.0922,,0.7242,,07/01/2022,06/30/2024,0.609,,0.0063,,1.865,,2.3863,,0.846,,-0.0073,,0.275,,-0.3973,,0.654,,-0.0905,,01/01/2023,12/31/2024,0.4370,,Yes,
MERCY HOSPITAL WASHINGTON,260052,MO,2026,0.9574,,-0.2166,,07/01/2022,06/30/2024,0.000,,-1.4065,,0.674,,0.3061,,1.441,,1.0120,,0.299,,-0.3044,,1.240,,1.1342,,01/01/2023,12/31/2024,0.0875,,No,
CAMERON REGIONAL MEDICAL CENTER,260057,MO,2026,0.9547,,-0.2358,,07/01/2022,06/30/2024,N/A,13,N/A,5,0.000,,-1.3186,,N/A,13,N/A,5,0.628,,0.9695,,N/A,13,N/A,5,01/01/2023,12/31/2024,-0.1950,,No,
MERCY HOSPITAL LEBANON,260059,MO,2026,0.9743,,-0.0987,,07/01/2022,06/30/2024,N/A,13,N/A,5,N/A,13,N/A,5,N/A,13,N/A,5,0.185,,-0.7458,,N/A,13,N/A,5,01/01/2023,12/31/2024,-0.4223,,No,
NEVADA REGIONAL MEDICAL CENTER,260061,MO,2026,0.9864,,-0.0145,,07/01/2022,06/30/2024,N/A,13,N/A,5,N/A,13,N/A,5,N/A,13,N/A,5,0.000,,-1.4622,,N/A,13,N/A,5,01/01/2023,12/31/2024,-0.7383,,No,
SAINT LUKES NORTH HOSPITAL,260062,MO,2026,0.9887,,0.0016,,07/01/2022,06/30/2024,0.607,,0.0016,,1.570,,2.3863,,0.562,,-0.4938,,0.283,,-0.3664,,0.435,,-0.5482,,01/01/2023,12/31/2024,0.1635,,No,
MERCY HOSPITAL SPRINGFIELD,260065,MO,2026,0.7689,,-1.4834,,07/01/2022,06/30/2024,0.814,,0.4818,,0.219,,-0.7907,,1.495,,1.1045,,0.355,,-0.0876,,0.617,,-0.1678,,01/01/2023,12/31/2024,-0.1572,,No,
BOONE HOSPITAL CENTER,260068,MO,2026,0.8774,,-0.7755,,07/01/2022,06/30/2024,0.622,,0.0364,,0.650,,0.2482,,0.941,,0.1555,,0.362,,-0.0605,,0.731,,0.0704,,01/01/2023,12/31/2024,-0.0542,,No,
PEMISCOT COUNTY MEMORIAL HOSPITAL,260070,MO,2026,0.9901,,0.0115,,07/01/2022,06/30/2024,N/A,13,N/A,5,N/A,13,N/A,5,N/A,13,N/A,5,N/A,13,N/A,5,N/A,13,N/A,5,01/01/2023,12/31/2024,0.0115,,No,
MOBERLY REGIONAL MEDICAL CENTER,260074,MO,2026,0.9570,,-0.2200,,07/01/2022,06/30/2024,N/A,13,N/A,5,N/A,13,N/A,5,0.000,,-1.4565,,0.447,,0.2686,,N/A,13,N/A,5,01/01/2023,12/31/2024,-0.4693,,No,
MERCY HOSPITAL SOUTH,260077,MO,2026,0.8138,,-1.2196,,07/01/2022,06/30/2024,0.640,,0.0782,,0.438,,-0.2628,,1.184,,0.5717,,0.259,,-0.4593,,0.794,,0.2021,,01/01/2023,12/31/2024,-0.1816,,No,
OZARKS HEALTHCARE,260078,MO,2026,1.4935,,2.5111,,07/01/2022,06/30/2024,0.000,,-1.4065,,0.000,,-1.3186,,N/A,13,N/A,5,0.337,,-0.1573,,0.000,,-1.4573,,01/01/2023,12/31/2024,-0.3657,,No,
SSM ST CLARE HEALTH CENTER,260081,MO,2026,1.0987,,0.7695,,07/01/2022,06/30/2024,0.810,,0.4725,,0.186,,-0.8703,,1.037,,0.3199,,0.138,,-0.9278,,1.712,,2.1206,,01/01/2023,12/31/2024,0.3141,,No,
ST JOSEPH MEDICAL CENTER,260085,MO,2026,1.0040,,0.1082,,07/01/2022,06/30/2024,0.000,,-1.4065,,0.348,,-0.4798,,0.000,,-1.4565,,0.492,,0.4429,,0.968,,0.5657,,01/01/2023,12/31/2024,-0.3710,,No,
SSM HEALTH ST MARY'S HOSPITAL - ST LOUIS,260091,MO,2026,1.1486,,1.1177,,07/01/2022,06/30/2024,0.424,,-0.4229,,0.237,,-0.7473,,0.796,,-0.0929,,0.393,,0.0596,,0.529,,-0.3517,,01/01/2023,12/31/2024,-0.0729,,No,
COX MEDICAL CENTER BRANSON,260094,MO,2026,0.9771,,-0.0790,,07/01/2022,06/30/2024,0.556,,-0.1167,,0.596,,0.1181,,0.000,,-1.4565,,0.224,,-0.5948,,0.372,,-0.6798,,01/01/2023,12/31/2024,-0.4681,,No,
CENTERPOINT MEDICAL CENTER,260095,MO,2026,0.9761,,-0.0862,,07/01/2022,06/30/2024,0.682,,0.1756,,0.394,,-0.3689,,0.497,,-0.6051,,0.177,,-0.7768,,0.187,,-1.0664,,01/01/2023,12/31/2024,-0.4546,,No,
NORTH KANSAS CITY HOSPITAL,260096,MO,2026,1.2104,,1.5493,,07/01/2022,06/30/2024,0.520,,-0.2002,,1.697,,2.3863,,1.015,,0.2822,,0.314,,-0.2463,,0.598,,-0.2075,,01/01/2023,12/31/2024,0.5940,,Yes,
WESTERN MISSOURI MEDICAL CENTER,260097,MO,2026,0.9688,,-0.1374,,07/01/2022,06/30/2024,N/A,13,N/A,5,0.844,,0.7159,,0.000,,-1.4565,,0.788,,1.5890,,N/A,13,N/A,5,01/01/2023,12/31/2024,0.1778,,No,
UNIVERSITY HEALTH LAKEWOOD MEDICAL CENTER,260102,MO,2026,0.9640,,-0.1709,,07/01/2022,06/30/2024,N/A,13,N/A,5,0.000,,-1.3186,,2.253,,2.1717,,0.219,,-0.6142,,0.000,,-1.4573,,01/01/2023,12/31/2024,-0.2779,,No,
SSM HEALTH DEPAUL HOSPITAL ST LOUIS,260104,MO,2026,0.8194,,-1.1800,,07/01/2022,06/30/2024,0.658,,0.1199,,0.000,,-1.3186,,0.388,,-0.7918,,0.126,,-0.9743,,1.122,,0.8876,,01/01/2023,12/31/2024,-0.5429,,No,
SSM HEALTH SAINT LOUIS UNIVERSITY HOSPITAL,260105,MO,2026,1.1395,,1.0542,,07/01/2022,06/30/2024,0.550,,-0.1306,,0.300,,-0.5955,,0.915,,0.1109,,0.351,,-0.1031,,0.973,,0.5762,,01/01/2023,12/31/2024,0.1520,,No,
MISSOURI BAPTIST MEDICAL CENTER,260108,MO,2026,0.7187,,-1.4834,,07/01/2022,06/30/2024,0.584,,-0.0517,,0.466,,-0.1953,,0.930,,0.1366,,0.410,,0.1254,,0.598,,-0.2075,,01/01/2023,12/31/2024,-0.2793,,No,
MERCY HOSPITAL SOUTHEAST,260110,MO,2026,0.9137,,-0.5221,,07/01/2022,06/30/2024,0.239,,-0.8521,,0.000,,-1.3186,,0.310,,-0.9254,,0.596,,0.8456,,0.900,,0.4236,,01/01/2023,12/31/2024,-0.3915,,No,
MISSOURI DELTA MEDICAL CENTER,260113,MO,2026,0.9808,,-0.0537,,07/01/2022,06/30/2024,N/A,13,N/A,5,0.250,,-0.7160,,0.000,,-1.4565,,1.011,,2.1931,,N/A,13,N/A,5,01/01/2023,12/31/2024,-0.0083,,No,
POPLAR BLUFF REGIONAL MEDICAL CENTER,260119,MO,2026,0.8765,,-0.7819,,07/01/2022,06/30/2024,0.175,,-1.0005,,0.113,,-1.0462,,0.835,,-0.0261,,0.202,,-0.6800,,0.239,,-0.9578,,01/01/2023,12/31/2024,-0.7488,,No,
FREEMAN HEALTH SYSTEM - FREEMAN WEST,260137,MO,2026,1.1456,,1.0966,,07/01/2022,06/30/2024,0.480,,-0.2930,,1.055,,1.2245,,0.857,,0.0116,,0.703,,1.2599,,0.630,,-0.1406,,01/01/2023,12/31/2024,0.5265,,Yes,
ST LUKES HOSPITAL OF KANSAS CITY,260138,MO,2026,1.1254,,0.9559,,07/01/2022,06/30/2024,0.548,,-0.1352,,0.595,,0.1156,,1.102,,0.4313,,0.389,,0.0441,,0.377,,-0.6694,,01/01/2023,12/31/2024,0.1237,,No,
UNIVERSITY OF MISSOURI HEALTH CARE,260141,MO,2026,0.7899,,-1.3863,,07/01/2022,06/30/2024,0.620,,0.0318,,0.573,,0.0626,,1.109,,0.4432,,0.503,,0.4855,,1.022,,0.6786,,01/01/2023,12/31/2024,0.0526,,No,
FITZGIBBON HOSPITAL,260142,MO,2026,0.9736,,-0.1040,,07/01/2022,06/30/2024,N/A,13,N/A,5,N/A,13,N/A,5,N/A,13,N/A,5,0.954,,2.1931,,N/A,13,N/A,5,01/01/2023,12/31/2024,1.0445,,Yes,
MERCY HOSPITAL STODDARD,260160,MO,2026,N/A,13,N/A,5,07/01/2022,06/30/2024,N/A,13,N/A,5,N/A,13,N/A,5,N/A,12,N/A,5,N/A,13,N/A,5,N/A,13,N/A,5,01/01/2023,12/31/2024,N/A,5,No,
BARNES-JEWISH WEST COUNTY HOSPITAL,260162,MO,2026,0.7787,,-1.4646,,07/01/2022,06/30/2024,0.721,,0.2661,,0.270,,-0.6678,,0.673,,-0.3036,,0.147,,-0.8930,,N/A,13,N/A,5,01/01/2023,12/31/2024,-0.6126,,No,
PARKLAND HEALTH CENTER,260163,MO,2026,0.8334,,-1.0823,,07/01/2022,06/30/2024,0.000,,-1.4065,,0.507,,-0.0965,,0.888,,0.0647,,0.750,,1.4419,,3.153,,2.2251,,01/01/2023,12/31/2024,0.1911,,No,
GOLDEN VALLEY MEMORIAL HOSPITAL,260175,MO,2026,0.9719,,-0.1155,,07/01/2022,06/30/2024,N/A,13,N/A,5,N/A,13,N/A,5,0.000,,-1.4565,,0.960,,2.1931,,N/A,13,N/A,5,01/01/2023,12/31/2024,0.2070,,No,
ST LUKE'S DES PERES HOSPITAL,260176,MO,2026,1.0098,,0.1492,,07/01/2022,06/30/2024,N/A,13,N/A,5,N/A,13,N/A,5,0.000,,-1.4565,,0.000,,-1.4622,,0.915,,0.4550,,01/01/2023,12/31/2024,-0.5786,,No,
LIBERTY HOSPITAL,260177,MO,2026,0.8352,,-1.0699,,07/01/2022,06/30/2024,0.155,,-1.0469,,0.635,,0.2121,,0.646,,-0.3499,,0.334,,-0.1689,,0.298,,-0.8345,,01/01/2023,12/31/2024,-0.5430,,No,
ST LUKES HOSPITAL,260179,MO,2026,0.9355,,-0.3698,,07/01/2022,06/30/2024,0.483,,-0.2860,,0.323,,-0.5400,,0.758,,-0.1580,,0.518,,0.5436,,0.530,,-0.3496,,01/01/2023,12/31/2024,-0.1933,,No,
CHRISTIAN HOSPITAL NORTHEAST,260180,MO,2026,0.8105,,-1.2423,,07/01/2022,06/30/2024,1.152,,1.2659,,0.428,,-0.2869,,1.264,,0.7088,,0.327,,-0.1960,,1.583,,1.8510,,01/01/2023,12/31/2024,0.3501,,No,
SAINT FRANCIS MEDICAL CENTER,260183,MO,2026,1.1421,,1.0722,,07/01/2022,06/30/2024,0.595,,-0.0262,,0.736,,0.4555,,0.204,,-1.1070,,0.299,,-0.3044,,0.469,,-0.4771,,01/01/2023,12/31/2024,-0.0645,,No,
LAKE REGIONAL HEALTH SYSTEM,260186,MO,2026,0.8414,,-1.0265,,07/01/2022,06/30/2024,0.000,,-1.4065,,0.533,,-0.0338,,0.972,,0.2086,,0.476,,0.3809,,0.775,,0.1624,,01/01/2023,12/31/2024,-0.2858,,No,
LEE'S SUMMIT MEDICAL CENTER,260190,MO,2026,0.9856,,-0.0197,,07/01/2022,06/30/2024,1.834,,2.2402,,0.469,,-0.1881,,0.398,,-0.7747,,0.328,,-0.1921,,0.353,,-0.7195,,01/01/2023,12/31/2024,0.0577,,No,
BARNES-JEWISH ST PETERS HOSPITAL,260191,MO,2026,0.9995,,0.0771,,07/01/2022,06/30/2024,0.804,,0.4586,,0.591,,0.1060,,0.115,,-1.2595,,0.918,,2.0924,,1.035,,0.7058,,01/01/2023,12/31/2024,0.3634,,No,
ST MARY'S MEDICAL CENTER,260193,MO,2026,0.9033,,-0.5948,,07/01/2022,06/30/2024,0.732,,0.2916,,0.000,,-1.3186,,N/A,13,N/A,5,0.254,,-0.4787,,N/A,13,N/A,5,01/01/2023,12/31/2024,-0.5251,,No,
CITIZENS MEMORIAL HOSPITAL,260195,MO,2026,0.9558,,-0.2280,,07/01/2022,06/30/2024,N/A,13,N/A,5,1.058,,1.2317,,0.420,,-0.7370,,0.660,,1.0934,,N/A,13,N/A,5,01/01/2023,12/31/2024,0.3400,,No,
SSM ST JOSEPH HOSPITAL WEST,260200,MO,2026,0.9796,,-0.0621,,07/01/2022,06/30/2024,1.462,,1.9850,,0.353,,-0.4677,,0.855,,0.0081,,0.090,,-1.1137,,1.625,,1.9388,,01/01/2023,12/31/2024,0.3814,,Yes,
BELTON REGIONAL MEDICAL CENTER,260214,MO,2026,0.8915,,-0.6767,,07/01/2022,06/30/2024,1.076,,1.0896,,1.609,,2.3863,,0.526,,-0.5554,,0.102,,-1.0672,,N/A,13,N/A,5,01/01/2023,12/31/2024,0.2353,,No,
SAINT LUKE'S EAST  HOSPITAL,260216,MO,2026,0.8563,,-0.9223,,07/01/2022,06/30/2024,0.909,,0.7022,,1.105,,1.3450,,0.550,,-0.5143,,0.267,,-0.4283,,0.447,,-0.5231,,01/01/2023,12/31/2024,-0.0568,,No,
PROGRESS WEST HOSPITAL,260219,MO,2026,1.0285,,0.2792,,07/01/2022,06/30/2024,0.000,,-1.4065,,0.531,,-0.0386,,1.119,,0.4604,,0.590,,0.8224,,0.947,,0.5219,,01/01/2023,12/31/2024,0.1064,,No,
ST PETERS HEALTH,270003,MT,2026,1.4570,,2.5111,,07/01/2022,06/30/2024,0.393,,-0.4948,,1.218,,1.6174,,1.880,,1.7640,,0.209,,-0.6529,,0.560,,-0.2869,,01/01/2023,12/31/2024,0.7430,,Yes,
BILLINGS CLINIC,270004,MT,2026,0.8674,,-0.8455,,07/01/2022,06/30/2024,0.324,,-0.6549,,0.373,,-0.4195,,0.466,,-0.6582,,0.231,,-0.5677,,0.413,,-0.5941,,01/01/2023,12/31/2024,-0.6233,,No,
BENEFIS HOSPITALS INC,270012,MT,2026,0.9141,,-0.5189,,07/01/2022,06/30/2024,0.281,,-0.7546,,0.289,,-0.6220,,N/A,13,N/A,5,0.650,,1.0547,,0.846,,0.3108,,01/01/2023,12/31/2024,-0.1060,,No,
ST. PATRICK HOSPITAL,270014,MT,2026,0.6974,,-1.4834,,07/01/2022,06/30/2024,0.442,,-0.3811,,1.237,,1.6632,,0.484,,-0.6274,,0.413,,0.1370,,0.493,,-0.4269,,01/01/2023,12/31/2024,-0.1864,,No,
ST JAMES HOSPITAL,270017,MT,2026,1.1749,,1.3015,,07/01/2022,06/30/2024,N/A,13,N/A,5,0.881,,0.8050,,1.479,,1.0771,,0.875,,1.9259,,0.000,,-1.4573,,01/01/2023,12/31/2024,0.7304,,Yes,
COMMUNITY MEDICAL CENTER,270023,MT,2026,1.5602,,2.5111,,07/01/2022,06/30/2024,0.269,,-0.7825,,0.000,,-1.3186,,0.000,,-1.4565,,0.443,,0.2532,,0.898,,0.4195,,01/01/2023,12/31/2024,-0.0623,,No,
INTERMOUNTAIN HEALTH ST VINCENT REGIONAL HOSPITAL,270049,MT,2026,0.9994,,0.0763,,07/01/2022,06/30/2024,0.454,,-0.3533,,0.411,,-0.3279,,1.268,,0.7156,,0.291,,-0.3354,,0.355,,-0.7153,,01/01/2023,12/31/2024,-0.1567,,No,
LOGAN HEALTH MEDICAL CENTER,270051,MT,2026,1.3528,,2.5111,,07/01/2022,06/30/2024,1.129,,1.2126,,0.560,,0.0313,,1.090,,0.4107,,0.337,,-0.1573,,0.200,,-1.0393,,01/01/2023,12/31/2024,0.4948,,Yes,
BOZEMAN HEALTH DEACONESS HOSPITAL,270057,MT,2026,1.0595,,0.4962,,07/01/2022,06/30/2024,0.718,,0.2591,,0.295,,-0.6075,,0.189,,-1.1327,,0.966,,2.1931,,1.578,,1.8406,,01/01/2023,12/31/2024,0.5081,,Yes,
P H S INDIAN HOSPITAL AT BROWNING - BLACKFEET,270074,MT,2026,N/A,13,N/A,5,07/01/2022,06/30/2024,N/A,13,N/A,5,N/A,13,N/A,5,N/A,12,N/A,5,N/A,13,N/A,5,N/A,13,N/A,5,01/01/2023,12/31/2024,N/A,5,No,
GREAT FALLS CLINIC HOSPITAL,270086,MT,2026,1.0453,,0.3966,,07/01/2022,06/30/2024,N/A,13,N/A,5,0.000,,-1.3186,,0.481,,-0.6325,,0.941,,2.1814,,N/A,13,N/A,5,01/01/2023,12/31/2024,0.1567,,No,
BRYAN MEDICAL CENTER,280003,NE,2026,1.0444,,0.3904,,07/01/2022,06/30/2024,0.453,,-0.3556,,1.221,,1.6246,,0.564,,-0.4903,,0.440,,0.2415,,0.448,,-0.5210,,01/01/2023,12/31/2024,0.1483,,No,
CHI HEALTH GOOD SAMARITAN,280009,NE,2026,0.9810,,-0.0523,,07/01/2022,06/30/2024,0.214,,-0.9100,,0.000,,-1.3186,,0.868,,0.0304,,0.246,,-0.5096,,0.300,,-0.8303,,01/01/2023,12/31/2024,-0.5984,,No,
THE NEBRASKA MEDICAL CENTER,280013,NE,2026,0.5730,,-1.4834,,07/01/2022,06/30/2024,0.552,,-0.1260,,0.708,,0.3880,,0.676,,-0.2985,,0.761,,1.4845,,1.055,,0.7476,,01/01/2023,12/31/2024,0.1187,,No,
CHI HEALTH ST. ELIZABETH,280020,NE,2026,0.7825,,-1.4378,,07/01/2022,06/30/2024,0.955,,0.8089,,0.768,,0.5327,,0.355,,-0.8484,,0.409,,0.1215,,0.714,,0.0349,,01/01/2023,12/31/2024,-0.1314,,No,
CHI HEALTH ST. FRANCIS,280023,NE,2026,0.8652,,-0.8607,,07/01/2022,06/30/2024,0.856,,0.5793,,0.333,,-0.5159,,3.895,,2.1717,,0.314,,-0.2463,,0.911,,0.4466,,01/01/2023,12/31/2024,0.2624,,No,
MARY LANNING HEALTHCARE,280032,NE,2026,1.3077,,2.2283,,07/01/2022,06/30/2024,0.000,,-1.4065,,0.000,,-1.3186,,0.816,,-0.0587,,0.952,,2.1931,,0.590,,-0.2242,,01/01/2023,12/31/2024,0.2356,,No,
THE NEBRASKA METHODIST HOSPITAL,280040,NE,2026,1.0440,,0.3876,,07/01/2022,06/30/2024,0.585,,-0.0494,,1.114,,1.3667,,1.262,,0.7053,,0.656,,1.0779,,0.172,,-1.0978,,01/01/2023,12/31/2024,0.3984,,Yes,
TWELVE CLANS UNITY HOSPITAL,280059,NE,2026,N/A,13,N/A,5,07/01/2022,06/30/2024,N/A,13,N/A,5,N/A,13,N/A,5,N/A,13,N/A,5,N/A,13,N/A,5,N/A,13,N/A,5,01/01/2023,12/31/2024,N/A,5,No,
CHI HEALTH BERGAN MERCY,280060,NE,2026,0.9917,,0.0227,,07/01/2022,06/30/2024,0.491,,-0.2675,,0.035,,-1.2342,,0.401,,-0.7696,,0.229,,-0.5755,,0.551,,-0.3057,,01/01/2023,12/31/2024,-0.5216,,No,
REGIONAL WEST MEDICAL CENTER,280061,NE,2026,0.9676,,-0.1459,,07/01/2022,06/30/2024,0.675,,0.1594,,0.771,,0.5399,,1.221,,0.6351,,0.234,,-0.5561,,1.073,,0.7852,,01/01/2023,12/31/2024,0.2363,,No,
GREAT PLAINS HEALTH,280065,NE,2026,0.8114,,-1.2360,,07/01/2022,06/30/2024,0.677,,0.1640,,1.124,,1.3908,,0.487,,-0.6222,,0.574,,0.7604,,0.000,,-1.4573,,01/01/2023,12/31/2024,-0.1667,,No,
METHODIST FREMONT HEALTH,280077,NE,2026,1.0804,,0.6415,,07/01/2022,06/30/2024,N/A,13,N/A,5,N/A,13,N/A,5,2.489,,2.1717,,0.532,,0.5978,,N/A,13,N/A,5,01/01/2023,12/31/2024,1.1370,,Yes,
CHI HEALTH IMMANUEL,280081,NE,2026,0.8394,,-1.0404,,07/01/2022,06/30/2024,0.479,,-0.2953,,0.000,,-1.3186,,2.059,,2.0706,,0.148,,-0.8891,,0.318,,-0.7927,,01/01/2023,12/31/2024,-0.3776,,No,
CHI HEALTH MIDLANDS,280105,NE,2026,0.9689,,-0.1366,,07/01/2022,06/30/2024,N/A,13,N/A,5,N/A,13,N/A,5,N/A,13,N/A,5,0.000,,-1.4622,,N/A,13,N/A,5,01/01/2023,12/31/2024,-0.7994,,No,
"COLUMBUS COMMUNITY HOSPITAL, INC",280111,NE,2026,0.8875,,-0.7049,,07/01/2022,06/30/2024,N/A,13,N/A,5,N/A,13,N/A,5,0.000,,-1.4565,,0.492,,0.4429,,N/A,13,N/A,5,01/01/2023,12/31/2024,-0.5728,,No,
FAITH REGIONAL HEALTH SERVICES,280125,NE,2026,1.1142,,0.8780,,07/01/2022,06/30/2024,1.456,,1.9711,,1.910,,2.3863,,1.771,,1.5773,,0.377,,-0.0024,,0.000,,-1.4573,,01/01/2023,12/31/2024,0.8922,,Yes,
LINCOLN SURGICAL HOSPITAL,280127,NE,2026,0.9697,,-0.1312,,07/01/2022,06/30/2024,N/A,13,N/A,5,N/A,13,N/A,5,N/A,13,N/A,5,0.000,,-1.4622,,N/A,13,N/A,5,01/01/2023,12/31/2024,-0.7967,,No,
CHI HEALTH NEBRASKA HEART,280128,NE,2026,0.9419,,-0.3252,,07/01/2022,06/30/2024,N/A,13,N/A,5,N/A,13,N/A,5,N/A,13,N/A,5,0.942,,2.1853,,N/A,13,N/A,5,01/01/2023,12/31/2024,0.9301,,Yes,
NEBRASKA ORTHOPAEDIC HOSPITAL,280129,NE,2026,0.9617,,-0.1867,,07/01/2022,06/30/2024,N/A,13,N/A,5,N/A,13,N/A,5,N/A,12,N/A,5,N/A,13,N/A,5,N/A,13,N/A,5,01/01/2023,12/31/2024,-0.1867,,No,
CHI HEALTH LAKESIDE,280130,NE,2026,0.8497,,-0.9689,,07/01/2022,06/30/2024,0.204,,-0.9332,,0.302,,-0.5906,,0.801,,-0.0844,,0.218,,-0.6181,,1.047,,0.7308,,01/01/2023,12/31/2024,-0.4107,,No,
MIDWEST SURGICAL HOSPITAL LLC,280131,NE,2026,0.8825,,-0.7399,,07/01/2022,06/30/2024,N/A,13,N/A,5,N/A,13,N/A,5,N/A,12,N/A,5,N/A,13,N/A,5,N/A,13,N/A,5,01/01/2023,12/31/2024,-0.7399,,No,
BELLEVUE MEDICAL CENTER,280132,NE,2026,0.8767,,-0.7799,,07/01/2022,06/30/2024,0.000,,-1.4065,,0.795,,0.5977,,0.000,,-1.4565,,0.613,,0.9114,,0.000,,-1.4573,,01/01/2023,12/31/2024,-0.5985,,No,
"NEBRASKA SPINE HOSPITAL, LLC",280133,NE,2026,1.1321,23,1.0027,23,07/01/2022,06/30/2024,N/A,13,N/A,5,N/A,13,N/A,5,N/A,12,N/A,5,N/A,13,N/A,5,N/A,13,N/A,5,01/01/2023,12/31/2024,1.0027,23,Yes,
KEARNEY REGIONAL MEDICAL CENTER,280134,NE,2026,0.9162,,-0.5045,,07/01/2022,06/30/2024,0.957,,0.8136,,1.767,,2.3863,,1.159,,0.5289,,0.147,,-0.8930,,0.606,,-0.1908,,01/01/2023,12/31/2024,0.3568,,No,
GRAND ISLAND REGIONAL MEDICAL CENTER,280139,NE,2026,0.8444,,-1.0057,,07/01/2022,06/30/2024,N/A,13,N/A,5,N/A,13,N/A,5,1.941,,1.8685,,0.641,,1.0198,,N/A,13,N/A,5,01/01/2023,12/31/2024,0.6275,,Yes,
RENOWN REGIONAL MEDICAL CENTER,290001,NV,2026,1.0461,,0.4025,,07/01/2022,06/30/2024,0.637,,0.0712,,0.357,,-0.4581,,0.523,,-0.5606,,0.504,,0.4894,,0.318,,-0.7927,,01/01/2023,12/31/2024,-0.1414,,No,
SUNRISE HOSPITAL AND MEDICAL CENTER,290003,NV,2026,1.0468,,0.4075,,07/01/2022,06/30/2024,0.674,,0.1571,,0.276,,-0.6533,,0.653,,-0.3379,,0.028,,-1.3537,,1.002,,0.6368,,01/01/2023,12/31/2024,-0.1906,,No,
NORTH VISTA HOSPITAL,290005,NV,2026,0.8561,,-0.9238,,07/01/2022,06/30/2024,0.168,,-1.0168,,0.000,,-1.3186,,0.000,,-1.4565,,0.282,,-0.3702,,0.000,,-1.4573,,01/01/2023,12/31/2024,-1.0905,,No,
UNIVERSITY MEDICAL CENTER,290007,NV,2026,1.0436,,0.3852,,07/01/2022,06/30/2024,0.928,,0.7463,,0.857,,0.7472,,1.276,,0.7293,,0.636,,1.0005,,0.863,,0.3463,,01/01/2023,12/31/2024,0.6591,,Yes,
NORTHEASTERN NEVADA REGIONAL HOSPITAL,290008,NV,2026,0.9557,,-0.2286,,07/01/2022,06/30/2024,N/A,13,N/A,5,N/A,13,N/A,5,N/A,13,N/A,5,1.624,,2.1931,,N/A,13,N/A,5,01/01/2023,12/31/2024,0.9822,,Yes,
SAINT MARY'S REGIONAL MEDICAL CENTER,290009,NV,2026,0.8121,,-1.2310,,07/01/2022,06/30/2024,0.896,,0.6720,,0.239,,-0.7425,,0.971,,0.2069,,0.311,,-0.2580,,0.323,,-0.7822,,01/01/2023,12/31/2024,-0.3558,,No,
SAINT ROSE DOMINICAN HOSPITALS - ROSE DE LIMA,290012,NV,2026,N/A,13,N/A,5,07/01/2022,06/30/2024,N/A,13,N/A,5,N/A,13,N/A,5,N/A,13,N/A,5,N/A,13,N/A,5,N/A,13,N/A,5,01/01/2023,12/31/2024,N/A,5,No,
CARSON TAHOE REGIONAL MEDICAL CENTER,290019,NV,2026,1.0607,,0.5041,,07/01/2022,06/30/2024,1.009,,0.9342,,1.537,,2.3863,,1.249,,0.6831,,0.505,,0.4932,,1.409,,1.4874,,01/01/2023,12/31/2024,1.0814,,Yes,
VALLEY HOSPITAL MEDICAL CENTER,290021,NV,2026,0.8874,,-0.7052,,07/01/2022,06/30/2024,0.049,,-1.2928,,0.196,,-0.8462,,0.737,,-0.1940,,0.053,,-1.2569,,0.756,,0.1227,,01/01/2023,12/31/2024,-0.6954,,No,
NORTHERN NEVADA MEDICAL CENTER,290032,NV,2026,0.9668,,-0.1515,,07/01/2022,06/30/2024,0.000,,-1.4065,,0.334,,-0.5135,,0.394,,-0.7816,,0.532,,0.5978,,0.656,,-0.0863,,01/01/2023,12/31/2024,-0.3903,,No,
MOUNTAINVIEW HOSPITAL,290039,NV,2026,1.1383,,1.0462,,07/01/2022,06/30/2024,0.581,,-0.0587,,0.185,,-0.8727,,0.496,,-0.6068,,0.106,,-1.0517,,0.524,,-0.3622,,01/01/2023,12/31/2024,-0.3177,,No,
SUMMERLIN HOSPITAL MEDICAL CENTER,290041,NV,2026,0.9910,,0.0179,,07/01/2022,06/30/2024,0.563,,-0.1004,,0.431,,-0.2797,,0.946,,0.1640,,0.256,,-0.4709,,0.148,,-1.1480,,01/01/2023,12/31/2024,-0.3028,,No,
HARMON HOSPITAL,290042,NV,2026,N/A,13,N/A,5,07/01/2022,06/30/2024,0.422,,-0.4275,,3.828,,2.3863,,N/A,12,N/A,5,2.613,,2.1931,,1.115,,0.8730,,01/01/2023,12/31/2024,1.2562,,Yes,
SAINT ROSE DOMINICAN HOSPITALS - SIENA CAMPUS,290045,NV,2026,1.0188,,0.2120,,07/01/2022,06/30/2024,0.741,,0.3125,,0.431,,-0.2797,,1.460,,1.0445,,0.372,,-0.0218,,0.353,,-0.7195,,01/01/2023,12/31/2024,0.0913,,No,
SPRING VALLEY HOSPITAL MEDICAL CENTER,290046,NV,2026,1.0306,,0.2942,,07/01/2022,06/30/2024,0.571,,-0.0819,,0.193,,-0.8534,,0.454,,-0.6788,,0.086,,-1.1292,,0.848,,0.3150,,01/01/2023,12/31/2024,-0.3557,,No,
SOUTHERN HILLS HOSPITAL AND MEDICAL CENTER,290047,NV,2026,0.9117,,-0.5362,,07/01/2022,06/30/2024,0.421,,-0.4298,,0.540,,-0.0169,,0.953,,0.1760,,0.090,,-1.1137,,1.271,,1.1990,,01/01/2023,12/31/2024,-0.1203,,No,
RENOWN SOUTH MEADOWS MEDICAL CENTER,290049,NV,2026,0.9505,,-0.2652,,07/01/2022,06/30/2024,0.463,,-0.3324,,1.719,,2.3863,,N/A,13,N/A,5,0.618,,0.9308,,0.000,,-1.4573,,01/01/2023,12/31/2024,0.2524,,No,
SAINT ROSE DOMINICAN HOSPITALS - SAN MARTIN CAMPUS,290053,NV,2026,1.2248,,1.6499,,07/01/2022,06/30/2024,0.307,,-0.6943,,0.206,,-0.8220,,1.123,,0.4672,,0.269,,-0.4206,,0.634,,-0.1323,,01/01/2023,12/31/2024,0.0080,,No,
CENTENNIAL HILLS HOSPITAL MEDICAL CENTER,290054,NV,2026,0.8866,,-0.7110,,07/01/2022,06/30/2024,0.958,,0.8159,,0.315,,-0.5593,,0.335,,-0.8826,,0.164,,-0.8271,,0.585,,-0.2347,,01/01/2023,12/31/2024,-0.3998,,No,
HENDERSON HOSPITAL,290057,NV,2026,0.8769,,-0.7785,,07/01/2022,06/30/2024,0.431,,-0.4067,,0.046,,-1.2077,,0.393,,-0.7833,,0.045,,-1.2879,,0.551,,-0.3057,,01/01/2023,12/31/2024,-0.7950,,No,
SAINT ROSE DOMINICAN HOSPITALS - NORTH LAS VEGAS,290058,NV,2026,N/A,13,N/A,5,07/01/2022,06/30/2024,N/A,13,N/A,5,N/A,13,N/A,5,N/A,12,N/A,5,N/A,13,N/A,5,N/A,13,N/A,5,01/01/2023,12/31/2024,N/A,5,No,
WEST HENDERSON HOSPITAL,290062,NV,2026,N/A,5,N/A,5,07/01/2022,06/30/2024,N/A,5,N/A,5,N/A,5,N/A,5,N/A,5,N/A,5,N/A,5,N/A,5,N/A,5,N/A,5,01/01/2023,12/31/2024,N/A,5,No,
CONCORD HOSPITAL,300001,NH,2026,0.9613,,-0.1898,,07/01/2022,06/30/2024,0.379,,-0.5273,,0.570,,0.0554,,0.416,,-0.7439,,0.843,,1.8020,,0.599,,-0.2054,,01/01/2023,12/31/2024,0.0318,,No,
MARY HITCHCOCK MEMORIAL HOSPITAL,300003,NH,2026,1.1872,,1.3874,,07/01/2022,06/30/2024,0.864,,0.5978,,0.726,,0.4314,,0.744,,-0.1820,,0.660,,1.0934,,0.307,,-0.8157,,01/01/2023,12/31/2024,0.4187,,Yes,
CONCORD HOSPITAL- LACONIA,300005,NH,2026,0.9448,,-0.3049,,07/01/2022,06/30/2024,0.712,,0.2452,,2.119,,2.3863,,0.000,,-1.4565,,0.907,,2.0498,,1.376,,1.4184,,01/01/2023,12/31/2024,0.7231,,Yes,
ST JOSEPH HOSPITAL,300011,NH,2026,0.9244,,-0.4472,,07/01/2022,06/30/2024,0.169,,-1.0144,,0.148,,-0.9619,,0.317,,-0.9135,,0.170,,-0.8039,,0.928,,0.4822,,01/01/2023,12/31/2024,-0.6098,,No,
ELLIOT HOSPITAL,300012,NH,2026,1.3089,,2.2372,,07/01/2022,06/30/2024,0.450,,-0.3626,,1.020,,1.1401,,1.868,,1.7434,,0.368,,-0.0372,,0.288,,-0.8554,,01/01/2023,12/31/2024,0.6443,,Yes,
FRISBIE MEMORIAL HOSPITAL,300014,NH,2026,0.9821,,-0.0445,,07/01/2022,06/30/2024,N/A,13,N/A,5,N/A,13,N/A,5,N/A,13,N/A,5,0.339,,-0.1495,,N/A,13,N/A,5,01/01/2023,12/31/2024,-0.0970,,No,
PARKLAND MEDICAL CENTER,300017,NH,2026,0.8728,,-0.8074,,07/01/2022,06/30/2024,0.000,,-1.4065,,1.208,,1.5933,,1.520,,1.1473,,0.000,,-1.4622,,N/A,13,N/A,5,01/01/2023,12/31/2024,-0.1871,,No,
WENTWORTH-DOUGLASS HOSPITAL,300018,NH,2026,0.7588,,-1.4834,,07/01/2022,06/30/2024,0.306,,-0.6966,,1.115,,1.3691,,0.131,,-1.2321,,0.317,,-0.2347,,0.795,,0.2042,,01/01/2023,12/31/2024,-0.3456,,No,
CHESHIRE MEDICAL CENTER,300019,NH,2026,1.0156,,0.1892,,07/01/2022,06/30/2024,0.000,,-1.4065,,0.780,,0.5616,,0.584,,-0.4561,,0.329,,-0.1883,,0.471,,-0.4729,,01/01/2023,12/31/2024,-0.2955,,No,
SOUTHERN NH MEDICAL CENTER,300020,NH,2026,1.0180,,0.2059,,07/01/2022,06/30/2024,0.988,,0.8855,,1.084,,1.2944,,0.947,,0.1657,,0.249,,-0.4980,,0.851,,0.3212,,01/01/2023,12/31/2024,0.3958,,Yes,
EXETER HOSPITAL INC,300023,NH,2026,0.9990,,0.0734,,07/01/2022,06/30/2024,0.000,,-1.4065,,1.870,,2.3863,,0.278,,-0.9803,,0.384,,0.0247,,0.000,,-1.4573,,01/01/2023,12/31/2024,-0.2266,,No,
PORTSMOUTH REGIONAL HOSPITAL,300029,NH,2026,0.9386,,-0.3480,,07/01/2022,06/30/2024,0.341,,-0.6154,,0.567,,0.0481,,0.250,,-1.0282,,0.175,,-0.7845,,0.000,,-1.4573,,01/01/2023,12/31/2024,-0.6976,,No,
CATHOLIC MEDICAL CENTER,300034,NH,2026,1.4038,,2.5111,,07/01/2022,06/30/2024,0.562,,-0.1028,,0.857,,0.7472,,0.000,,-1.4565,,1.090,,2.1931,,1.133,,0.9106,,01/01/2023,12/31/2024,0.8005,,Yes,
HACKENSACK UNIVERSITY MEDICAL CENTER,310001,NJ,2026,0.7300,,-1.4834,,07/01/2022,06/30/2024,0.500,,-0.2466,,0.422,,-0.3014,,0.950,,0.1709,,0.454,,0.2958,,0.653,,-0.0926,,01/01/2023,12/31/2024,-0.2762,,No,
NEWARK BETH ISRAEL MEDICAL CENTER,310002,NJ,2026,0.9606,,-0.1947,,07/01/2022,06/30/2024,0.422,,-0.4275,,0.378,,-0.4074,,1.124,,0.4689,,0.153,,-0.8697,,0.694,,-0.0069,,01/01/2023,12/31/2024,-0.2395,,No,
PALISADES MEDICAL CENTER,310003,NJ,2026,0.8417,,-1.0246,,07/01/2022,06/30/2024,0.436,,-0.3951,,0.729,,0.4386,,2.569,,2.1717,,0.043,,-1.2957,,1.707,,2.1102,,01/01/2023,12/31/2024,0.3342,,No,
HUNTERDON MEDICAL CENTER,310005,NJ,2026,0.9436,,-0.3131,,07/01/2022,06/30/2024,0.790,,0.4262,,0.769,,0.5351,,0.181,,-1.1464,,0.707,,1.2754,,0.313,,-0.8031,,01/01/2023,12/31/2024,-0.0043,,No,
ST MARY'S GENERAL HOSPITAL,310006,NJ,2026,0.8393,,-1.0410,,07/01/2022,06/30/2024,0.896,,0.6720,,0.250,,-0.7160,,0.364,,-0.8329,,0.149,,-0.8852,,0.430,,-0.5586,,01/01/2023,12/31/2024,-0.5603,,No,
HOLY NAME MEDICAL CENTER,310008,NJ,2026,0.7152,,-1.4834,,07/01/2022,06/30/2024,0.098,,-1.1791,,0.000,,-1.3186,,0.396,,-0.7781,,0.000,,-1.4622,,0.446,,-0.5252,,01/01/2023,12/31/2024,-1.1244,,No,
CLARA MAASS MEDICAL CENTER,310009,NJ,2026,0.9490,,-0.2754,,07/01/2022,06/30/2024,0.528,,-0.1816,,0.163,,-0.9257,,0.295,,-0.9511,,0.097,,-1.0866,,0.550,,-0.3078,,01/01/2023,12/31/2024,-0.6214,,No,
UNIVERSITY MEDICAL CENTER OF PRINCETON AT PLAINSBORO,310010,NJ,2026,0.8576,,-0.9136,,07/01/2022,06/30/2024,0.000,,-1.4065,,0.373,,-0.4195,,0.609,,-0.4133,,0.496,,0.4584,,0.922,,0.4696,,01/01/2023,12/31/2024,-0.3708,,No,
CAPE REGIONAL MEDICAL CENTER INC,310011,NJ,2026,1.4735,,2.5111,,07/01/2022,06/30/2024,1.087,,1.1151,,0.290,,-0.6196,,0.000,,-1.4565,,0.709,,1.2831,,0.634,,-0.1323,,01/01/2023,12/31/2024,0.4502,,Yes,
VALLEY HOSPITAL,310012,NJ,2026,1.2102,,1.5477,,07/01/2022,06/30/2024,1.350,,1.7252,,0.347,,-0.4822,,0.331,,-0.8895,,0.314,,-0.2463,,1.962,,2.2251,,01/01/2023,12/31/2024,0.6467,,Yes,
COOPER UNIVERSITY HOSPITAL,310014,NJ,2026,1.4097,,2.5111,,07/01/2022,06/30/2024,0.732,,0.2916,,1.115,,1.3691,,1.373,,0.8955,,0.741,,1.4070,,1.175,,0.9984,,01/01/2023,12/31/2024,1.2454,,Yes,
MORRISTOWN MEDICAL CENTER,310015,NJ,2026,0.6917,,-1.4834,,07/01/2022,06/30/2024,0.502,,-0.2419,,0.412,,-0.3255,,0.926,,0.1298,,0.336,,-0.1611,,0.378,,-0.6673,,01/01/2023,12/31/2024,-0.4582,,No,
CAREPOINT HEALTH-CHRIST HOSPITAL,310016,NJ,2026,1.2271,,1.6656,,07/01/2022,06/30/2024,2.083,,2.2402,,0.456,,-0.2194,,0.000,,-1.4565,,0.598,,0.8533,,0.000,,-1.4573,,01/01/2023,12/31/2024,0.2710,,No,
CHILTON MEDICAL CENTER,310017,NJ,2026,0.9863,,-0.0149,,07/01/2022,06/30/2024,0.804,,0.4586,,0.889,,0.8243,,0.347,,-0.8621,,0.300,,-0.3005,,0.489,,-0.4353,,01/01/2023,12/31/2024,-0.0550,,No,
ST JOSEPH'S UNIVERSITY MEDICAL CENTER INC,310019,NJ,2026,0.7368,,-1.4834,,07/01/2022,06/30/2024,0.377,,-0.5319,,0.363,,-0.4436,,0.535,,-0.5400,,0.424,,0.1796,,0.738,,0.0851,,01/01/2023,12/31/2024,-0.4557,,No,
WEST JERSEY HOSPITAL,310022,NJ,2026,1.0511,,0.4371,,07/01/2022,06/30/2024,0.251,,-0.8242,,0.355,,-0.4629,,0.956,,0.1812,,0.243,,-0.5213,,0.168,,-1.1062,,01/01/2023,12/31/2024,-0.3827,,No,
ROBERT WOOD JOHNSON UNIVERSITY HOSPITAL AT RAHWAY,310024,NJ,2026,1.0692,,0.5636,,07/01/2022,06/30/2024,1.110,,1.1685,,0.251,,-0.7136,,N/A,13,N/A,5,0.044,,-1.2918,,0.000,,-1.4573,,01/01/2023,12/31/2024,-0.3461,,No,
CAREPOINT HEALTH - BAYONNE MEDICAL CENTER,310025,NJ,2026,1.2987,,2.1655,,07/01/2022,06/30/2024,0.000,,-1.4065,,0.000,,-1.3186,,0.000,,-1.4565,,0.242,,-0.5251,,0.534,,-0.3413,,01/01/2023,12/31/2024,-0.4804,,No,
TRINITAS REGIONAL MEDICAL CENTER,310027,NJ,2026,0.9097,,-0.5501,,07/01/2022,06/30/2024,0.000,,-1.4065,,0.221,,-0.7859,,0.000,,-1.4565,,0.234,,-0.5561,,0.765,,0.1415,,01/01/2023,12/31/2024,-0.7689,,No,
NEWTON MEDICAL CENTER,310028,NJ,2026,0.9629,,-0.1784,,07/01/2022,06/30/2024,0.313,,-0.6804,,0.615,,0.1639,,0.265,,-1.0025,,0.322,,-0.2154,,0.563,,-0.2807,,01/01/2023,12/31/2024,-0.3656,,No,
VIRTUA OUR LADY OF LOURDES HOSPITAL,310029,NJ,2026,0.8542,,-0.9373,,07/01/2022,06/30/2024,0.614,,0.0179,,0.816,,0.6484,,0.759,,-0.1563,,0.270,,-0.4167,,0.638,,-0.1239,,01/01/2023,12/31/2024,-0.1613,,No,
DEBORAH HEART AND LUNG CENTER,310031,NJ,2026,1.6271,,2.5111,,07/01/2022,06/30/2024,0.535,,-0.1654,,0.000,,-1.3186,,N/A,13,N/A,5,0.307,,-0.2734,,0.000,,-1.4573,,01/01/2023,12/31/2024,-0.1407,,No,
INSPIRA MEDICAL CENTER VINELAND,310032,NJ,2026,1.0474,,0.4118,,07/01/2022,06/30/2024,0.382,,-0.5203,,0.202,,-0.8317,,0.485,,-0.6257,,0.292,,-0.3315,,0.799,,0.2126,,01/01/2023,12/31/2024,-0.2808,,No,
RIVERVIEW MEDICAL CENTER,310034,NJ,2026,1.0803,,0.6412,,07/01/2022,06/30/2024,0.535,,-0.1654,,0.278,,-0.6485,,0.388,,-0.7918,,0.239,,-0.5367,,1.024,,0.6828,,01/01/2023,12/31/2024,-0.1364,,No,
ROBERT WOOD JOHNSON UNIVERSITY HOSPITAL,310038,NJ,2026,1.1461,,1.1003,,07/01/2022,06/30/2024,0.450,,-0.3626,,0.585,,0.0915,,1.263,,0.7070,,0.315,,-0.2425,,0.719,,0.0454,,01/01/2023,12/31/2024,0.2232,,No,
RARITAN BAY MEDICAL CENTER,310039,NJ,2026,0.8455,,-0.9977,,07/01/2022,06/30/2024,0.309,,-0.6897,,0.374,,-0.4171,,0.729,,-0.2077,,0.276,,-0.3935,,1.057,,0.7517,,01/01/2023,12/31/2024,-0.3256,,No,
CAREPOINT HEALTH-HOBOKEN UNIVERSITY MEDICAL CENTER,310040,NJ,2026,1.4368,,2.5111,,07/01/2022,06/30/2024,0.500,,-0.2466,,0.613,,0.1590,,0.000,,-1.4565,,0.295,,-0.3199,,0.647,,-0.1051,,01/01/2023,12/31/2024,0.0903,,No,
COMMUNITY MEDICAL CENTER,310041,NJ,2026,0.7416,,-1.4834,,07/01/2022,06/30/2024,0.704,,0.2266,,0.041,,-1.2198,,0.636,,-0.3670,,0.227,,-0.5832,,0.657,,-0.0842,,01/01/2023,12/31/2024,-0.5852,,No,
CAPITAL HEALTH MEDICAL CENTER - HOPEWELL,310044,NJ,2026,1.1167,,0.8951,,07/01/2022,06/30/2024,0.301,,-0.7082,,0.430,,-0.2821,,0.618,,-0.3978,,0.361,,-0.0643,,1.054,,0.7455,,01/01/2023,12/31/2024,0.0313,,No,
ENGLEWOOD HOSPITAL AND MEDICAL CENTER,310045,NJ,2026,0.6832,,-1.4834,,07/01/2022,06/30/2024,0.751,,0.3357,,0.791,,0.5881,,1.242,,0.6711,,0.466,,0.3422,,0.694,,-0.0069,,01/01/2023,12/31/2024,0.0745,,No,
SHORE MEDICAL CENTER,310047,NJ,2026,1.0243,,0.2503,,07/01/2022,06/30/2024,0.373,,-0.5412,,0.384,,-0.3930,,0.791,,-0.1015,,0.496,,0.4584,,0.620,,-0.1615,,01/01/2023,12/31/2024,-0.0814,,No,
ROBERT WOOD JOHNSON UNIVERSITY HOSPITAL - SOMERSET,310048,NJ,2026,0.9111,,-0.5400,,07/01/2022,06/30/2024,0.571,,-0.0819,,0.216,,-0.7979,,1.330,,0.8218,,0.267,,-0.4283,,0.930,,0.4863,,01/01/2023,12/31/2024,-0.0900,,No,
SAINT CLARE'S HOSPITAL/ DENVILLE CAMPUS,310050,NJ,2026,0.9007,,-0.6129,,07/01/2022,06/30/2024,0.395,,-0.4902,,2.085,,2.3863,,1.088,,0.4073,,0.340,,-0.1457,,1.536,,1.7528,,01/01/2023,12/31/2024,0.5496,,Yes,
OVERLOOK MEDICAL CENTER,310051,NJ,2026,0.7353,,-1.4834,,07/01/2022,06/30/2024,0.570,,-0.0842,,0.664,,0.2820,,0.644,,-0.3533,,0.388,,0.0402,,0.186,,-1.0685,,01/01/2023,12/31/2024,-0.4445,,No,
OCEAN MEDICAL CENTER,310052,NJ,2026,1.0334,,0.3139,,07/01/2022,06/30/2024,0.332,,-0.6363,,0.464,,-0.2001,,0.308,,-0.9289,,0.713,,1.2986,,0.817,,0.2502,,01/01/2023,12/31/2024,0.0162,,No,
HACKENSACK MERIDIAN MOUNTAINSIDE MEDICAL,310054,NJ,2026,0.9464,,-0.2934,,07/01/2022,06/30/2024,0.474,,-0.3069,,0.832,,0.6869,,1.049,,0.3405,,0.143,,-0.9085,,1.106,,0.8542,,01/01/2023,12/31/2024,0.0621,,No,
VIRTUA MOUNT HOLLY HOSPITAL,310057,NJ,2026,0.9965,,0.0559,,07/01/2022,06/30/2024,0.346,,-0.6038,,0.418,,-0.3110,,0.962,,0.1914,,0.224,,-0.5948,,0.668,,-0.0612,,01/01/2023,12/31/2024,-0.2206,,No,
BERGEN NEW BRIDGE MEDICAL CENTER,310058,NJ,2026,1.1101,23,0.8492,23,07/01/2022,06/30/2024,0.812,,0.4772,,0.553,,0.0144,,N/A,13,N/A,5,0.090,,-1.1137,,0.000,,-1.4573,,01/01/2023,12/31/2024,-0.2460,23,No,
ST LUKE'S WARREN HOSPITAL,310060,NJ,2026,0.9264,,-0.4333,,07/01/2022,06/30/2024,0.352,,-0.5899,,0.218,,-0.7931,,1.971,,1.9199,,0.169,,-0.8078,,0.484,,-0.4458,,01/01/2023,12/31/2024,-0.1917,,No,
VIRTUA WILLINGBORO HOSPITAL,310061,NJ,2026,0.9125,,-0.5306,,07/01/2022,06/30/2024,2.301,,2.2402,,0.370,,-0.4267,,N/A,13,N/A,5,0.343,,-0.1340,,1.029,,0.6932,,01/01/2023,12/31/2024,0.3684,,No,
ATLANTICARE REGIONAL MEDICAL CENTER - CITY CAMPUS,310064,NJ,2026,0.9842,,-0.0298,,07/01/2022,06/30/2024,0.472,,-0.3115,,0.315,,-0.5593,,0.890,,0.0681,,0.429,,0.1990,,0.738,,0.0851,,01/01/2023,12/31/2024,-0.0914,,No,
INSPIRA MEDICAL CENTER MULLICA HILL,310069,NJ,2026,1.0336,,0.3152,,07/01/2022,06/30/2024,0.335,,-0.6294,,0.327,,-0.5304,,1.083,,0.3987,,0.424,,0.1796,,0.261,,-0.9118,,01/01/2023,12/31/2024,-0.1963,,No,
SAINT PETER'S UNIVERSITY HOSPITAL,310070,NJ,2026,0.9967,,0.0574,,07/01/2022,06/30/2024,0.393,,-0.4948,,0.273,,-0.6605,,0.562,,-0.4938,,0.121,,-0.9936,,0.393,,-0.6359,,01/01/2023,12/31/2024,-0.5369,,No,
JERSEY SHORE UNIVERSITY MEDICAL CENTER,310073,NJ,2026,1.0529,,0.4498,,07/01/2022,06/30/2024,0.314,,-0.6781,,0.882,,0.8075,,0.492,,-0.6137,,0.326,,-0.1999,,0.982,,0.5950,,01/01/2023,12/31/2024,0.0601,,No,
JERSEY CITY MEDICAL CENTER,310074,NJ,2026,0.8730,,-0.8058,,07/01/2022,06/30/2024,0.593,,-0.0308,,0.226,,-0.7738,,2.184,,2.1717,,0.371,,-0.0256,,0.626,,-0.1490,,01/01/2023,12/31/2024,0.0644,,No,
MONMOUTH MEDICAL CENTER,310075,NJ,2026,0.9343,,-0.3783,,07/01/2022,06/30/2024,0.112,,-1.1467,,0.369,,-0.4291,,0.491,,-0.6154,,0.107,,-1.0478,,0.332,,-0.7634,,01/01/2023,12/31/2024,-0.7301,,No,
COOPERMAN BARNABAS MEDICAL CENTER,310076,NJ,2026,0.8990,,-0.6247,,07/01/2022,06/30/2024,0.311,,-0.6850,,0.355,,-0.4629,,1.023,,0.2959,,0.323,,-0.2115,,0.515,,-0.3810,,01/01/2023,12/31/2024,-0.3448,,No,
CAREWELL HEALTH MEDICAL CENTER,310083,NJ,2026,1.1397,,1.0559,,07/01/2022,06/30/2024,1.218,,1.4190,,0.619,,0.1735,,N/A,13,N/A,5,0.042,,-1.2995,,1.965,,2.2251,,01/01/2023,12/31/2024,0.7148,,Yes,
MONMOUTH MEDICAL CENTER-SOUTHERN CAMPUS,310084,NJ,2026,1.0016,,0.0914,,07/01/2022,06/30/2024,0.198,,-0.9472,,0.705,,0.3808,,0.000,,-1.4565,,0.252,,-0.4864,,0.262,,-0.9097,,01/01/2023,12/31/2024,-0.5546,,No,
JEFFERSON STRATFORD HOSPITAL,310086,NJ,2026,0.8766,,-0.7810,,07/01/2022,06/30/2024,0.997,,0.9063,,0.577,,0.0723,,1.293,,0.7584,,0.698,,1.2405,,0.480,,-0.4541,,01/01/2023,12/31/2024,0.2904,,No,
CAPITAL HEALTH REGIONAL MEDICAL CENTER,310092,NJ,2026,1.2162,,1.5898,,07/01/2022,06/30/2024,0.450,,-0.3626,,0.405,,-0.3424,,0.793,,-0.0981,,0.436,,0.2261,,1.018,,0.6702,,01/01/2023,12/31/2024,0.2805,,No,
SAINT MICHAEL'S MEDICAL CENTER,310096,NJ,2026,1.0186,,0.2106,,07/01/2022,06/30/2024,0.162,,-1.0307,,0.801,,0.6122,,0.437,,-0.7079,,0.046,,-1.2840,,0.452,,-0.5126,,01/01/2023,12/31/2024,-0.4521,,No,
JFK UNIVERSITY MEDICAL CENTER,310108,NJ,2026,1.1494,,1.1233,,07/01/2022,06/30/2024,0.497,,-0.2535,,0.733,,0.4483,,0.808,,-0.0724,,0.226,,-0.5871,,0.670,,-0.0570,,01/01/2023,12/31/2024,0.1003,,No,
ROBERT WOOD JOHNSON UNIVERSITY HOSPITAL AT HAMILTON,310110,NJ,2026,0.7845,,-1.4238,,07/01/2022,06/30/2024,0.300,,-0.7105,,0.911,,0.8774,,0.000,,-1.4565,,0.455,,0.2996,,0.276,,-0.8804,,01/01/2023,12/31/2024,-0.5491,,No,
CENTRASTATE MEDICAL CENTER,310111,NJ,2026,1.2180,,1.6026,,07/01/2022,06/30/2024,0.184,,-0.9796,,0.573,,0.0626,,0.724,,-0.2163,,0.099,,-1.0788,,0.538,,-0.3329,,01/01/2023,12/31/2024,-0.1571,,No,
BAYSHORE MEDICAL CENTER,310112,NJ,2026,0.8792,,-0.7628,,07/01/2022,06/30/2024,0.000,,-1.4065,,0.308,,-0.5762,,1.459,,1.0428,,0.115,,-1.0169,,0.202,,-1.0351,,01/01/2023,12/31/2024,-0.6258,,No,
SOUTHERN OCEAN MEDICAL CENTER,310113,NJ,2026,0.9213,,-0.4689,,07/01/2022,06/30/2024,0.756,,0.3473,,0.630,,0.2000,,0.902,,0.0887,,0.093,,-1.1021,,0.545,,-0.3183,,01/01/2023,12/31/2024,-0.2089,,No,
AHS HOSPITAL CORP,310115,NJ,2026,0.9879,,-0.0037,,07/01/2022,06/30/2024,1.092,,1.1267,,0.432,,-0.2773,,0.543,,-0.5263,,0.368,,-0.0372,,1.466,,1.6065,,01/01/2023,12/31/2024,0.3148,,No,
HUDSON REGIONAL HOSPITAL,310118,NJ,2026,1.1570,,1.1763,,07/01/2022,06/30/2024,N/A,13,N/A,5,1.270,,1.7427,,0.000,,-1.4565,,0.290,,-0.3393,,N/A,13,N/A,5,01/01/2023,12/31/2024,0.2808,,No,
THE UNIVERSITY HOSPITAL,310119,NJ,2026,0.9505,,-0.2654,,07/01/2022,06/30/2024,1.332,,1.6835,,0.899,,0.8484,,0.458,,-0.6719,,0.411,,0.1293,,0.540,,-0.3287,,01/01/2023,12/31/2024,0.2325,,No,
HACKENSACK MERIDIAN HEALTH PASCACK VALLEY MEDICAL,310130,NJ,2026,0.9598,,-0.1999,,07/01/2022,06/30/2024,0.000,,-1.4065,,0.000,,-1.3186,,0.000,,-1.4565,,0.095,,-1.0943,,N/A,13,N/A,5,01/01/2023,12/31/2024,-1.0951,,No,
UNM HOSPITAL,320001,NM,2026,1.5121,,2.5111,,07/01/2022,06/30/2024,0.532,,-0.1724,,0.610,,0.1518,,0.911,,0.1041,,0.904,,2.0382,,1.368,,1.4017,,01/01/2023,12/31/2024,1.0058,,Yes,
CHRISTUS ST VINCENT REGIONAL MEDICAL CENTER,320002,NM,2026,1.3683,,2.5111,,07/01/2022,06/30/2024,0.196,,-0.9518,,0.744,,0.4748,,1.153,,0.5186,,0.585,,0.8030,,0.446,,-0.5252,,01/01/2023,12/31/2024,0.4718,,Yes,
CHRISTUS SOUTHERN NEW MEXICO,320004,NM,2026,0.9291,,-0.4146,,07/01/2022,06/30/2024,0.663,,0.1315,,0.225,,-0.7762,,0.000,,-1.4565,,0.298,,-0.3083,,0.000,,-1.4573,,01/01/2023,12/31/2024,-0.7135,,No,
SAN JUAN REGIONAL MEDICAL CENTER INC,320005,NM,2026,0.8589,,-0.9042,,07/01/2022,06/30/2024,0.956,,0.8112,,0.712,,0.3977,,1.462,,1.0479,,0.378,,0.0015,,0.259,,-0.9160,,01/01/2023,12/31/2024,0.0730,,No,
EASTERN NEW MEXICO MEDICAL CENTER,320006,NM,2026,0.8825,,-0.7396,,07/01/2022,06/30/2024,0.000,,-1.4065,,0.000,,-1.3186,,0.384,,-0.7987,,0.218,,-0.6181,,0.864,,0.3484,,01/01/2023,12/31/2024,-0.7555,,No,
LOVELACE MEDICAL CENTER,320009,NM,2026,1.4438,,2.5111,,07/01/2022,06/30/2024,0.745,,0.3218,,0.176,,-0.8944,,0.000,,-1.4565,,0.378,,0.0015,,0.353,,-0.7195,,01/01/2023,12/31/2024,-0.0393,,No,
PRESBYTERIAN ESPANOLA HOSPITAL,320011,NM,2026,0.9601,,-0.1983,,07/01/2022,06/30/2024,N/A,13,N/A,5,0.834,,0.6918,,0.602,,-0.4252,,0.927,,2.1272,,N/A,13,N/A,5,01/01/2023,12/31/2024,0.5488,,Yes,
LOVELACE WOMEN'S HOSPITAL,320017,NM,2026,0.9202,,-0.4769,,07/01/2022,06/30/2024,0.585,,-0.0494,,0.620,,0.1759,,1.303,,0.7756,,0.258,,-0.4632,,0.000,,-1.4573,,01/01/2023,12/31/2024,-0.2492,,No,
MEMORIAL MEDICAL CENTER,320018,NM,2026,1.1712,,1.2757,,07/01/2022,06/30/2024,0.339,,-0.6201,,0.444,,-0.2483,,0.000,,-1.4565,,0.276,,-0.3935,,0.500,,-0.4123,,01/01/2023,12/31/2024,-0.3092,,No,
PRESBYTERIAN HOSPITAL,320021,NM,2026,1.4694,,2.5111,,07/01/2022,06/30/2024,0.763,,0.3635,,0.918,,0.8942,,1.144,,0.5032,,0.671,,1.1360,,0.600,,-0.2033,,01/01/2023,12/31/2024,0.8675,,Yes,
PLAINS REGIONAL MEDICAL CENTER,320022,NM,2026,0.9565,,-0.2234,,07/01/2022,06/30/2024,N/A,13,N/A,5,1.676,,2.3863,,0.719,,-0.2248,,0.386,,0.0325,,N/A,13,N/A,5,01/01/2023,12/31/2024,0.4927,,Yes,
ARTESIA GENERAL HOSPITAL,320030,NM,2026,1.1658,,1.2382,,07/01/2022,06/30/2024,N/A,13,N/A,5,N/A,13,N/A,5,N/A,12,N/A,5,0.820,,1.7129,,N/A,13,N/A,5,01/01/2023,12/31/2024,1.4756,,Yes,
LOS ALAMOS MEDICAL CENTER,320033,NM,2026,0.9796,,-0.0621,,07/01/2022,06/30/2024,N/A,13,N/A,5,N/A,13,N/A,5,N/A,13,N/A,5,0.780,,1.5580,,N/A,13,N/A,5,01/01/2023,12/31/2024,0.7480,,Yes,
SANTA FE PHS INDIAN HOSPITAL,320057,NM,2026,N/A,13,N/A,5,07/01/2022,06/30/2024,N/A,18,2.2402,18,N/A,18,2.3863,18,N/A,18,2.1717,18,N/A,18,2.1931,18,N/A,18,2.2251,18,01/01/2023,12/31/2024,2.2433,18,Yes,
NORTHERN NAVAJO MEDICAL CENTER,320059,NM,2026,0.9650,,-0.1640,,07/01/2022,06/30/2024,N/A,13,N/A,5,0.000,,-1.3186,,N/A,13,N/A,5,0.379,,0.0053,,N/A,13,N/A,5,01/01/2023,12/31/2024,-0.4924,,No,
ZUNI COMPREHENSIVE COMMUNITY HEALTH CENTER,320060,NM,2026,N/A,13,N/A,5,07/01/2022,06/30/2024,N/A,13,N/A,5,N/A,13,N/A,5,N/A,18,2.1717,18,N/A,13,N/A,5,N/A,13,N/A,5,01/01/2023,12/31/2024,2.1717,18,Yes,
GALLUP INDIAN MEDICAL CENTER,320061,NM,2026,0.9632,,-0.1767,,07/01/2022,06/30/2024,N/A,13,N/A,5,0.000,,-1.3186,,N/A,13,N/A,5,1.577,,2.1931,,N/A,13,N/A,5,01/01/2023,12/31/2024,0.2326,,No,
CROWNPOINT HEALTHCARE FACILITY,320062,NM,2026,N/A,13,N/A,5,07/01/2022,06/30/2024,N/A,13,N/A,5,N/A,13,N/A,5,N/A,18,2.1717,18,N/A,13,N/A,5,N/A,13,N/A,5,01/01/2023,12/31/2024,2.1717,18,Yes,
CARLSBAD MEDICAL CENTER,320063,NM,2026,0.9649,,-0.1646,,07/01/2022,06/30/2024,N/A,13,N/A,5,0.842,,0.7110,,1.974,,1.9250,,0.680,,1.1708,,N/A,13,N/A,5,01/01/2023,12/31/2024,0.9106,,Yes,
COVENANT HEALTH HOBBS HOSPITAL,320065,NM,2026,0.9727,,-0.1103,,07/01/2022,06/30/2024,N/A,13,N/A,5,N/A,13,N/A,5,0.856,,0.0099,,0.410,,0.1254,,N/A,13,N/A,5,01/01/2023,12/31/2024,0.0083,,No,
LOVELACE WESTSIDE HOSPITAL,320074,NM,2026,0.9234,,-0.4540,,07/01/2022,06/30/2024,0.818,,0.4911,,1.211,,1.6005,,0.000,,-1.4565,,0.121,,-0.9936,,N/A,13,N/A,5,01/01/2023,12/31/2024,-0.1625,,No,
ROOSEVELT GENERAL HOSPITAL,320084,NM,2026,0.9928,,0.0301,,07/01/2022,06/30/2024,N/A,13,N/A,5,N/A,13,N/A,5,N/A,13,N/A,5,N/A,13,N/A,5,N/A,13,N/A,5,01/01/2023,12/31/2024,0.0301,,No,
MOUNTAIN VIEW REGIONAL MEDICAL CENTER,320085,NM,2026,0.8200,,-1.1757,,07/01/2022,06/30/2024,0.000,,-1.4065,,0.212,,-0.8076,,0.726,,-0.2128,,0.493,,0.4468,,0.916,,0.4571,,01/01/2023,12/31/2024,-0.4498,,No,
LOVELACE REGIONAL HOSPITAL - ROSWELL,320086,NM,2026,0.9839,,-0.0316,,07/01/2022,06/30/2024,N/A,13,N/A,5,N/A,13,N/A,5,0.000,,-1.4565,,0.000,,-1.4622,,N/A,13,N/A,5,01/01/2023,12/31/2024,-0.9834,,No,
PRESBYTERIAN SANTA FE MEDICAL CENTER,320090,NM,2026,0.9475,,-0.2859,,07/01/2022,06/30/2024,N/A,13,N/A,5,N/A,13,N/A,5,0.538,,-0.5349,,0.316,,-0.2386,,N/A,13,N/A,5,01/01/2023,12/31/2024,-0.3531,,No,
THREE CROSSES REGIONAL HOSPITAL LLC,320091,NM,2026,0.9403,,-0.3363,,07/01/2022,06/30/2024,0.000,,-1.4065,,0.000,,-1.3186,,N/A,13,N/A,5,0.912,,2.0691,,N/A,13,N/A,5,01/01/2023,12/31/2024,-0.2481,,No,
KALEIDA HEALTH,330005,NY,2026,1.4452,,2.5111,,07/01/2022,06/30/2024,0.645,,0.0898,,0.626,,0.1904,,0.673,,-0.3036,,0.597,,0.8495,,0.981,,0.5929,,01/01/2023,12/31/2024,0.6550,,Yes,
ST JOSEPH'S MEDICAL CENTER,330006,NY,2026,0.9116,,-0.5365,,07/01/2022,06/30/2024,0.386,,-0.5110,,1.369,,1.9814,,N/A,13,N/A,5,0.819,,1.7090,,1.681,,2.0558,,01/01/2023,12/31/2024,0.9397,,Yes,
BRONXCARE HOSPITAL CENTER,330009,NY,2026,0.8906,,-0.6831,,07/01/2022,06/30/2024,1.446,,1.9479,,0.418,,-0.3110,,0.372,,-0.8192,,0.601,,0.8649,,0.726,,0.0600,,01/01/2023,12/31/2024,0.1766,,No,
"OUR LADY OF LOURDES MEMORIAL HOSPITAL, INC",330011,NY,2026,1.5189,,2.5111,,07/01/2022,06/30/2024,1.080,29,1.0989,29,0.374,29,-0.4171,29,1.745,29,1.5327,29,1.186,29,2.1931,29,1.098,29,0.8374,29,01/01/2023,12/31/2024,1.2927,,Yes,
ALBANY MEDICAL CENTER HOSPITAL,330013,NY,2026,1.2180,,1.6027,,07/01/2022,06/30/2024,0.679,,0.1687,,0.770,,0.5375,,1.193,,0.5871,,0.401,,0.0905,,0.721,,0.0495,,01/01/2023,12/31/2024,0.5060,,Yes,
JAMAICA HOSPITAL MEDICAL CENTER,330014,NY,2026,1.4907,,2.5111,,07/01/2022,06/30/2024,0.327,,-0.6479,,0.424,,-0.2966,,1.104,,0.4347,,0.504,,0.4894,,0.857,,0.3338,,01/01/2023,12/31/2024,0.4707,,Yes,
"NEW YORK COMMUNITY HOSPITAL OF BROOKLYN, INC.",330019,NY,2026,1.0717,,0.5813,,07/01/2022,06/30/2024,N/A,13,N/A,5,0.187,,-0.8678,,N/A,13,N/A,5,0.855,,1.8484,,0.616,,-0.1699,,01/01/2023,12/31/2024,0.3480,,No,
VASSAR BROTHERS MEDICAL CENTER,330023,NY,2026,1.0781,,0.6260,,07/01/2022,06/30/2024,0.480,,-0.2930,,0.452,,-0.2291,,0.561,,-0.4955,,0.448,,0.2725,,0.248,,-0.9390,,01/01/2023,12/31/2024,-0.1763,,No,
MOUNT SINAI HOSPITAL,330024,NY,2026,1.0371,,0.3393,,07/01/2022,06/30/2024,0.973,,0.8507,,0.431,,-0.2797,,0.784,,-0.1135,,0.584,,0.7991,,0.606,,-0.1908,,01/01/2023,12/31/2024,0.2342,,No,
NASSAU UNIVERSITY MEDICAL CENTER,330027,NY,2026,1.2297,,1.6844,,07/01/2022,06/30/2024,0.535,,-0.1654,,0.135,,-0.9932,,0.908,,0.0989,,0.644,,1.0314,,0.528,,-0.3538,,01/01/2023,12/31/2024,0.2171,,No,
RICHMOND UNIVERSITY MEDICAL CENTER,330028,NY,2026,1.0682,,0.5566,,07/01/2022,06/30/2024,1.676,,2.2402,,0.419,,-0.3086,,1.165,,0.5392,,0.746,,1.4264,,1.137,,0.9189,,01/01/2023,12/31/2024,0.8955,,Yes,
NEWARK-WAYNE COMMUNITY HOSPITAL,330030,NY,2026,1.1353,,1.0250,,07/01/2022,06/30/2024,1.714,,2.2402,,0.470,,-0.1857,,0.000,,-1.4565,,0.662,,1.1011,,0.000,,-1.4573,,01/01/2023,12/31/2024,0.2112,,No,
CHENANGO MEMORIAL HOSPITAL,330033,NY,2026,1.1584,,1.1863,,07/01/2022,06/30/2024,N/A,13,N/A,5,0.885,,0.8147,,N/A,13,N/A,5,0.454,,0.2958,,N/A,13,N/A,5,01/01/2023,12/31/2024,0.7656,,Yes,
NS/LIJ HS SOUTHSIDE HOSPITAL,330043,NY,2026,0.9910,,0.0176,,07/01/2022,06/30/2024,0.130,,-1.1049,,0.332,,-0.5183,,0.262,,-1.0077,,0.161,,-0.8388,,1.406,,1.4811,,01/01/2023,12/31/2024,-0.3285,,No,
WYNN HOSPITAL,330044,NY,2026,1.4909,,2.5111,,07/01/2022,06/30/2024,0.245,,-0.8381,,1.035,,1.1763,,1.771,,1.5773,,0.629,,0.9734,,1.114,,0.8709,,01/01/2023,12/31/2024,1.0451,,Yes,
NS/LIJ HS HUNTINGTON HOSPITAL,330045,NY,2026,0.7429,,-1.4834,,07/01/2022,06/30/2024,0.436,,-0.3951,,0.050,,-1.1981,,0.668,,-0.3122,,0.422,,0.1718,,0.589,,-0.2263,,01/01/2023,12/31/2024,-0.5739,,No,
MOUNT SINAI WEST,330046,NY,2026,0.9248,,-0.4448,,07/01/2022,06/30/2024,0.833,,0.5259,,0.387,,-0.3857,,0.916,,0.1126,,0.215,,-0.6297,,0.507,,-0.3977,,01/01/2023,12/31/2024,-0.2032,,No,
ST MARY'S HEALTHCARE,330047,NY,2026,1.0443,,0.3899,,07/01/2022,06/30/2024,0.000,,-1.4065,,0.000,,-1.3186,,0.000,,-1.4565,,0.467,,0.3461,,1.340,,1.3432,,01/01/2023,12/31/2024,-0.3504,,No,
NORTHERN DUTCHESS HOSPITAL,330049,NY,2026,0.8195,,-1.1795,,07/01/2022,06/30/2024,0.000,,-1.4065,,1.096,,1.3233,,0.448,,-0.6890,,0.211,,-0.6452,,0.000,,-1.4573,,01/01/2023,12/31/2024,-0.6757,,No,
NEW YORK-PRESBYTERIAN/QUEENS,330055,NY,2026,0.6231,,-1.4834,,07/01/2022,06/30/2024,0.038,,-1.3183,,0.304,,-0.5858,,0.376,,-0.8124,,0.205,,-0.6684,,0.535,,-0.3392,,01/01/2023,12/31/2024,-0.8679,,No,
BROOKLYN HOSPITAL CENTER - DOWNTOWN CAMPUS,330056,NY,2026,0.8801,,-0.7565,,07/01/2022,06/30/2024,1.160,,1.2845,,0.313,,-0.5641,,0.633,,-0.3721,,0.068,,-1.1989,,1.414,,1.4978,,01/01/2023,12/31/2024,-0.0182,,No,
ST PETER'S HOSPITAL,330057,NY,2026,1.2046,,1.5090,,07/01/2022,06/30/2024,0.611,,0.0109,,0.468,,-0.1905,,1.020,,0.2908,,0.452,,0.2880,,0.812,,0.2397,,01/01/2023,12/31/2024,0.3580,,No,
GENEVA GENERAL HOSPITAL,330058,NY,2026,1.1517,,1.1397,,07/01/2022,06/30/2024,0.387,,-0.5087,,2.144,,2.3863,,0.000,,-1.4565,,0.535,,0.6094,,2.896,,2.2251,,01/01/2023,12/31/2024,0.7325,,Yes,
MONTEFIORE MEDICAL CENTER,330059,NY,2026,1.2406,,1.7604,,07/01/2022,06/30/2024,0.932,,0.7556,,0.842,,0.7110,,1.019,,0.2891,,0.445,,0.2609,,0.909,,0.4424,,01/01/2023,12/31/2024,0.7032,,Yes,
"CARTHAGE AREA HOSPITAL, INC",330060,NY,2026,N/A,5,N/A,5,07/01/2022,06/30/2024,N/A,5,N/A,5,N/A,5,N/A,5,N/A,5,N/A,5,N/A,5,N/A,5,N/A,5,N/A,5,01/01/2023,12/31/2024,N/A,5,No,
NIAGARA FALLS MEMORIAL MEDICAL CENTER,330065,NY,2026,1.2505,,1.8291,,07/01/2022,06/30/2024,2.687,,2.2402,,0.185,,-0.8727,,0.938,,0.1503,,0.436,,0.2261,,0.335,,-0.7571,,01/01/2023,12/31/2024,0.4693,,Yes,
UNITED MEMORIAL MEDICAL CENTER,330073,NY,2026,0.9070,,-0.5690,,07/01/2022,06/30/2024,0.000,,-1.4065,,0.692,,0.3495,,0.000,,-1.4565,,0.537,,0.6171,,0.529,,-0.3517,,01/01/2023,12/31/2024,-0.4695,,No,
F F THOMPSON HOSPITAL,330074,NY,2026,0.9756,,-0.0901,,07/01/2022,06/30/2024,1.628,,2.2402,,0.884,,0.8123,,1.384,,0.9143,,0.479,,0.3926,,0.904,,0.4320,,01/01/2023,12/31/2024,0.7835,,Yes,
SISTERS OF CHARITY HOSPITAL,330078,NY,2026,1.7296,,2.5111,,07/01/2022,06/30/2024,0.389,,-0.5041,,0.611,,0.1542,,1.065,,0.3679,,0.189,,-0.7303,,1.063,,0.7643,,01/01/2023,12/31/2024,0.4272,,Yes,
ADIRONDACK MEDICAL CENTER - SARANAC LAKE,330079,NY,2026,1.2781,,2.0216,,07/01/2022,06/30/2024,0.607,,0.0016,,0.585,,0.0915,,1.601,,1.2860,,0.706,,1.2715,,N/A,13,N/A,5,01/01/2023,12/31/2024,0.9345,,Yes,
LINCOLN MEDICAL & MENTAL HEALTH CENTER,330080,NY,2026,0.9402,,-0.3369,,07/01/2022,06/30/2024,0.457,,-0.3463,,0.308,,-0.5762,,1.319,,0.8030,,0.564,,0.7217,,1.072,,0.7831,,01/01/2023,12/31/2024,0.1747,,No,
AURELIA OSBORN FOX MEMORIAL HOSPITAL,330085,NY,2026,0.9410,,-0.3313,,07/01/2022,06/30/2024,N/A,13,N/A,5,0.000,,-1.3186,,N/A,13,N/A,5,0.000,,-1.4622,,N/A,13,N/A,5,01/01/2023,12/31/2024,-1.0374,,No,
MONTEFIORE MOUNT VERNON HOSPITAL,330086,NY,2026,0.9709,,-0.1224,,07/01/2022,06/30/2024,N/A,13,N/A,5,N/A,13,N/A,5,N/A,13,N/A,5,0.294,,-0.3238,,N/A,13,N/A,5,01/01/2023,12/31/2024,-0.2231,,No,
ARNOT OGDEN MEDICAL CENTER,330090,NY,2026,2.3033,,2.5111,,07/01/2022,06/30/2024,1.334,,1.6881,,0.603,,0.1349,,1.834,,1.6852,,0.116,,-1.0130,,0.799,,0.2126,,01/01/2023,12/31/2024,0.8698,,Yes,
COLUMBIA MEMORIAL HOSPITAL,330094,NY,2026,2.1978,,2.5111,,07/01/2022,06/30/2024,0.868,,0.6071,,1.317,,1.8560,,1.111,,0.4467,,1.091,,2.1931,,1.742,,2.1833,,01/01/2023,12/31/2024,1.6329,,Yes,
JONES MEMORIAL HOSPITAL,330096,NY,2026,1.1104,,0.8513,,07/01/2022,06/30/2024,N/A,13,N/A,5,0.977,,1.0365,,0.000,,-1.4565,,0.296,,-0.3160,,N/A,13,N/A,5,01/01/2023,12/31/2024,0.0288,,No,
NY EYE AND EAR INFIRMARY OF MOUNT SINAI,330100,NY,2026,N/A,13,N/A,5,07/01/2022,06/30/2024,N/A,13,N/A,5,N/A,13,N/A,5,N/A,13,N/A,5,N/A,13,N/A,5,N/A,13,N/A,5,01/01/2023,12/31/2024,N/A,5,No,
NEW YORK-PRESBYTERIAN HOSPITAL,330101,NY,2026,0.4103,,-1.4834,,07/01/2022,06/30/2024,0.914,,0.7138,,0.688,,0.3398,,0.825,,-0.0432,,0.290,,-0.3393,,0.849,,0.3171,,01/01/2023,12/31/2024,-0.0825,,No,
KENMORE MERCY HOSPITAL,330102,NY,2026,0.9513,,-0.2593,,07/01/2022,06/30/2024,0.424,,-0.4229,,0.103,,-1.0703,,0.721,,-0.2214,,0.641,,1.0198,,0.606,,-0.1908,,01/01/2023,12/31/2024,-0.1908,,No,
OLEAN GENERAL HOSPITAL,330103,NY,2026,0.9402,,-0.3370,,07/01/2022,06/30/2024,0.732,,0.2916,,0.187,,-0.8678,,1.135,,0.4878,,0.945,,2.1931,,0.715,,0.0370,,01/01/2023,12/31/2024,0.3008,,No,
NYACK HOSPITAL,330104,NY,2026,0.8169,,-1.1977,,07/01/2022,06/30/2024,0.659,,0.1223,,1.352,,1.9404,,0.925,,0.1281,,0.263,,-0.4438,,0.483,,-0.4478,,01/01/2023,12/31/2024,0.0169,,No,
NORTH SHORE UNIVERSITY HOSPITAL,330106,NY,2026,0.9444,,-0.3073,,07/01/2022,06/30/2024,0.973,,0.8507,,0.546,,-0.0025,,0.399,,-0.7730,,0.396,,0.0712,,0.646,,-0.1072,,01/01/2023,12/31/2024,-0.0447,,No,
PECONIC BAY MEDICAL CENTER,330107,NY,2026,1.0208,,0.2255,,07/01/2022,06/30/2024,0.391,,-0.4994,,0.494,,-0.1278,,0.636,,-0.3670,,0.316,,-0.2386,,0.653,,-0.0926,,01/01/2023,12/31/2024,-0.1833,,No,
BERTRAND CHAFFEE HOSPITAL,330111,NY,2026,0.9920,,0.0249,,07/01/2022,06/30/2024,N/A,13,N/A,5,N/A,13,N/A,5,N/A,13,N/A,5,0.000,,-1.4622,,N/A,13,N/A,5,01/01/2023,12/31/2024,-0.7186,,No,
ONEIDA HEALTH HOSPITAL,330115,NY,2026,0.9258,,-0.4373,,07/01/2022,06/30/2024,0.000,,-1.4065,,0.830,,0.6821,,1.330,,0.8218,,0.478,,0.3887,,N/A,13,N/A,5,01/01/2023,12/31/2024,0.0098,,No,
LENOX HILL HOSPITAL,330119,NY,2026,0.9736,,-0.1039,,07/01/2022,06/30/2024,0.883,,0.6419,,0.420,,-0.3062,,0.368,,-0.8261,,0.205,,-0.6684,,0.289,,-0.8533,,01/01/2023,12/31/2024,-0.3527,,No,
ROCHESTER GENERAL HOSPITAL,330125,NY,2026,1.7575,,2.5111,,07/01/2022,06/30/2024,0.974,,0.8530,,0.610,,0.1518,,1.063,,0.3644,,0.453,,0.2919,,0.978,,0.5866,,01/01/2023,12/31/2024,0.7931,,Yes,
GARNET HEALTH MEDICAL CENTER,330126,NY,2026,0.8102,,-1.2442,,07/01/2022,06/30/2024,0.172,,-1.0075,,0.656,,0.2627,,1.398,,0.9383,,0.805,,1.6548,,0.755,,0.1206,,01/01/2023,12/31/2024,0.1208,,No,
JACOBI MEDICAL CENTER,330127,NY,2026,1.1437,,1.0835,,07/01/2022,06/30/2024,0.986,,0.8808,,0.787,,0.5785,,1.908,,1.8119,,0.354,,-0.0915,,1.085,,0.8103,,01/01/2023,12/31/2024,0.8456,,Yes,
ELMHURST HOSPITAL CENTER,330128,NY,2026,1.1294,,0.9835,,07/01/2022,06/30/2024,0.486,,-0.2791,,0.645,,0.2362,,1.061,,0.3610,,0.341,,-0.1418,,0.792,,0.1979,,01/01/2023,12/31/2024,0.2263,,No,
BON SECOURS COMMUNITY HOSPITAL,330135,NY,2026,0.9362,,-0.3651,,07/01/2022,06/30/2024,N/A,13,N/A,5,1.164,,1.4872,,N/A,13,N/A,5,0.416,,0.1486,,N/A,13,N/A,5,01/01/2023,12/31/2024,0.4236,,Yes,
BASSETT HEALTHCARE,330136,NY,2026,1.2775,,2.0180,,07/01/2022,06/30/2024,0.520,,-0.2002,,0.384,,-0.3930,,0.839,,-0.0193,,0.856,,1.8523,,0.831,,0.2794,,01/01/2023,12/31/2024,0.5895,,Yes,
ST JOSEPH'S HOSPITAL HEALTH CENTER,330140,NY,2026,1.1857,,1.3772,,07/01/2022,06/30/2024,0.379,,-0.5273,,0.595,,0.1156,,0.634,,-0.3704,,0.439,,0.2377,,0.407,,-0.6067,,01/01/2023,12/31/2024,0.0377,,No,
LONG ISLAND COMMUNITY HOSPITAL,330141,NY,2026,0.8822,,-0.7421,,07/01/2022,06/30/2024,0.697,,0.2104,,0.148,,-0.9619,,2.279,,2.1717,,0.159,,-0.8465,,0.494,,-0.4249,,01/01/2023,12/31/2024,-0.0989,,No,
ST JAMES HOSPITAL,330151,NY,2026,0.9732,,-0.1063,,07/01/2022,06/30/2024,N/A,13,N/A,5,N/A,13,N/A,5,N/A,13,N/A,5,0.000,,-1.4622,,N/A,13,N/A,5,01/01/2023,12/31/2024,-0.7842,,No,
ELLIS HOSPITAL,330153,NY,2026,1.3664,,2.5111,,07/01/2022,06/30/2024,0.290,,-0.7337,,0.203,,-0.8293,,0.683,,-0.2865,,0.361,,-0.0643,,0.214,,-1.0100,,01/01/2023,12/31/2024,-0.0688,,No,
SAMARITAN MEDICAL CENTER,330157,NY,2026,0.9375,,-0.3559,,07/01/2022,06/30/2024,0.476,,-0.3023,,0.649,,0.2458,,1.131,,0.4809,,0.538,,0.6210,,0.510,,-0.3914,,01/01/2023,12/31/2024,0.0497,,No,
GOOD SAMARITAN HOSPITAL OF SUFFERN,330158,NY,2026,0.8825,,-0.7399,,07/01/2022,06/30/2024,0.389,,-0.5041,,0.583,,0.0867,,0.567,,-0.4852,,0.199,,-0.6916,,0.160,,-1.1229,,01/01/2023,12/31/2024,-0.5762,,No,
STATEN ISLAND UNIVERSITY HOSPITAL,330160,NY,2026,1.1207,,0.9229,,07/01/2022,06/30/2024,0.519,,-0.2025,,0.528,,-0.0459,,0.128,,-1.2372,,0.480,,0.3964,,1.317,,1.2951,,01/01/2023,12/31/2024,0.1881,,No,
NORTHERN WESTCHESTER HOSPITAL,330162,NY,2026,0.8671,,-0.8470,,07/01/2022,06/30/2024,0.000,,-1.4065,,0.318,,-0.5521,,0.726,,-0.2128,,0.125,,-0.9782,,1.100,,0.8416,,01/01/2023,12/31/2024,-0.5258,,No,
HIGHLAND HOSPITAL,330164,NY,2026,0.9786,,-0.0685,,07/01/2022,06/30/2024,1.560,,2.2124,,0.650,,0.2482,,1.159,,0.5289,,0.412,,0.1331,,0.995,,0.6222,,01/01/2023,12/31/2024,0.6127,,Yes,
"WESTFIELD MEMORIAL HOSPITAL, INC",330166,NY,2026,N/A,13,N/A,5,07/01/2022,06/30/2024,N/A,13,N/A,5,N/A,13,N/A,5,N/A,13,N/A,5,N/A,13,N/A,5,N/A,13,N/A,5,01/01/2023,12/31/2024,N/A,5,No,
MOUNT SINAI BETH ISRAEL,330169,NY,2026,0.9778,,-0.0743,,07/01/2022,06/30/2024,0.293,,-0.7268,,0.095,,-1.0896,,0.000,,-1.4565,,0.054,,-1.2531,,1.246,,1.1467,,01/01/2023,12/31/2024,-0.5756,,No,
GUTHRIE CORTLAND REGIONAL MEDICAL CENTER,330175,NY,2026,0.9245,,-0.4469,,07/01/2022,06/30/2024,0.000,,-1.4065,,0.000,,-1.3186,,1.821,,1.6629,,0.197,,-0.6994,,1.241,,1.1363,,01/01/2023,12/31/2024,-0.1787,,No,
"SAMARITAN HOSPITAL OF TROY, NEW YORK",330180,NY,2026,0.9401,,-0.3374,,07/01/2022,06/30/2024,0.976,,0.8576,,0.331,,-0.5207,,0.821,,-0.0501,,0.476,,0.3809,,1.060,,0.7580,,01/01/2023,12/31/2024,0.1814,,No,
NORTHWELL HOSPITAL GLEN COVE,330181,NY,2026,0.8562,,-0.9236,,07/01/2022,06/30/2024,0.800,,0.4493,,0.389,,-0.3809,,0.000,,-1.4565,,0.237,,-0.5445,,0.672,,-0.0529,,01/01/2023,12/31/2024,-0.4848,,No,
ST FRANCIS HOSPITAL - THE HEART CENTER,330182,NY,2026,1.1040,,0.8067,,07/01/2022,06/30/2024,0.377,,-0.5319,,0.134,,-0.9956,,0.961,,0.1897,,0.120,,-0.9975,,1.128,,0.9001,,01/01/2023,12/31/2024,-0.1048,,No,
MONTEFIORE NEW ROCHELLE HOSPITAL,330184,NY,2026,0.9465,,-0.2929,,07/01/2022,06/30/2024,1.495,,2.0616,,1.232,,1.6511,,1.582,,1.2535,,0.380,,0.0092,,1.867,,2.2251,,01/01/2023,12/31/2024,1.1513,,Yes,
JOHN T MATHER MEMORIAL HOSPITAL  OF PORT JEFFERSON,330185,NY,2026,0.9354,,-0.3705,,07/01/2022,06/30/2024,0.252,,-0.8219,,0.228,,-0.7690,,0.264,,-1.0042,,0.096,,-1.0904,,1.189,,1.0276,,01/01/2023,12/31/2024,-0.5047,,No,
MOUNT ST. MARY'S HOSPITAL & HEALTH CENTER,330188,NY,2026,0.9757,,-0.0891,,07/01/2022,06/30/2024,0.000,,-1.4065,,0.000,,-1.3186,,N/A,13,N/A,5,0.110,,-1.0362,,0.000,,-1.4573,,01/01/2023,12/31/2024,-1.0615,,No,
GLENS FALLS HOSPITAL,330191,NY,2026,1.3800,,2.5111,,07/01/2022,06/30/2024,0.406,,-0.4646,,0.882,,0.8075,,0.591,,-0.4441,,0.335,,-0.1650,,0.333,,-0.7613,,01/01/2023,12/31/2024,0.2472,,No,
FLUSHING HOSPITAL MEDICAL CENTER,330193,NY,2026,1.0335,,0.3141,,07/01/2022,06/30/2024,0.536,,-0.1631,,0.098,,-1.0824,,1.161,,0.5323,,0.663,,1.1050,,0.361,,-0.7028,,01/01/2023,12/31/2024,0.0005,,No,
MAIMONIDES MEDICAL CENTER,330194,NY,2026,0.9079,,-0.5625,,07/01/2022,06/30/2024,1.684,,2.2402,,0.990,,1.0678,,0.874,,0.0407,,0.309,,-0.2657,,1.057,,0.7517,,01/01/2023,12/31/2024,0.5454,,Yes,
LONG ISLAND JEWISH MEDICAL CENTER,330195,NY,2026,1.0423,,0.3761,,07/01/2022,06/30/2024,0.410,,-0.4554,,0.423,,-0.2990,,0.582,,-0.4595,,0.275,,-0.3973,,0.639,,-0.1218,,01/01/2023,12/31/2024,-0.2262,,No,
SOUTH BROOKLYN HEALTH,330196,NY,2026,1.0856,,0.6779,,07/01/2022,06/30/2024,0.810,,0.4725,,0.090,,-1.1017,,0.466,,-0.6582,,0.091,,-1.1098,,0.932,,0.4905,,01/01/2023,12/31/2024,-0.2048,,No,
CANTON-POTSDAM HOSPITAL,330197,NY,2026,1.1778,,1.3219,,07/01/2022,06/30/2024,1.726,,2.2402,,0.701,,0.3712,,0.000,,-1.4565,,1.354,,2.1931,,0.835,,0.2878,,01/01/2023,12/31/2024,0.8263,,Yes,
MOUNT SINAI SOUTH NASSAU,330198,NY,2026,0.8574,,-0.9151,,07/01/2022,06/30/2024,0.273,,-0.7732,,0.263,,-0.6846,,0.468,,-0.6548,,0.179,,-0.7691,,0.887,,0.3965,,01/01/2023,12/31/2024,-0.5667,,No,
METROPOLITAN HOSPITAL CENTER,330199,NY,2026,0.9285,,-0.4187,,07/01/2022,06/30/2024,0.000,,-1.4065,,0.511,,-0.0868,,0.000,,-1.4565,,0.128,,-0.9665,,0.000,,-1.4573,,01/01/2023,12/31/2024,-0.9654,,No,
KINGS COUNTY HOSPITAL CENTER,330202,NY,2026,1.1875,,1.3893,,07/01/2022,06/30/2024,0.783,,0.4099,,1.357,,1.9524,,2.346,,2.1717,,0.455,,0.2996,,1.125,,0.8939,,01/01/2023,12/31/2024,1.1861,,Yes,
CROUSE HOSPITAL,330203,NY,2026,1.1742,,1.2965,,07/01/2022,06/30/2024,0.541,,-0.1515,,0.186,,-0.8703,,1.014,,0.2805,,0.436,,0.2261,,0.509,,-0.3935,,01/01/2023,12/31/2024,0.0646,,No,
BELLEVUE HOSPITAL CENTER,330204,NY,2026,1.1552,,1.1639,,07/01/2022,06/30/2024,1.170,,1.3077,,1.145,,1.4414,,1.186,,0.5751,,0.489,,0.4313,,0.945,,0.5177,,01/01/2023,12/31/2024,0.9062,,Yes,
ST ANTHONY COMMUNITY HOSPITAL,330205,NY,2026,0.9242,,-0.4484,,07/01/2022,06/30/2024,N/A,13,N/A,5,N/A,13,N/A,5,0.000,,-1.4565,,0.582,,0.7914,,N/A,13,N/A,5,01/01/2023,12/31/2024,-0.3712,,No,
ST JOHN'S RIVERSIDE HOSPITAL,330208,NY,2026,0.8608,,-0.8914,,07/01/2022,06/30/2024,1.445,,1.9456,,0.873,,0.7858,,0.492,,-0.6137,,0.529,,0.5862,,1.123,,0.8897,,01/01/2023,12/31/2024,0.4504,,Yes,
NYU LANGONE HOSPITALS,330214,NY,2026,0.6673,,-1.4834,,07/01/2022,06/30/2024,0.486,,-0.2791,,0.502,,-0.1085,,0.902,,0.0887,,0.225,,-0.5909,,0.637,,-0.1260,,01/01/2023,12/31/2024,-0.4165,,No,
"ROME MEMORIAL HOSPITAL, INC",330215,NY,2026,0.9603,,-0.1970,,07/01/2022,06/30/2024,3.177,,2.2402,,0.566,,0.0457,,0.000,,-1.4565,,0.889,,1.9801,,1.153,,0.9524,,01/01/2023,12/31/2024,0.5942,,Yes,
OSWEGO HOSPITAL,330218,NY,2026,1.2459,,1.7971,,07/01/2022,06/30/2024,N/A,13,N/A,5,0.800,,0.6098,,0.619,,-0.3961,,0.191,,-0.7226,,0.966,,0.5616,,01/01/2023,12/31/2024,0.3700,,No,
ERIE COUNTY MEDICAL CENTER,330219,NY,2026,2.1065,,2.5111,,07/01/2022,06/30/2024,0.671,,0.1501,,0.327,,-0.5304,,1.295,,0.7619,,0.530,,0.5900,,0.587,,-0.2305,,01/01/2023,12/31/2024,0.5420,,Yes,
WYCKOFF HEIGHTS MEDICAL CENTER,330221,NY,2026,0.9660,,-0.1567,,07/01/2022,06/30/2024,0.812,,0.4772,,1.141,,1.4318,,0.721,,-0.2214,,0.513,,0.5242,,1.130,,0.9043,,01/01/2023,12/31/2024,0.4932,,Yes,
SARATOGA HOSPITAL,330222,NY,2026,1.0823,,0.6552,,07/01/2022,06/30/2024,0.229,,-0.8752,,0.761,,0.5158,,0.560,,-0.4972,,0.492,,0.4429,,0.216,,-1.0058,,01/01/2023,12/31/2024,-0.1274,,No,
HEALTHALLIANCE HOSPITAL MARYS AVENUE CAMPUS,330224,NY,2026,1.1106,,0.8523,,07/01/2022,06/30/2024,0.880,,0.6349,,0.517,,-0.0724,,0.000,,-1.4565,,0.669,,1.1282,,0.535,,-0.3392,,01/01/2023,12/31/2024,0.1246,,No,
UNITY HOSPITAL,330226,NY,2026,1.0634,,0.5232,,07/01/2022,06/30/2024,0.338,,-0.6224,,0.480,,-0.1616,,0.299,,-0.9443,,0.355,,-0.0876,,1.149,,0.9440,,01/01/2023,12/31/2024,-0.0581,,No,
"BROOKS-TLC HOSPITAL SYSTEM, INC",330229,NY,2026,0.9688,,-0.1374,,07/01/2022,06/30/2024,N/A,13,N/A,5,0.000,,-1.3186,,N/A,11,2.1717,11,N/A,11,2.1931,11,N/A,11,2.2251,11,01/01/2023,12/31/2024,1.0268,,Yes,
QUEENS HOSPITAL CENTER,330231,NY,2026,0.8827,,-0.7383,,07/01/2022,06/30/2024,0.197,,-0.9495,,0.228,,-0.7690,,0.854,,0.0064,,0.377,,-0.0024,,0.925,,0.4759,,01/01/2023,12/31/2024,-0.3295,,No,
BROOKDALE HOSPITAL MEDICAL CENTER,330233,NY,2026,1.5240,,2.5111,,07/01/2022,06/30/2024,0.677,,0.1640,,0.436,,-0.2676,,0.396,,-0.7781,,0.418,,0.1564,,1.067,,0.7726,,01/01/2023,12/31/2024,0.4264,,Yes,
WESTCHESTER MEDICAL CENTER,330234,NY,2026,1.2386,,1.7460,,07/01/2022,06/30/2024,0.537,,-0.1608,,0.475,,-0.1736,,0.528,,-0.5520,,0.751,,1.4457,,0.783,,0.1791,,01/01/2023,12/31/2024,0.4141,,Yes,
AUBURN  COMMUNITY  HOSPITAL,330235,NY,2026,1.0574,,0.4812,,07/01/2022,06/30/2024,0.578,,-0.0656,,0.458,,-0.2146,,0.000,,-1.4565,,0.433,,0.2144,,1.955,,2.2251,,01/01/2023,12/31/2024,0.1973,,No,
NICHOLAS H NOYES MEMORIAL HOSPITAL,330238,NY,2026,0.9312,,-0.3994,,07/01/2022,06/30/2024,0.572,,-0.0796,,0.000,,-1.3186,,1.021,,0.2925,,0.468,,0.3500,,N/A,13,N/A,5,01/01/2023,12/31/2024,-0.2310,,No,
UPMC CHAUTAUQUA AT WCA,330239,NY,2026,0.8891,,-0.6940,,07/01/2022,06/30/2024,1.632,,2.2402,,0.745,,0.4772,,0.681,,-0.2899,,1.079,,2.1931,,0.580,,-0.2451,,01/01/2023,12/31/2024,0.6136,,Yes,
HARLEM HOSPITAL CENTER,330240,NY,2026,1.0151,,0.1862,,07/01/2022,06/30/2024,0.333,,-0.6340,,0.572,,0.0602,,0.303,,-0.9374,,0.276,,-0.3935,,1.408,,1.4853,,01/01/2023,12/31/2024,-0.0389,,No,
UNIVERSITY HOSPITAL S U N Y HEALTH SCIENCE CENTER,330241,NY,2026,1.4867,,2.5111,,07/01/2022,06/30/2024,0.591,,-0.0355,,0.900,,0.8508,,1.303,,0.7756,,0.520,,0.5513,,1.212,,1.0757,,01/01/2023,12/31/2024,0.9548,,Yes,
ST CHARLES HOSPITAL,330246,NY,2026,0.8938,,-0.6611,,07/01/2022,06/30/2024,0.456,,-0.3487,,0.384,,-0.3930,,0.000,,-1.4565,,0.115,,-1.0169,,0.202,,-1.0351,,01/01/2023,12/31/2024,-0.8185,,No,
CHAMPLAIN VALLEY PHYSICIANS HOSPITAL MEDICAL CTR,330250,NY,2026,2.0317,,2.5111,,07/01/2022,06/30/2024,0.247,,-0.8335,,1.786,,2.3863,,1.054,,0.3490,,0.835,,1.7710,,0.799,,0.2126,,01/01/2023,12/31/2024,1.0661,,Yes,
MERCY MEDICAL CENTER,330259,NY,2026,0.8592,,-0.9023,,07/01/2022,06/30/2024,0.212,,-0.9147,,0.000,,-1.3186,,0.320,,-0.9083,,0.071,,-1.1872,,0.145,,-1.1542,,01/01/2023,12/31/2024,-1.0642,,No,
PHELPS HOSPITAL,330261,NY,2026,1.0830,,0.6601,,07/01/2022,06/30/2024,0.000,,-1.4065,,0.181,,-0.8823,,0.372,,-0.8192,,0.025,,-1.3654,,0.000,,-1.4573,,01/01/2023,12/31/2024,-0.8784,,No,
MONTEFIORE ST LUKE'S CORNWALL,330264,NY,2026,1.1079,,0.8337,,07/01/2022,06/30/2024,0.702,,0.2220,,0.713,,0.4001,,1.137,,0.4912,,0.420,,0.1641,,2.322,,2.2251,,01/01/2023,12/31/2024,0.7227,,Yes,
CLIFTON SPRINGS HOSPITAL AND CLINIC,330265,NY,2026,1.2609,,1.9021,,07/01/2022,06/30/2024,1.316,,1.6464,,0.517,,-0.0724,,N/A,13,N/A,5,0.086,,-1.1292,,1.650,,1.9910,,01/01/2023,12/31/2024,0.8676,,Yes,
HUDSON VALLEY HOSPITAL CENTER,330267,NY,2026,0.9573,,-0.2175,,07/01/2022,06/30/2024,0.000,,-1.4065,,0.000,,-1.3186,,0.000,,-1.4565,,0.125,,-0.9782,,0.818,,0.2523,,01/01/2023,12/31/2024,-0.8542,,No,
HOSPITAL FOR SPECIAL SURGERY,330270,NY,2026,0.6125,,-1.4834,,07/01/2022,06/30/2024,0.000,,-1.4065,,1.229,,1.6439,,N/A,12,N/A,5,0.233,,-0.5600,,0.000,,-1.4573,,01/01/2023,12/31/2024,-0.6526,,No,
PUTNAM HOSPITAL CENTER,330273,NY,2026,0.8831,,-0.7357,,07/01/2022,06/30/2024,1.692,,2.2402,,0.689,,0.3422,,N/A,13,N/A,5,0.694,,1.2250,,0.000,,-1.4573,,01/01/2023,12/31/2024,0.3229,,No,
NATHAN LITTAUER HOSPITAL,330276,NY,2026,1.2794,,2.0308,,07/01/2022,06/30/2024,N/A,13,N/A,5,0.000,,-1.3186,,0.000,,-1.4565,,0.000,,-1.4622,,N/A,13,N/A,5,01/01/2023,12/31/2024,-0.5516,,No,
CORNING HOSPITAL,330277,NY,2026,1.1515,,1.1378,,07/01/2022,06/30/2024,0.000,,-1.4065,,1.037,,1.1811,,0.770,,-0.1375,,0.170,,-0.8039,,0.637,,-0.1260,,01/01/2023,12/31/2024,-0.0258,,No,
MERCY HOSPITAL OF BUFFALO,330279,NY,2026,1.0536,,0.4550,,07/01/2022,06/30/2024,0.235,,-0.8613,,0.244,,-0.7304,,0.548,,-0.5177,,0.425,,0.1835,,0.411,,-0.5983,,01/01/2023,12/31/2024,-0.3449,,No,
STRONG MEMORIAL HOSPITAL,330285,NY,2026,1.3205,,2.3177,,07/01/2022,06/30/2024,1.057,,1.0455,,0.838,,0.7014,,1.354,,0.8629,,0.375,,-0.0101,,0.862,,0.3442,,01/01/2023,12/31/2024,0.8769,,Yes,
GOOD SAMARITAN HOSPITAL MEDICAL CENTER,330286,NY,2026,1.4146,,2.5111,,07/01/2022,06/30/2024,0.272,,-0.7755,,0.235,,-0.7521,,0.721,,-0.2214,,0.230,,-0.5716,,0.493,,-0.4269,,01/01/2023,12/31/2024,-0.0394,,No,
WHITE PLAINS HOSPITAL CENTER,330304,NY,2026,0.7747,,-1.4834,,07/01/2022,06/30/2024,0.105,,-1.1629,,0.310,,-0.5714,,0.540,,-0.5315,,0.119,,-1.0014,,0.566,,-0.2744,,01/01/2023,12/31/2024,-0.8375,,No,
CAYUGA MEDICAL CENTER AT ITHACA,330307,NY,2026,0.9648,,-0.1649,,07/01/2022,06/30/2024,0.000,,-1.4065,,1.070,,1.2606,,1.536,,1.1747,,0.403,,0.0983,,0.662,,-0.0738,,01/01/2023,12/31/2024,0.1481,,No,
PLAINVIEW HOSPITAL,330331,NY,2026,0.9369,,-0.3601,,07/01/2022,06/30/2024,0.000,,-1.4065,,0.108,,-1.0583,,0.000,,-1.4565,,0.067,,-1.2027,,0.242,,-0.9515,,01/01/2023,12/31/2024,-1.0726,,No,
CHSLI ST JOSEPH HOSPITAL,330332,NY,2026,1.1235,,0.9427,,07/01/2022,06/30/2024,1.212,,1.4051,,0.171,,-0.9064,,0.847,,-0.0056,,0.199,,-0.6916,,1.041,,0.7183,,01/01/2023,12/31/2024,0.2438,,No,
SUNY/DOWNSTATE UNIVERSITY HOSPITAL OF BROOKLYN,330350,NY,2026,1.0570,,0.4781,,07/01/2022,06/30/2024,0.518,,-0.2048,,0.921,,0.9015,,0.643,,-0.3550,,0.575,,0.7643,,1.226,,1.1049,,01/01/2023,12/31/2024,0.4482,,Yes,
GARNET HEALTH  MEDICAL CENTER CATSKILLS,330386,NY,2026,0.9165,,-0.5026,,07/01/2022,06/30/2024,N/A,13,N/A,5,1.438,,2.1477,,N/A,13,N/A,5,0.933,,2.1505,,1.729,,2.1561,,01/01/2023,12/31/2024,1.4879,,Yes,
SUNY/STONY BROOK UNIVERSITY HOSPITAL,330393,NY,2026,1.0625,,0.5172,,07/01/2022,06/30/2024,0.441,,-0.3835,,0.615,,0.1639,,1.592,,1.2706,,0.446,,0.2648,,0.840,,0.2982,,01/01/2023,12/31/2024,0.3552,,No,
"UNITED HEALTH SERVICES HOSPITALS, INC",330394,NY,2026,1.5874,,2.5111,,07/01/2022,06/30/2024,0.573,,-0.0772,,0.644,,0.2338,,1.740,,1.5242,,0.613,,0.9114,,0.704,,0.0140,,01/01/2023,12/31/2024,0.8529,,Yes,
ST JOHN'S EPISCOPAL HOSPITAL AT SOUTH SHORE,330395,NY,2026,1.2831,,2.0568,,07/01/2022,06/30/2024,3.408,,2.2402,,1.507,,2.3140,,0.568,,-0.4835,,0.758,,1.4729,,1.242,,1.1384,,01/01/2023,12/31/2024,1.4565,,Yes,
WOODHULL MEDICAL & MENTAL HEALTH CENTER,330396,NY,2026,1.4023,,2.5111,,07/01/2022,06/30/2024,0.283,,-0.7500,,1.160,,1.4776,,1.756,,1.5516,,0.436,,0.2261,,0.672,,-0.0529,,01/01/2023,12/31/2024,0.8272,,Yes,
ST BARNABAS HOSPITAL,330399,NY,2026,1.2839,,2.0626,,07/01/2022,06/30/2024,0.627,,0.0480,,0.000,,-1.3186,,1.278,,0.7327,,0.086,,-1.1292,,0.755,,0.1206,,01/01/2023,12/31/2024,0.0860,,No,
ST CATHERINE OF SIENA HOSPITAL,330401,NY,2026,0.7080,,-1.4834,,07/01/2022,06/30/2024,0.179,,-0.9912,,0.000,,-1.3186,,0.762,,-0.1512,,0.108,,-1.0440,,1.211,,1.0736,,01/01/2023,12/31/2024,-0.6525,,No,
HELEN HAYES HOSPITAL,330405,NY,2026,N/A,13,N/A,5,07/01/2022,06/30/2024,N/A,13,N/A,5,0.000,,-1.3186,,N/A,12,N/A,5,N/A,13,N/A,5,N/A,13,N/A,5,01/01/2023,12/31/2024,-1.3186,,No,
SUNNYVIEW HOSPITAL AND REHABILITATION CENTER,330406,NY,2026,N/A,13,N/A,5,07/01/2022,06/30/2024,N/A,13,N/A,5,N/A,13,N/A,5,N/A,18,2.1717,18,0.000,,-1.4622,,N/A,13,N/A,5,01/01/2023,12/31/2024,0.3548,,No,
UNITY SPECIALTY HOSPITAL,330411,NY,2026,N/A,13,N/A,5,07/01/2022,06/30/2024,N/A,13,N/A,5,N/A,13,N/A,5,N/A,18,2.1717,18,N/A,13,N/A,5,N/A,13,N/A,5,01/01/2023,12/31/2024,2.1717,18,Yes,
CAROLINAS MEDICAL CENTER-NORTHEAST,340001,NC,2026,0.9843,,-0.0292,,07/01/2022,06/30/2024,0.825,,0.5073,,0.430,,-0.2821,,1.174,,0.5546,,0.178,,-0.7729,,0.479,,-0.4562,,01/01/2023,12/31/2024,-0.0797,,No,
MEMORIAL MISSION HOSPITAL AND ASHEVILLE SURGERY CE,340002,NC,2026,0.6801,,-1.4834,,07/01/2022,06/30/2024,0.729,,0.2846,,0.278,,-0.6485,,0.666,,-0.3156,,0.286,,-0.3548,,0.722,,0.0516,,01/01/2023,12/31/2024,-0.4110,,No,
NORTHERN REGIONAL HOSPITAL,340003,NC,2026,1.1285,,0.9776,,07/01/2022,06/30/2024,0.000,,-1.4065,,0.237,,-0.7473,,1.547,,1.1935,,0.454,,0.2958,,0.000,,-1.4573,,01/01/2023,12/31/2024,-0.1907,,No,
HIGH POINT REGIONAL HEALTH SYSTEM,340004,NC,2026,0.9249,,-0.4434,,07/01/2022,06/30/2024,0.701,,0.2197,,0.807,,0.6267,,1.316,,0.7978,,0.420,,0.1641,,1.138,,0.9210,,01/01/2023,12/31/2024,0.3810,,Yes,
SCOTLAND MEMORIAL HOSPITAL,340008,NC,2026,0.9614,,-0.1890,,07/01/2022,06/30/2024,1.348,,1.7206,,0.936,,0.9376,,1.146,,0.5066,,0.674,,1.1476,,0.550,,-0.3078,,01/01/2023,12/31/2024,0.6359,,Yes,
UNC HEALTH CARE WAYNE,340010,NC,2026,0.9381,,-0.3518,,07/01/2022,06/30/2024,0.603,,-0.0076,,1.217,,1.6150,,1.002,,0.2600,,0.262,,-0.4477,,1.689,,2.0725,,01/01/2023,12/31/2024,0.5234,,Yes,
RUTHERFORD REGIONAL MEDICAL CENTER,340013,NC,2026,1.0685,,0.5584,,07/01/2022,06/30/2024,0.000,,-1.4065,,0.678,,0.3157,,0.593,,-0.4407,,0.563,,0.7178,,1.957,,2.2251,,01/01/2023,12/31/2024,0.3283,,No,
NOVANT HEALTH FORSYTH MEDICAL CENTER,340014,NC,2026,0.9342,,-0.3785,,07/01/2022,06/30/2024,0.565,,-0.0958,,0.521,,-0.0627,,0.670,,-0.3088,,0.311,,-0.2580,,0.597,,-0.2096,,01/01/2023,12/31/2024,-0.2189,,No,
NOVANT HEALTH ROWAN MEDICAL CENTER,340015,NC,2026,0.7896,,-1.3882,,07/01/2022,06/30/2024,0.000,,-1.4065,,1.359,,1.9573,,0.254,,-1.0214,,0.016,,-1.4002,,0.764,,0.1394,,01/01/2023,12/31/2024,-0.5199,,No,
HARRIS REGIONAL HOSPITAL,340016,NC,2026,1.0352,,0.3261,,07/01/2022,06/30/2024,0.000,,-1.4065,,1.313,,1.8464,,0.000,,-1.4565,,0.510,,0.5126,,0.963,,0.5553,,01/01/2023,12/31/2024,0.0629,,No,
PARDEE HOSPITAL HENDERSON COUNTY,340017,NC,2026,0.7576,,-1.4834,,07/01/2022,06/30/2024,0.502,,-0.2419,,0.338,,-0.5039,,0.966,,0.1983,,0.425,,0.1835,,1.144,,0.9336,,01/01/2023,12/31/2024,-0.1523,,No,
CENTRAL CAROLINA HOSPITAL,340020,NC,2026,0.9247,,-0.4448,,07/01/2022,06/30/2024,0.000,,-1.4065,,3.120,,2.3863,,0.695,,-0.2659,,0.288,,-0.3470,,N/A,13,N/A,5,01/01/2023,12/31/2024,-0.0156,,No,
ATRIUM HEALTH CLEVELAND,340021,NC,2026,1.0380,,0.3458,,07/01/2022,06/30/2024,1.015,,0.9481,,0.091,,-1.0993,,0.259,,-1.0128,,0.289,,-0.3431,,0.878,,0.3777,,01/01/2023,12/31/2024,-0.1306,,No,
ADVENTHEALTH HENDERSONVILLE,340023,NC,2026,1.0195,,0.2165,,07/01/2022,06/30/2024,N/A,13,N/A,5,0.656,,0.2627,,1.092,,0.4141,,0.257,,-0.4670,,0.750,,0.1102,,01/01/2023,12/31/2024,0.1073,,No,
SAMPSON REGIONAL MEDICAL CENTER,340024,NC,2026,0.9604,,-0.1962,,07/01/2022,06/30/2024,0.000,,-1.4065,,0.516,,-0.0748,,0.943,,0.1589,,0.864,,1.8833,,1.990,,2.2251,,01/01/2023,12/31/2024,0.4316,,Yes,
UNC LENOIR HEALTH CARE,340027,NC,2026,0.8560,,-0.9248,,07/01/2022,06/30/2024,0.645,,0.0898,,0.612,,0.1566,,2.412,,2.1717,,0.217,,-0.6219,,1.369,,1.4038,,01/01/2023,12/31/2024,0.3792,,No,
CAPE FEAR VALLEY MEDICAL CENTER,340028,NC,2026,1.0645,23,0.5309,23,07/01/2022,06/30/2024,0.963,,0.8275,,0.776,,0.5519,,1.669,,1.4025,,0.605,,0.8804,,1.005,,0.6431,,01/01/2023,12/31/2024,0.8061,23,Yes,
DUKE UNIVERSITY HOSPITAL,340030,NC,2026,1.1047,,0.8113,,07/01/2022,06/30/2024,0.901,,0.6836,,0.556,,0.0216,,1.186,,0.5751,,0.391,,0.0518,,0.690,,-0.0152,,01/01/2023,12/31/2024,0.3547,,No,
CAROMONT REGIONAL MEDICAL CENTER,340032,NC,2026,1.0490,,0.4224,,07/01/2022,06/30/2024,0.479,,-0.2953,,0.142,,-0.9763,,0.373,,-0.8175,,0.129,,-0.9627,,0.428,,-0.5628,,01/01/2023,12/31/2024,-0.5320,,No,
IREDELL MEMORIAL HOSPITAL INC,340039,NC,2026,0.9731,,-0.1072,,07/01/2022,06/30/2024,0.268,,-0.7848,,0.510,,-0.0893,,1.045,,0.3336,,0.357,,-0.0798,,1.489,,1.6546,,01/01/2023,12/31/2024,0.1545,,No,
ECU HEALTH MEDICAL CENTER,340040,NC,2026,0.8819,,-0.7440,,07/01/2022,06/30/2024,0.781,,0.4053,,0.742,,0.4700,,1.079,,0.3919,,0.334,,-0.1689,,0.672,,-0.0529,,01/01/2023,12/31/2024,0.0502,,No,
CALDWELL MEMORIAL HOSPITAL,340041,NC,2026,1.0724,,0.5861,,07/01/2022,06/30/2024,1.833,,2.2402,,0.742,,0.4700,,1.214,,0.6231,,0.373,,-0.0179,,1.404,,1.4769,,01/01/2023,12/31/2024,0.8964,,Yes,
ONSLOW MEMORIAL HOSPITAL,340042,NC,2026,1.1878,,1.3915,,07/01/2022,06/30/2024,0.884,,0.6442,,0.000,,-1.3186,,0.000,,-1.4565,,0.278,,-0.3857,,3.290,,2.2251,,01/01/2023,12/31/2024,0.1833,,No,
NORTH CAROLINA BAPTIST HOSPITAL,340047,NC,2026,1.0860,,0.6809,,07/01/2022,06/30/2024,1.206,,1.3912,,0.456,,-0.2194,,1.146,,0.5066,,0.444,,0.2570,,1.198,,1.0464,,01/01/2023,12/31/2024,0.6105,,Yes,
NORTH CAROLINA SPECIALTY HOSPITAL,340049,NC,2026,0.9264,,-0.4334,,07/01/2022,06/30/2024,N/A,13,N/A,5,N/A,13,N/A,5,N/A,13,N/A,5,0.000,,-1.4622,,N/A,13,N/A,5,01/01/2023,12/31/2024,-0.9478,,No,
SOUTHEASTERN REGIONAL MEDICAL CENTER,340050,NC,2026,0.9004,,-0.6150,,07/01/2022,06/30/2024,0.813,,0.4795,,0.507,,-0.0965,,1.156,,0.5238,,0.160,,-0.8426,,0.613,,-0.1762,,01/01/2023,12/31/2024,-0.1212,,No,
WATAUGA MEDICAL CENTER,340051,NC,2026,0.9553,,-0.2318,,07/01/2022,06/30/2024,0.806,,0.4633,,0.578,,0.0747,,0.926,,0.1298,,0.373,,-0.0179,,1.303,,1.2659,,01/01/2023,12/31/2024,0.2806,,No,
NOVANT HEALTH PRESBYTERIAN MEDICAL CENTER,340053,NC,2026,0.6886,,-1.4834,,07/01/2022,06/30/2024,0.910,,0.7045,,0.683,,0.3278,,1.023,,0.2959,,0.143,,-0.9085,,0.521,,-0.3684,,01/01/2023,12/31/2024,-0.2387,,No,
UNC ROCKINGHAM,340060,NC,2026,0.9513,,-0.2592,,07/01/2022,06/30/2024,0.000,,-1.4065,,0.000,,-1.3186,,N/A,13,N/A,5,0.572,,0.7527,,N/A,13,N/A,5,01/01/2023,12/31/2024,-0.5579,,No,
UNC HOSPITALS,340061,NC,2026,0.9053,,-0.5804,,07/01/2022,06/30/2024,1.051,,1.0316,,0.647,,0.2410,,1.185,,0.5734,,0.579,,0.7798,,0.768,,0.1478,,01/01/2023,12/31/2024,0.3655,,No,
WILKES REGIONAL MEDICAL CENTER,340064,NC,2026,0.9358,,-0.3676,,07/01/2022,06/30/2024,1.172,,1.3123,,0.343,,-0.4918,,1.359,,0.8715,,0.591,,0.8262,,1.323,,1.3077,,01/01/2023,12/31/2024,0.5764,,Yes,
COLUMBUS REGIONAL HEALTHCARE SYSTEM,340068,NC,2026,1.0679,,0.5542,,07/01/2022,06/30/2024,1.441,,1.9363,,2.203,,2.3863,,0.766,,-0.1443,,0.502,,0.4816,,0.872,,0.3651,,01/01/2023,12/31/2024,0.9299,,Yes,
"WAKEMED, RALEIGH CAMPUS",340069,NC,2026,0.9981,,0.0672,,07/01/2022,06/30/2024,0.419,,-0.4345,,0.217,,-0.7955,,1.322,,0.8081,,0.273,,-0.4051,,0.263,,-0.9076,,01/01/2023,12/31/2024,-0.2779,,No,
ALAMANCE REGIONAL MEDICAL CENTER,340070,NC,2026,1.2846,,2.0671,,07/01/2022,06/30/2024,0.473,,-0.3092,,0.414,,-0.3207,,1.838,,1.6920,,0.074,,-1.1756,,0.297,,-0.8366,,01/01/2023,12/31/2024,0.1862,,No,
BETSY JOHNSON REGIONAL HOSPITAL,340071,NC,2026,0.8665,,-0.8513,,07/01/2022,06/30/2024,0.758,,0.3519,,0.943,,0.9545,,N/A,13,N/A,5,0.792,,1.6045,,1.172,,0.9921,,01/01/2023,12/31/2024,0.6104,,Yes,
"BLUE RIDGE HEALTHCARE HOSPITALS, INC",340075,NC,2026,0.9006,,-0.6131,,07/01/2022,06/30/2024,0.574,,-0.0749,,0.631,,0.2024,,0.690,,-0.2745,,0.323,,-0.2115,,0.000,,-1.4573,,01/01/2023,12/31/2024,-0.4048,,No,
ATRIUM HEALTH ANSON,340084,NC,2026,N/A,13,N/A,5,07/01/2022,06/30/2024,N/A,13,N/A,5,N/A,13,N/A,5,N/A,13,N/A,5,N/A,13,N/A,5,N/A,13,N/A,5,01/01/2023,12/31/2024,N/A,5,No,
NOVANT HEALTH THOMASVILLE MEDICAL CENTER,340085,NC,2026,0.9541,,-0.2397,,07/01/2022,06/30/2024,0.482,,-0.2883,,0.971,,1.0220,,1.328,,0.8184,,0.156,,-0.8581,,0.000,,-1.4573,,01/01/2023,12/31/2024,-0.1672,,No,
THE MCDOWELL HOSPITAL,340087,NC,2026,0.9399,,-0.3390,,07/01/2022,06/30/2024,N/A,13,N/A,5,1.778,,2.3863,,1.893,,1.7862,,0.666,,1.1166,,N/A,13,N/A,5,01/01/2023,12/31/2024,1.2376,,Yes,
JOHNSTON HEALTH,340090,NC,2026,0.8081,,-1.2591,,07/01/2022,06/30/2024,0.707,,0.2336,,0.867,,0.7713,,1.529,,1.1627,,0.219,,-0.6142,,1.546,,1.7737,,01/01/2023,12/31/2024,0.3447,,No,
"MOSES H. CONE MEMORIAL HOSPITAL, THE",340091,NC,2026,1.0860,,0.6811,,07/01/2022,06/30/2024,0.442,,-0.3811,,0.391,,-0.3761,,1.201,,0.6008,,0.076,,-1.1679,,0.403,,-0.6150,,01/01/2023,12/31/2024,-0.2097,,No,
LEXINGTON MEMORIAL HOSPITAL INC,340096,NC,2026,0.9487,,-0.2773,,07/01/2022,06/30/2024,1.485,,2.0384,,0.640,,0.2241,,1.069,,0.3747,,0.599,,0.8572,,1.082,,0.8040,,01/01/2023,12/31/2024,0.6702,,Yes,
HUGH CHATHAM MEMORIAL HOSPITAL,340097,NC,2026,0.9678,,-0.1442,,07/01/2022,06/30/2024,0.000,,-1.4065,,0.000,,-1.3186,,N/A,13,N/A,5,0.976,,2.1931,,N/A,13,N/A,5,01/01/2023,12/31/2024,-0.1691,,No,
ATRIUM HEALTH PINEVILLE,340098,NC,2026,1.0514,,0.4392,,07/01/2022,06/30/2024,0.369,,-0.5505,,0.517,,-0.0724,,0.654,,-0.3362,,0.327,,-0.1960,,0.832,,0.2815,,01/01/2023,12/31/2024,-0.0724,,No,
VIDANT ROANOKE CHOWAN HOSPITAL,340099,NC,2026,1.0654,,0.5370,,07/01/2022,06/30/2024,3.155,,2.2402,,0.893,,0.8340,,0.743,,-0.1837,,0.059,,-1.2337,,0.416,,-0.5879,,01/01/2023,12/31/2024,0.2676,,No,
VIDANT EDGECOMBE HOSPITAL,340107,NC,2026,1.0307,,0.2947,,07/01/2022,06/30/2024,0.252,,-0.8219,,1.168,,1.4969,,0.804,,-0.0792,,0.366,,-0.0450,,1.803,,2.2251,,01/01/2023,12/31/2024,0.5118,,Yes,
SENTARA ALBEMARLE MEDICAL CENTER,340109,NC,2026,1.1026,,0.7966,,07/01/2022,06/30/2024,1.382,,1.7995,,0.840,,0.7062,,0.349,,-0.8586,,0.093,,-1.1021,,0.918,,0.4613,,01/01/2023,12/31/2024,0.3005,,No,
CAROLINAS MEDICAL CENTER/BEHAV HEALTH,340113,NC,2026,0.8731,,-0.8056,,07/01/2022,06/30/2024,1.019,,0.9574,,0.522,,-0.0603,,1.162,,0.5340,,0.355,,-0.0876,,0.614,,-0.1741,,01/01/2023,12/31/2024,0.0606,,No,
REX HOSPITAL,340114,NC,2026,1.1847,,1.3699,,07/01/2022,06/30/2024,0.549,,-0.1329,,0.874,,0.7882,,0.836,,-0.0244,,0.579,,0.7798,,1.063,,0.7643,,01/01/2023,12/31/2024,0.5908,,Yes,
FIRSTHEALTH MOORE REGIONAL HOSPITAL,340115,NC,2026,0.9380,,-0.3524,,07/01/2022,06/30/2024,0.422,,-0.4275,,0.240,,-0.7401,,0.680,,-0.2916,,0.119,,-1.0014,,0.609,,-0.1845,,01/01/2023,12/31/2024,-0.4996,,No,
FRYE REGIONAL MEDICAL CENTER,340116,NC,2026,1.0360,,0.3318,,07/01/2022,06/30/2024,0.976,,0.8576,,0.966,,1.0099,,0.995,,0.2480,,0.209,,-0.6529,,0.546,,-0.3162,,01/01/2023,12/31/2024,0.2464,,No,
STANLY REGIONAL MEDICAL CENTER,340119,NC,2026,1.0852,,0.6754,,07/01/2022,06/30/2024,0.789,,0.4238,,0.000,,-1.3186,,0.000,,-1.4565,,0.122,,-0.9898,,1.180,,1.0088,,01/01/2023,12/31/2024,-0.2761,,No,
VIDANT DUPLIN HOSPITAL,340120,NC,2026,0.9599,,-0.1993,,07/01/2022,06/30/2024,N/A,13,N/A,5,0.403,,-0.3472,,N/A,13,N/A,5,0.753,,1.4535,,2.551,,2.2251,,01/01/2023,12/31/2024,0.7830,,Yes,
RANDOLPH HOSPITAL,340123,NC,2026,0.9700,,-0.1290,,07/01/2022,06/30/2024,0.000,,-1.4065,,0.000,,-1.3186,,0.605,,-0.4201,,0.928,,2.1311,,0.000,,-1.4573,,01/01/2023,12/31/2024,-0.4334,,No,
WILSON MEDICAL CENTER,340126,NC,2026,0.9294,,-0.4122,,07/01/2022,06/30/2024,0.998,,0.9087,,1.726,,2.3863,,0.737,,-0.1940,,0.394,,0.0634,,3.756,,2.2251,,01/01/2023,12/31/2024,0.8296,,Yes,
GRANVILLE HEALTH SYSTEMS,340127,NC,2026,1.3787,,2.5111,,07/01/2022,06/30/2024,N/A,13,N/A,5,0.729,,0.4386,,N/A,13,N/A,5,0.251,,-0.4903,,N/A,13,N/A,5,01/01/2023,12/31/2024,0.8198,,Yes,
DUKE HEALTH LAKE NORMAN HOSPITAL,340129,NC,2026,0.8616,,-0.8855,,07/01/2022,06/30/2024,0.684,,0.1803,,0.684,,0.3302,,0.457,,-0.6736,,0.378,,0.0015,,0.000,,-1.4573,,01/01/2023,12/31/2024,-0.4174,,No,
ATRIUM HEALTH UNION,340130,NC,2026,1.1771,,1.3169,,07/01/2022,06/30/2024,0.485,,-0.2814,,0.307,,-0.5786,,0.949,,0.1692,,0.266,,-0.4322,,0.730,,0.0684,,01/01/2023,12/31/2024,0.0437,,No,
CAROLINA EAST MEDICAL CENTER,340131,NC,2026,0.8572,,-0.9166,,07/01/2022,06/30/2024,0.441,,-0.3835,,0.543,,-0.0097,,0.781,,-0.1186,,0.405,,0.1060,,0.247,,-0.9411,,01/01/2023,12/31/2024,-0.3772,,No,
MARIA PARHAM MEDICAL CENTER,340132,NC,2026,0.9704,,-0.1263,,07/01/2022,06/30/2024,0.000,,-1.4065,,0.602,,0.1325,,0.000,,-1.4565,,0.000,,-1.4622,,0.328,,-0.7718,,01/01/2023,12/31/2024,-0.8484,,No,
NOVANT HEALTH NEW HANOVER REGIONAL MEDICAL CENTER,340141,NC,2026,1.0105,,0.1539,,07/01/2022,06/30/2024,0.833,,0.5259,,0.876,,0.7930,,1.326,,0.8150,,0.328,,-0.1921,,0.695,,-0.0048,,01/01/2023,12/31/2024,0.3485,,No,
CARTERET GENERAL HOSPITAL,340142,NC,2026,1.0942,,0.7382,,07/01/2022,06/30/2024,N/A,13,N/A,5,1.100,,1.3329,,1.562,,1.2192,,0.892,,1.9917,,1.521,,1.7215,,01/01/2023,12/31/2024,1.4007,,Yes,
CATAWBA VALLEY MEDICAL CENTER,340143,NC,2026,0.9324,,-0.3916,,07/01/2022,06/30/2024,0.523,,-0.1932,,0.619,,0.1735,,0.286,,-0.9666,,0.158,,-0.8504,,0.535,,-0.3392,,01/01/2023,12/31/2024,-0.4279,,No,
ATRIUM HEALTH LINCOLN,340145,NC,2026,0.9035,,-0.5931,,07/01/2022,06/30/2024,1.222,,1.4283,,1.111,,1.3595,,1.913,,1.8205,,0.263,,-0.4438,,0.386,,-0.6506,,01/01/2023,12/31/2024,0.4868,,Yes,
UNC HEALTH NASH,340147,NC,2026,0.9606,,-0.1943,,07/01/2022,06/30/2024,0.802,,0.4540,,0.656,,0.2627,,2.341,,2.1717,,0.134,,-0.9433,,0.866,,0.3526,,01/01/2023,12/31/2024,0.3505,,No,
NOVANT HEALTH MEDICAL PARK HOSPITAL,340148,NC,2026,0.8772,,-0.7769,,07/01/2022,06/30/2024,N/A,13,N/A,5,0.000,,-1.3186,,0.251,,-1.0265,,0.000,,-1.4622,,N/A,13,N/A,5,01/01/2023,12/31/2024,-1.1460,,No,
ECU HEALTH NORTH HOSPITAL,340151,NC,2026,0.9215,,-0.4675,,07/01/2022,06/30/2024,0.288,,-0.7384,,1.422,,2.1091,,N/A,13,N/A,5,0.314,,-0.2463,,0.380,,-0.6631,,01/01/2023,12/31/2024,-0.0012,,No,
DUKE REGIONAL HOSPITAL,340155,NC,2026,0.9824,,-0.0422,,07/01/2022,06/30/2024,0.739,,0.3078,,0.445,,-0.2459,,0.369,,-0.8244,,0.175,,-0.7845,,0.576,,-0.2535,,01/01/2023,12/31/2024,-0.3071,,No,
CHEROKEE INDIAN HOSPITAL AUTHORITY,340156,NC,2026,N/A,13,N/A,5,07/01/2022,06/30/2024,N/A,13,N/A,5,N/A,13,N/A,5,N/A,13,N/A,5,0.352,,-0.0992,,N/A,13,N/A,5,01/01/2023,12/31/2024,-0.0992,,No,
NOVANT HEALTH BRUNSWICK MEDICAL CENTER,340158,NC,2026,0.8825,,-0.7400,,07/01/2022,06/30/2024,0.000,,-1.4065,,0.232,,-0.7594,,0.815,,-0.0604,,0.433,,0.2144,,0.531,,-0.3475,,01/01/2023,12/31/2024,-0.5165,,No,
PERSON MEMORIAL HOSPITAL,340159,NC,2026,1.1702,,1.2687,,07/01/2022,06/30/2024,N/A,13,N/A,5,N/A,13,N/A,5,N/A,13,N/A,5,0.000,,-1.4622,,N/A,13,N/A,5,01/01/2023,12/31/2024,-0.0968,,No,
ATRIUM HEALTH UNIVERSITY CITY,340166,NC,2026,1.0169,,0.1982,,07/01/2022,06/30/2024,0.813,,0.4795,,1.132,,1.4101,,0.477,,-0.6394,,0.227,,-0.5832,,0.830,,0.2773,,01/01/2023,12/31/2024,0.1904,,No,
WILMINGTON TREATMENT CENTER,340168,NC,2026,N/A,13,N/A,5,07/01/2022,06/30/2024,N/A,13,N/A,5,N/A,13,N/A,5,N/A,12,N/A,5,N/A,18,2.1931,18,N/A,18,2.2251,18,01/01/2023,12/31/2024,2.2091,18,Yes,
NOVANT HEALTH MATTHEWS MEDICAL CENTER,340171,NC,2026,0.9136,,-0.5227,,07/01/2022,06/30/2024,1.037,,0.9991,,0.684,,0.3302,,0.774,,-0.1306,,0.179,,-0.7691,,0.913,,0.4508,,01/01/2023,12/31/2024,0.0596,,No,
"WAKEMED, CARY HOSPITAL",340173,NC,2026,1.0361,,0.3327,,07/01/2022,06/30/2024,0.775,,0.3914,,0.590,,0.1036,,0.625,,-0.3858,,0.194,,-0.7110,,0.451,,-0.5147,,01/01/2023,12/31/2024,-0.1307,,No,
NOVANT HEALTH HUNTERSVILLE MEDICAL CENTER,340183,NC,2026,0.8820,,-0.7430,,07/01/2022,06/30/2024,0.982,,0.8715,,1.217,,1.6150,,0.514,,-0.5760,,0.229,,-0.5755,,0.000,,-1.4573,,01/01/2023,12/31/2024,-0.1442,,No,
HAYWOOD REGIONAL MEDICAL CENTER,340184,NC,2026,0.9414,,-0.3286,,07/01/2022,06/30/2024,0.000,,-1.4065,,0.000,,-1.3186,,0.363,,-0.8347,,0.229,,-0.5755,,1.274,,1.2053,,01/01/2023,12/31/2024,-0.5431,,No,
CAPE FEAR VALLEY HOKE HOSPITAL,340188,NC,2026,0.9440,,-0.3104,,07/01/2022,06/30/2024,N/A,13,N/A,5,N/A,13,N/A,5,N/A,12,N/A,5,0.378,,0.0015,,N/A,13,N/A,5,01/01/2023,12/31/2024,-0.1544,,No,
NOVANT HEALTH MINT HILL MEDICAL CENTER,340190,NC,2026,0.9438,,-0.3115,,07/01/2022,06/30/2024,N/A,13,N/A,5,N/A,13,N/A,5,0.722,,-0.2197,,0.072,,-1.1834,,N/A,13,N/A,5,01/01/2023,12/31/2024,-0.5715,,No,
NOVANT HEALTH BALLANTYNE MEDICAL CENTER,340195,NC,2026,N/A,5,N/A,5,07/01/2022,06/30/2024,N/A,13,N/A,5,N/A,13,N/A,5,N/A,13,N/A,5,0.295,,-0.3199,,N/A,13,N/A,5,01/01/2023,12/31/2024,-0.3199,,No,
CHI ST ALEXIUS HEALTH,350002,ND,2026,1.1619,,1.2107,,07/01/2022,06/30/2024,1.086,,1.1128,,0.657,,0.2651,,1.503,,1.1182,,0.558,,0.6984,,0.915,,0.4550,,01/01/2023,12/31/2024,0.8100,,Yes,
TRINITY HOSPITALS,350006,ND,2026,1.0244,,0.2509,,07/01/2022,06/30/2024,0.704,,0.2266,,0.140,,-0.9811,,0.913,,0.1075,,0.233,,-0.5600,,0.283,,-0.8658,,01/01/2023,12/31/2024,-0.3037,,No,
SANFORD MEDICAL CENTER FARGO,350011,ND,2026,1.0823,,0.6553,,07/01/2022,06/30/2024,0.325,,-0.6525,,0.081,,-1.1234,,0.875,,0.0424,,0.315,,-0.2425,,0.428,,-0.5628,,01/01/2023,12/31/2024,-0.3139,,No,
SANFORD MEDICAL CENTER BISMARCK,350015,ND,2026,1.0657,,0.5393,,07/01/2022,06/30/2024,0.183,,-0.9820,,0.481,,-0.1592,,0.797,,-0.0912,,0.354,,-0.0915,,0.589,,-0.2263,,01/01/2023,12/31/2024,-0.1685,,No,
