facility_id,facility_name,address,citytown,state,zip_code,countyparish,telephone_number,hospital_type,hospital_ownership,emergency_services,meets_criteria_for_birthing_friendly_designation,hospital_overall_rating,hospital_overall_rating_footnote,mort_group_measure_count,count_of_facility_mort_measures,count_of_mort_measures_better,count_of_mort_measures_no_different,count_of_mort_measures_worse,mort_group_footnote,safety_group_measure_count,count_of_facility_safety_measures,count_of_safety_measures_better,count_of_safety_measures_no_different,count_of_safety_measures_worse,safety_group_footnote,readm_group_measure_count,count_of_facility_readm_measures,count_of_readm_measures_better,count_of_readm_measures_no_different,count_of_readm_measures_worse,readm_group_footnote,pt_exp_group_measure_count,count_of_facility_pt_exp_measures,pt_exp_group_footnote,te_group_measure_count,count_of_facility_te_measures,te_group_footnote
010001,SOUTHEAST HEALTH MEDICAL CENTER,1108 ROSS CLARK CIRCLE,DOTHAN,AL,36301,HOUSTON,(334) 793-8701,Acute Care Hospitals,Government - Hospital District or Authority,Yes,Y,4,,8,8,0,8,0,,8,7,3,4,0,,11,11,1,9,1,,15,15,,10,10,
010005,MARSHALL MEDICAL CENTERS,2505 U S HIGHWAY 431 NORTH,BOAZ,AL,35957,MARSHALL,(256) 593-8310,Acute Care Hospitals,Government - Hospital District or Authority,Yes,Y,3,,8,6,0,5,1,,8,7,0,7,0,,11,9,1,8,0,,15,15,,10,10,
010006,NORTH ALABAMA MEDICAL CENTER,1701 VETERANS DRIVE,FLORENCE,AL,35630,LAUDERDALE,(256) 768-8400,Acute Care Hospitals,Proprietary,Yes,Y,2,,8,8,0,5,3,,8,8,4,4,0,,11,9,1,8,0,,15,15,,10,9,
010007,MIZELL MEMORIAL HOSPITAL,702 N MAIN ST,OPP,AL,36467,COVINGTON,(334) 493-3541,Acute Care Hospitals,Voluntary non-profit - Private,Yes,,1,,8,4,0,3,1,,8,2,0,2,0,,11,5,0,3,2,,15,5,,10,7,
010011,ST. VINCENT'S EAST,50 MEDICAL PARK EAST DRIVE,BIRMINGHAM,AL,35235,JEFFERSON,(205) 838-3122,Acute Care Hospitals,Voluntary non-profit - Private,Yes,,3,29,8,8,0,8,0,29,8,7,1,6,0,29,11,8,1,5,2,29,15,10,29,10,7,29
010012,DEKALB REGIONAL MEDICAL CENTER,200 MED CENTER DRIVE,FORT PAYNE,AL,35968,DE KALB,(256) 845-3150,Acute Care Hospitals,Proprietary,Yes,Y,2,,8,5,0,5,0,,8,4,0,4,0,,11,8,0,6,2,,15,15,,10,9,
010016,SHELBY BAPTIST MEDICAL CENTER,1000 FIRST STREET NORTH,ALABASTER,AL,35007,SHELBY,(205) 620-8100,Acute Care Hospitals,Voluntary non-profit - Private,Yes,,2,,8,8,0,8,0,,8,7,1,5,1,,11,9,0,8,1,,15,15,,10,6,
010018,UAB CALLAHAN EYE HOSPITAL AUTHORITY,1720 UNIVERSITY BLVD STE 305,BIRMINGHAM,AL,35233,JEFFERSON,(205) 325-8596,Acute Care Hospitals,Voluntary non-profit - Private,Yes,,Not Available,16,8,Not Available,Not Available,Not Available,Not Available,5,8,1,0,1,0,,11,1,0,1,0,,15,5,,10,3,
010019,HELEN KELLER HOSPITAL,1300 SOUTH MONTGOMERY AVENUE,SHEFFIELD,AL,35660,COLBERT,(256) 386-4556,Acute Care Hospitals,Government - Hospital District or Authority,Yes,Y,2,,8,5,0,4,1,,8,7,1,6,0,,11,7,1,5,1,,15,15,,10,9,
010021,DALE MEDICAL CENTER,126 HOSPITAL AVE,OZARK,AL,36360,DALE,(334) 774-2601,Acute Care Hospitals,Government - Hospital District or Authority,Yes,,Not Available,16,8,2,0,2,0,,8,2,0,2,0,,11,3,0,2,1,,15,5,,10,8,
010022,FLOYD CHEROKEE MEDICAL CENTER,400 NORTHWOOD DR,CENTRE,AL,35960,CHEROKEE,(256) 927-5531,Acute Care Hospitals,Proprietary,Yes,,Not Available,16,8,1,0,1,0,,8,1,0,1,0,,11,2,0,2,0,,15,Not Available,5,10,5,
010023,BAPTIST MEDICAL CENTER SOUTH,2105 EAST SOUTH BOULEVARD,MONTGOMERY,AL,36116,MONTGOMERY,(334) 288-2100,Acute Care Hospitals,Government - Hospital District or Authority,Yes,Y,2,,8,8,0,7,1,,8,7,2,4,1,,11,11,1,8,2,,15,15,,10,7,
010024,JACKSON HOSPITAL & CLINIC INC,1725 PINE STREET,MONTGOMERY,AL,36106,MONTGOMERY,(334) 293-8000,Acute Care Hospitals,Voluntary non-profit - Private,Yes,Y,2,,8,8,0,7,1,,8,6,0,4,2,,11,10,0,10,0,,15,15,,10,9,
010029,THE EAST ALABAMA HEALTHCARE AUTHORITY,2000 PEPPERELL PARKWAY,OPELIKA,AL,36801,LEE,(334) 528-1300,Acute Care Hospitals,Government - Hospital District or Authority,Yes,Y,3,,8,8,0,8,0,,8,8,1,7,0,,11,11,0,9,2,,15,15,,10,9,
010033,UNIVERSITY OF ALABAMA HOSPITAL,619 SOUTH 19TH STREET,BIRMINGHAM,AL,35233,JEFFERSON,(205) 934-4011,Acute Care Hospitals,Government - State,Yes,Y,2,,8,8,0,7,1,,8,8,4,4,0,,11,11,0,8,3,,15,15,,10,8,
010034,COMMUNITY HOSPITAL INC,805 FRIENDSHIP ROAD,TALLASSEE,AL,36078,ELMORE,(334) 283-6541,Acute Care Hospitals,Voluntary non-profit - Private,Yes,,Not Available,16,8,1,0,1,0,,8,Not Available,Not Available,Not Available,Not Available,5,11,2,0,2,0,,15,5,,10,5,
010035,CULLMAN REGIONAL MEDICAL CENTER,1912 ALABAMA HIGHWAY 157,CULLMAN,AL,35058,CULLMAN,(256) 737-2000,Acute Care Hospitals,Government - Hospital District or Authority,Yes,Y,2,,8,7,0,6,1,,8,7,1,6,0,,11,7,1,6,0,,15,15,,10,10,
010036,ANDALUSIA HEALTH,849 SOUTH THREE NOTCH STREET,ANDALUSIA,AL,36420,COVINGTON,(334) 222-8466,Acute Care Hospitals,Proprietary,Yes,Y,2,,8,5,0,5,0,,8,3,0,3,0,,11,7,0,6,1,,15,15,,10,8,
010039,HUNTSVILLE HOSPITAL,101 SIVLEY RD,HUNTSVILLE,AL,35801,MADISON,(256) 265-1000,Acute Care Hospitals,Government - Hospital District or Authority,Yes,Y,3,,8,8,0,5,3,,8,8,2,5,1,,11,11,2,7,2,,15,15,,10,10,
010040,GADSDEN REGIONAL MEDICAL CENTER,1007 GOODYEAR AVENUE,GADSDEN,AL,35903,ETOWAH,(256) 494-4000,Acute Care Hospitals,Proprietary,Yes,Y,2,,8,8,0,7,1,,8,8,3,4,1,,11,9,0,8,1,,15,15,,10,9,
010044,MARION REGIONAL MEDICAL CENTER,1256 MILITARY STREET SOUTH,HAMILTON,AL,35570,MARION,(205) 921-6200,Acute Care Hospitals,Voluntary non-profit - Private,Yes,,3,,8,3,0,3,0,,8,Not Available,Not Available,Not Available,Not Available,5,11,4,1,3,0,,15,Not Available,5,10,6,
010045,FAYETTE MEDICAL CENTER,1653 TEMPLE AVENUE NORTH,FAYETTE,AL,35555,FAYETTE,(205) 932-5966,Acute Care Hospitals,Voluntary non-profit - Other,Yes,,4,,8,4,0,4,0,,8,1,0,1,0,,11,5,1,4,0,,15,15,,10,7,
010046,RIVERVIEW REGIONAL MEDICAL CENTER,600 SOUTH THIRD STREET,GADSDEN,AL,35901,ETOWAH,(256) 543-5200,Acute Care Hospitals,Proprietary,Yes,,3,,8,7,0,7,0,,8,6,3,3,0,,11,8,0,6,2,,15,15,,10,8,
010049,MEDICAL CENTER ENTERPRISE,400 N EDWARDS STREET,ENTERPRISE,AL,36330,COFFEE,(334) 347-0584,Acute Care Hospitals,Proprietary,Yes,Y,4,,8,5,0,5,0,,8,3,1,2,0,,11,7,1,6,0,,15,15,,10,10,
010051,GREENE COUNTY HOSPITAL,509 WILSON AVENUE,EUTAW,AL,35462,GREENE,(205) 372-3388,Acute Care Hospitals,Voluntary non-profit - Other,Yes,,Not Available,16,8,Not Available,Not Available,Not Available,Not Available,5,8,Not Available,Not Available,Not Available,Not Available,5,11,Not Available,Not Available,Not Available,Not Available,5,15,Not Available,5,10,3,
010052,LAKE MARTIN COMMUNITY HOSPITAL,201 MARIARDEN ROAD,DADEVILLE,AL,36853,TALLAPOOSA,(256) 825-7821,Acute Care Hospitals,Proprietary,Yes,,Not Available,16,8,2,0,2,0,,8,Not Available,Not Available,Not Available,Not Available,5,11,2,0,2,0,,15,10,,10,6,
010055,FLOWERS HOSPITAL,4370 WEST MAIN STREET,DOTHAN,AL,36302,HOUSTON,(334) 793-5000,Acute Care Hospitals,Proprietary,Yes,Y,2,,8,8,0,8,0,,8,8,4,4,0,,11,9,0,7,2,,15,15,,10,9,
010056,ST VINCENT'S BIRMINGHAM,810 ST VINCENT'S DRIVE,BIRMINGHAM,AL,35205,JEFFERSON,(205) 939-7000,Acute Care Hospitals,Voluntary non-profit - Private,Yes,Y,3,29,8,8,0,8,0,29,8,7,1,6,0,29,11,9,1,6,2,29,15,10,29,10,7,29
010058,BIBB MEDICAL CENTER,208 PIERSON AVE,CENTREVILLE,AL,35042,BIBB,(205) 926-4881,Acute Care Hospitals,Government - Hospital District or Authority,Yes,Y,Not Available,16,8,2,0,2,0,,8,Not Available,Not Available,Not Available,Not Available,5,11,2,1,1,0,,15,5,,10,6,
010061,HIGHLANDS MEDICAL CENTER,380 WOODS COVE ROAD,SCOTTSBORO,AL,35768,JACKSON,(256) 259-4444,Acute Care Hospitals,Government - Hospital District or Authority,Yes,Y,3,,8,5,0,5,0,,8,2,1,1,0,,11,6,1,5,0,,15,15,,10,8,
010062,WIREGRASS MEDICAL CENTER,1200 W MAPLE AVENUE,GENEVA,AL,36340,GENEVA,(334) 684-3655,Acute Care Hospitals,Government - Hospital District or Authority,Yes,,Not Available,16,8,1,0,1,0,,8,2,0,2,0,,11,2,0,2,0,,15,5,,10,6,
010065,RUSSELL MEDICAL CENTER,3316 HIGHWAY 280,ALEXANDER CITY,AL,35010,TALLAPOOSA,(256) 329-7100,Acute Care Hospitals,Voluntary non-profit - Private,Yes,Y,3,,8,5,0,5,0,,8,4,0,4,0,,11,9,1,8,0,,15,15,,10,7,
010073,CLAY COUNTY HOSPITAL,83825 HIGHWAY 9    P O BOX 1270,ASHLAND,AL,36251,CLAY,(256) 354-2131,Acute Care Hospitals,Government - Hospital District or Authority,Yes,,Not Available,16,8,2,0,2,0,,8,1,0,1,0,,11,3,1,2,0,,15,5,,10,7,
010078,NORTHEAST ALABAMA REGIONAL MEDICAL CENTER,400 EAST 10TH STREET,ANNISTON,AL,36207,CALHOUN,(256) 235-5121,Acute Care Hospitals,Government - Local,Yes,Y,1,,8,7,0,6,1,,8,7,0,7,0,,11,10,0,9,1,,15,15,,10,9,
010079,ATHENS LIMESTONE HOSPITAL,700 WEST MARKET STREET,ATHENS,AL,35611,LIMESTONE,(256) 233-9292,Acute Care Hospitals,Government - Hospital District or Authority,Yes,Y,2,,8,5,0,4,1,,8,6,1,5,0,,11,7,0,5,2,,15,15,,10,10,
010083,BALDWIN HEALTH,1613 NORTH MCKENZIE STREET,FOLEY,AL,36535,BALDWIN,(251) 949-3400,Acute Care Hospitals,Proprietary,Yes,Y,4,,8,6,0,6,0,,8,7,2,5,0,,11,8,2,6,0,,15,15,,10,10,
010085,DECATUR MORGAN HOSPITAL - DECATUR CAMPUS,1201 7TH STREET SE,DECATUR,AL,35601,MORGAN,(256) 341-2000,Acute Care Hospitals,Government - Hospital District or Authority,Yes,Y,3,,8,7,0,6,1,,8,7,2,5,0,,11,7,0,7,0,,15,15,,10,9,
010086,NORTHWEST MEDICAL CENTER,1530 U S HIGHWAY 43,WINFIELD,AL,35594,FAYETTE,(205) 487-7000,Acute Care Hospitals,Proprietary,Yes,,4,,8,4,0,4,0,,8,1,0,1,0,,11,5,1,4,0,,15,5,,10,8,
010087,USA HEALTH UNIVERSITY HOSPITAL,2451 FILLINGIM STREET,MOBILE,AL,36617,MOBILE,(251) 471-7110,Acute Care Hospitals,Government - State,Yes,,2,,8,6,0,6,0,,8,6,2,3,1,,11,7,0,6,1,,15,15,,10,7,
010089,WALKER BAPTIST MEDICAL CENTER,3400 HIGHWAY 78 EAST,JASPER,AL,35502,WALKER,(205) 387-4000,Acute Care Hospitals,Proprietary,Yes,Y,3,,8,5,0,5,0,,8,6,1,5,0,,11,6,0,6,0,,15,15,,10,7,
010090,"USA HEALTH HCA PROVIDENCE HOSPITAL, LLC",6801 AIRPORT BOULEVARD,MOBILE,AL,36608,MOBILE,(251) 633-1000,Acute Care Hospitals,Voluntary non-profit - Church,Yes,Y,3,,8,8,0,8,0,,8,7,2,5,0,,11,9,0,7,2,,15,15,,10,7,
010091,GROVE HILL MEMORIAL HOSPITAL,295 JACKSON HWY S,GROVE HILL,AL,36451,CLARKE,(251) 275-3191,Acute Care Hospitals,Government - Hospital District or Authority,Yes,,Not Available,16,8,Not Available,Not Available,Not Available,Not Available,5,8,Not Available,Not Available,Not Available,Not Available,5,11,1,0,1,0,,15,5,,10,6,
010092,DCH REGIONAL MEDICAL CENTER,809 UNIVERSITY BOULEVARD EAST,TUSCALOOSA,AL,35401,TUSCALOOSA,(205) 759-7111,Acute Care Hospitals,Government - Hospital District or Authority,Yes,Y,2,,8,7,0,7,0,,8,7,2,5,0,,11,9,1,4,4,,15,15,,10,10,
010095,HALE COUNTY HOSPITAL,508 GREENE STREET,GREENSBORO,AL,36744,HALE,(334) 624-3024,Acute Care Hospitals,Government - Hospital District or Authority,Yes,,Not Available,16,8,1,0,1,0,,8,Not Available,Not Available,Not Available,Not Available,5,11,1,0,1,0,,15,Not Available,5,10,4,
010097,ELMORE COMMUNITY HOSPITAL,500 HOSPITAL DRIVE,WETUMPKA,AL,36092,ELMORE,(334) 567-4311,Acute Care Hospitals,Proprietary,Yes,,Not Available,16,8,2,0,2,0,,8,Not Available,Not Available,Not Available,Not Available,5,11,3,0,2,1,,15,Not Available,5,10,6,
010099,D W MCMILLAN MEMORIAL HOSPITAL,1301 BELLEVILLE AVENUE,BREWTON,AL,36426,ESCAMBIA,(251) 867-8061,Acute Care Hospitals,Government - Hospital District or Authority,Yes,Y,1,,8,3,0,3,0,,8,2,0,2,0,,11,4,0,3,1,,15,15,,10,6,
010100,THOMAS HOSPITAL,750 MORPHY AVENUE,FAIRHOPE,AL,36532,BALDWIN,(251) 928-2375,Acute Care Hospitals,Voluntary non-profit - Private,Yes,Y,2,,8,8,0,6,2,,8,7,0,7,0,,11,9,1,6,2,,15,15,,10,9,
010101,CITIZENS BAPTIST MEDICAL CENTER,604 STONE AVENUE,TALLADEGA,AL,35160,TALLADEGA,(256) 761-4542,Acute Care Hospitals,Voluntary non-profit - Private,Yes,,1,,8,3,0,3,0,,8,2,0,2,0,,11,4,0,3,1,,15,15,,10,7,
010103,PRINCETON BAPTIST MEDICAL CENTER,701 PRINCETON AVENUE SOUTHWEST,BIRMINGHAM,AL,35211,JEFFERSON,(205) 783-3800,Acute Care Hospitals,Voluntary non-profit - Church,Yes,,3,,8,8,1,7,0,,8,7,3,4,0,,11,9,1,7,1,,15,15,,10,7,
010104,GRANDVIEW MEDICAL CENTER,3690 GRANDVIEW PARKWAY,BIRMINGHAM,AL,35243,JEFFERSON,(205) 971-1000,Acute Care Hospitals,Proprietary,Yes,Y,3,,8,8,0,7,1,,8,8,4,4,0,,11,11,1,6,4,,15,15,,10,9,
010108,PRATTVILLE BAPTIST HOSPITAL,124 S MEMORIAL DR,PRATTVILLE,AL,36067,AUTAUGA,(334) 361-4267,Acute Care Hospitals,Government - Hospital District or Authority,Yes,,3,,8,5,0,5,0,,8,3,0,3,0,,11,5,1,4,0,,15,15,,10,9,
010110,BULLOCK COUNTY HOSPITAL,102 WEST CONECUH AVENUE,UNION SPRINGS,AL,36089,BULLOCK,(334) 738-2140,Acute Care Hospitals,Proprietary,Yes,,Not Available,16,8,Not Available,Not Available,Not Available,Not Available,5,8,Not Available,Not Available,Not Available,Not Available,5,11,Not Available,Not Available,Not Available,Not Available,5,15,Not Available,5,10,2,
010112,WHITFIELD REGIONAL HOSPITAL,105 HIGHWAY 80 EAST,DEMOPOLIS,AL,36732,MARENGO,(334) 289-4000,Acute Care Hospitals,Government - Hospital District or Authority,Yes,,2,,8,3,0,3,0,,8,2,0,2,0,,11,5,0,4,1,,15,15,,10,7,
010113,MOBILE INFIRMARY MEDICAL CENTER,5 MOBILE INFIRMARY CIRCLE,MOBILE,AL,36607,MOBILE,(251) 435-4700,Acute Care Hospitals,Voluntary non-profit - Private,Yes,Y,2,,8,8,0,8,0,,8,8,3,3,2,,11,11,0,8,3,,15,15,,10,8,
010114,"MEDICAL WEST, AN AFFILIATE OF UAB HEALTH SYSTEM",995 9TH AVENUE SOUTHWEST,BESSEMER,AL,35022,JEFFERSON,(205) 481-7000,Acute Care Hospitals,Government - Hospital District or Authority,Yes,Y,3,,8,4,0,4,0,,8,6,2,4,0,,11,6,0,5,1,,15,15,,10,7,
010118,VAUGHAN REGIONAL MEDICAL CENTER PARKWAY CAMPUS,1015 MEDICAL CENTER PARKWAY,SELMA,AL,36701,DALLAS,(334) 418-4100,Acute Care Hospitals,Proprietary,Yes,Y,2,,8,5,0,5,0,,8,3,1,2,0,,11,5,0,4,1,,15,15,,10,8,
010120,MONROE COUNTY HOSPITAL,2016 SOUTH ALABAMA AVENUE,MONROEVILLE,AL,36460,MONROE,(251) 575-3111,Acute Care Hospitals,Government - Hospital District or Authority,Yes,,1,,8,3,0,3,0,,8,2,0,2,0,,11,4,0,3,1,,15,5,,10,7,
010125,LAKELAND COMMUNITY HOSPITAL,42024 HIGHWAY 195 E,HALEYVILLE,AL,35565,WINSTON,(205) 485-7117,Acute Care Hospitals,Proprietary,Yes,,3,,8,4,0,4,0,,8,Not Available,Not Available,Not Available,Not Available,5,11,4,0,4,0,,15,10,,10,6,
010126,TROY REGIONAL MEDICAL CENTER,1330 HIGHWAY 231 SOUTH,TROY,AL,36081,PIKE,(334) 670-5000,Acute Care Hospitals,Government - Federal,Yes,,4,,8,3,0,3,0,,8,2,0,2,0,,11,5,0,5,0,,15,15,,10,6,
010128,JACKSON MEDICAL CENTER,220 HOSPITAL DRIVE,JACKSON,AL,36545,CLARKE,(251) 246-9021,Acute Care Hospitals,Proprietary,Yes,,Not Available,16,8,1,0,1,0,,8,Not Available,Not Available,Not Available,Not Available,5,11,2,0,2,0,,15,Not Available,5,10,4,
010129,NORTH BALDWIN INFIRMARY,1815 HAND AVENUE,BAY MINETTE,AL,36507,BALDWIN,(251) 937-5521,Acute Care Hospitals,Voluntary non-profit - Private,Yes,Y,3,,8,3,0,3,0,,8,2,0,2,0,,11,7,0,7,0,,15,15,,10,7,
010130,ST VINCENT'S ST CLAIR,7063 VETERANS PARKWAY,PELL CITY,AL,35125,ST. CLAIR,(205) 338-3301,Acute Care Hospitals,Voluntary non-profit - Private,Yes,,3,29,8,4,0,4,0,29,8,1,0,1,0,29,11,5,0,3,2,29,15,10,29,10,7,29
010131,CRESTWOOD MEDICAL CENTER,ONE HOSPITAL DR SE,HUNTSVILLE,AL,35801,MADISON,(256) 429-4000,Acute Care Hospitals,Proprietary,Yes,Y,3,,8,7,0,7,0,,8,8,2,6,0,,11,8,1,5,2,,15,15,,10,9,
010138,HILL HOSPITAL OF SUMTER COUNTY,751 DERBY DRIVE,YORK,AL,36925,SUMTER,(205) 392-5263,Acute Care Hospitals,Government - Hospital District or Authority,Yes,,Not Available,16,8,Not Available,Not Available,Not Available,Not Available,5,8,Not Available,Not Available,Not Available,Not Available,5,11,Not Available,Not Available,Not Available,Not Available,5,15,Not Available,5,10,3,
010139,BAPTIST HEALTH BROOKWOOD HOSPITAL,1280 COLUMBIANA ROAD STE 102,VESTAVIA,AL,35216,JEFFERSON,(205) 877-1000,Acute Care Hospitals,Proprietary,Yes,Y,3,,8,8,0,8,0,,8,7,3,4,0,,11,8,0,8,0,,15,15,,10,7,
010144,SPRINGHILL MEDICAL CENTER,3719 DAUPHIN STREET,MOBILE,AL,36608,MOBILE,(251) 460-5220,Acute Care Hospitals,Proprietary,Yes,Y,3,,8,8,0,8,0,,8,8,1,7,0,,11,9,0,7,2,,15,15,,10,8,
010148,EVERGREEN MEDICAL CENTER,101 CRESTVIEW AVENUE,EVERGREEN,AL,36401,CONECUH,(251) 578-2480,Acute Care Hospitals,Proprietary,Yes,,3,,8,4,0,4,0,,8,Not Available,Not Available,Not Available,Not Available,5,11,5,1,4,0,,15,10,,10,5,
010149,BAPTIST MEDICAL CENTER EAST,400 TAYLOR ROAD,MONTGOMERY,AL,36117,MONTGOMERY,(334) 244-8330,Acute Care Hospitals,Government - Hospital District or Authority,Yes,Y,4,,8,6,0,6,0,,8,7,2,5,0,,11,6,0,4,2,,15,15,,10,10,
01014F,BIRMINGHAM VA MEDICAL CENTER,700 SOUTH 19TH STREET,BIRMINGHAM,AL,35233,JEFFERSON,(205) 933-4515,Acute Care - Veterans Administration,Veterans Health Administration,Yes,,4,,8,5,1,4,0,,8,4,0,4,0,,11,6,1,5,0,,15,10,,10,5,
010150,THE HEALTH CARE AUTHORITY OF THE CITY OF GREENVILLE- LV STABLER HOSPITAL,29 L V STABLER DRIVE,GREENVILLE,AL,36037,BUTLER,(334) 382-2200,Acute Care Hospitals,Proprietary,Yes,,Not Available,16,8,1,0,1,0,,8,2,0,2,0,,11,2,0,2,0,,15,Not Available,5,10,7,
010157,NORTH ALABAMA SHOALS HOSPITAL,201 WEST AVALON AVENUE,MUSCLE SHOALS,AL,35661,COLBERT,(256) 386-1601,Acute Care Hospitals,Proprietary,Yes,,Not Available,16,8,1,0,1,0,,8,2,0,2,0,,11,2,0,2,0,,15,5,,10,6,
010158,RUSSELLVILLE HOSPITAL,15155 HIGHWAY 43,RUSSELLVILLE,AL,35653,FRANKLIN,(256) 332-1611,Acute Care Hospitals,Proprietary,Yes,,4,,8,3,0,3,0,,8,3,0,3,0,,11,6,0,6,0,,15,5,,10,7,
010164,COOSA VALLEY MEDICAL CENTER,315 W HICKORY ST,SYLACAUGA,AL,35150,TALLADEGA,(256) 249-5000,Acute Care Hospitals,Government - Hospital District or Authority,Yes,Y,3,,8,4,0,4,0,,8,3,0,3,0,,11,8,0,6,2,,15,15,,10,9,
010168,JACK HUGHSTON MEMORIAL HOSPITAL,4401 RIVER CHASE DRIVE,PHENIX CITY,AL,36867,RUSSELL,(334) 732-3000,Acute Care Hospitals,Government - State,Yes,,4,,8,1,0,1,0,,8,3,0,3,0,,11,4,1,3,0,,15,15,,10,6,
010169,ATMORE COMMUNITY HOSPITAL,401 MEDICAL PARK DRIVE,ATMORE,AL,36502,ESCAMBIA,(251) 368-2500,Acute Care Hospitals,Government - Hospital District or Authority,Yes,,3,,8,3,0,3,0,,8,2,0,2,0,,11,3,0,2,1,,15,Not Available,5,10,5,
010173,ST VINCENT'S CHILTON,2030 LAY DAM ROAD,CLANTON,AL,35045,CHILTON,(205) 258-4400,Acute Care Hospitals,Voluntary non-profit - Church,Yes,,Not Available,16,8,2,0,2,0,29,8,1,0,1,0,29,11,3,0,3,0,29,15,Not Available,5,10,6,29
01019F,VA CENTRAL ALABAMA HEALTHCARE SYSTEM - MONTGOMERY,215 PERRY HILL ROAD,MONTGOMERY,AL,36109,MONTGOMERY,(334) 260-4100,Acute Care - Veterans Administration,Veterans Health Administration,Yes,,4,,8,3,0,3,0,,8,Not Available,Not Available,Not Available,Not Available,5,11,4,1,3,0,,15,10,,10,4,
01021F,TUSCALOOSA VA MEDICAL CENTER,3701 LOOP ROAD EAST,TUSCALOOSA,AL,35404,TUSCALOOSA,(205) 554-2000,Acute Care - Veterans Administration,Veterans Health Administration,No,,Not Available,16,8,Not Available,Not Available,Not Available,Not Available,5,8,Not Available,Not Available,Not Available,Not Available,5,11,Not Available,Not Available,Not Available,Not Available,5,15,Not Available,5,10,1,
010779,BULLOCK COUNTY HOSPITAL,102 WEST CONECUH AVENUE,UNION SPRINGS,AL,36089,BULLOCK,(334) 738-2140,Rural Emergency Hospital,Proprietary,Yes,,Not Available,19,Not Available,Not Available,Not Available,Not Available,Not Available,19,Not Available,Not Available,Not Available,Not Available,Not Available,19,Not Available,Not Available,Not Available,Not Available,Not Available,19,Not Available,Not Available,19,Not Available,Not Available,19
010780,EAMC - LANIER,4800 48TH STREET,VALLEY,AL,36854,CHAMBERS,(334) 756-9180,Rural Emergency Hospital,Government - Hospital District or Authority,Yes,,Not Available,19,Not Available,Not Available,Not Available,Not Available,Not Available,19,Not Available,Not Available,Not Available,Not Available,Not Available,19,Not Available,Not Available,Not Available,Not Available,Not Available,19,Not Available,Not Available,19,Not Available,Not Available,19
010781,J PAUL JONES HOSPITAL,317 MCWILLIAMS AVENUE,CAMDEN,AL,36726,WILCOX,(334) 682-4131,Rural Emergency Hospital,Government - Local,Yes,,Not Available,19,Not Available,Not Available,Not Available,Not Available,Not Available,19,Not Available,Not Available,Not Available,Not Available,Not Available,19,Not Available,Not Available,Not Available,Not Available,Not Available,19,Not Available,Not Available,19,Not Available,Not Available,19
011300,WASHINGTON COUNTY HOSPITAL,14600 ST. STEPHENS AVENUE,CHATOM,AL,36518,WASHINGTON,(251) 847-2223,Critical Access Hospitals,Government - Local,Yes,,Not Available,16,8,Not Available,Not Available,Not Available,Not Available,5,8,Not Available,Not Available,Not Available,Not Available,5,11,1,0,1,0,,15,Not Available,5,10,2,
011302,RED BAY HOSPITAL,211 HOSPITAL ROAD,RED BAY,AL,35582,FRANKLIN,(256) 356-9532,Critical Access Hospitals,Government - Hospital District or Authority,Yes,,Not Available,16,8,1,0,1,0,,8,Not Available,Not Available,Not Available,Not Available,5,11,2,1,1,0,,15,Not Available,5,10,5,
011304,OCHSNER CHOCTAW GENERAL,"401 VANITY FAIR LANE, PO BOX 618",BUTLER,AL,36904,CHOCTAW,(205) 459-9100,Critical Access Hospitals,Voluntary non-profit - Private,Yes,,Not Available,16,8,Not Available,Not Available,Not Available,Not Available,5,8,Not Available,Not Available,Not Available,Not Available,5,11,Not Available,Not Available,Not Available,Not Available,5,15,Not Available,5,10,5,
011305,ST VINCENTS BLOUNT,150 GILBREATH DRIVE,ONEONTA,AL,35121,BLOUNT,(205) 274-3000,Critical Access Hospitals,Voluntary non-profit - Private,No,,Not Available,16,8,2,0,2,0,,8,Not Available,Not Available,Not Available,Not Available,5,11,3,0,3,0,,15,Not Available,5,10,6,
011306,TANNER MEDICAL CENTER-EAST ALABAMA,1032 MAIN STREET SOUTH,WEDOWEE,AL,36278,RANDOLPH,(256) 357-2111,Critical Access Hospitals,Government - Hospital District or Authority,Yes,,Not Available,16,8,2,0,2,0,,8,Not Available,Not Available,Not Available,Not Available,5,11,3,0,2,1,,15,Not Available,5,10,6,
011307,MEDICAL CENTER BARBOUR,820 W WASHINGTON ST,EUFAULA,AL,36027,BARBOUR,(334) 688-7271,Critical Access Hospitals,Government - Hospital District or Authority,Yes,,Not Available,5,8,Not Available,Not Available,Not Available,Not Available,5,8,Not Available,Not Available,Not Available,Not Available,5,11,Not Available,Not Available,Not Available,Not Available,5,15,Not Available,5,10,3,16
011308,CRENSHAW COMMUNITY HOSPITAL,101 HOSPITAL CIRCLE,LUVERNE,AL,36049,CRENSHAW,(334) 335-3374,Critical Access Hospitals,Government - Hospital District or Authority,Yes,,Not Available,5,8,Not Available,Not Available,Not Available,Not Available,5,8,Not Available,Not Available,Not Available,Not Available,5,11,Not Available,Not Available,Not Available,Not Available,5,15,Not Available,5,10,Not Available,16
011309,WIREGRASS MEDICAL CENTER,1200 W MAPLE AVENUE,GENEVA,AL,36340,GENEVA,(334) 684-3655,Critical Access Hospitals,Government - Hospital District or Authority,Yes,,Not Available,5,8,Not Available,Not Available,Not Available,Not Available,5,8,Not Available,Not Available,Not Available,Not Available,5,11,Not Available,Not Available,Not Available,Not Available,5,15,Not Available,5,10,Not Available,16
013300,THE CHILDREN'S HOSPITAL OF ALABAMA,1600 SEVENTH AVENUE SOUTH,BIRMINGHAM,AL,35233,JEFFERSON,(205) 939-9100,Childrens,Voluntary non-profit - Private,Yes,,Not Available,19,Not Available,Not Available,Not Available,Not Available,Not Available,19,Not Available,Not Available,Not Available,Not Available,Not Available,19,Not Available,Not Available,Not Available,Not Available,Not Available,19,Not Available,Not Available,19,Not Available,Not Available,19
013301,USA HEALTH CHILDREN'S & WOMEN'S HOSPITAL,1700 CENTER STREET,MOBILE,AL,36604,MOBILE,(251) 415-1000,Childrens,Government - State,Yes,,Not Available,19,Not Available,Not Available,Not Available,Not Available,Not Available,19,Not Available,Not Available,Not Available,Not Available,Not Available,19,Not Available,Not Available,Not Available,Not Available,Not Available,19,Not Available,Not Available,19,Not Available,Not Available,19
014000,HILL CREST BEHAVIORAL HEALTH SERVICES,6869 FIFTH AVENUE SOUTH,BIRMINGHAM,AL,35212,JEFFERSON,(205) 833-9000,Psychiatric,Proprietary,No,,Not Available,19,Not Available,Not Available,Not Available,Not Available,Not Available,19,Not Available,Not Available,Not Available,Not Available,Not Available,19,Not Available,Not Available,Not Available,Not Available,Not Available,19,Not Available,Not Available,19,Not Available,Not Available,19
014006,MOUNTAIN VIEW HOSPITAL,3201 SCENIC HIGHWAY,GADSDEN,AL,35902,ETOWAH,(256) 546-9265,Psychiatric,Proprietary,No,,Not Available,19,Not Available,Not Available,Not Available,Not Available,Not Available,19,Not Available,Not Available,Not Available,Not Available,Not Available,19,Not Available,Not Available,Not Available,Not Available,Not Available,19,Not Available,Not Available,19,Not Available,Not Available,19
014007,BRYCE HOSPITAL,1651 RUBY TYLER PKWY,TUSCALOOSA,AL,35404,TUSCALOOSA,(205) 759-0750,Psychiatric,Government - State,No,,Not Available,19,Not Available,Not Available,Not Available,Not Available,Not Available,19,Not Available,Not Available,Not Available,Not Available,Not Available,19,Not Available,Not Available,Not Available,Not Available,Not Available,19,Not Available,Not Available,19,Not Available,Not Available,19
014012,MARY S HARPER GERIATRIC PSYCHIATRY CENTER,201 UNIVERSITY BLVD,TUSCALOOSA,AL,35401,TUSCALOOSA,(205) 759-0900,Psychiatric,Government - State,Yes,,Not Available,19,Not Available,Not Available,Not Available,Not Available,Not Available,19,Not Available,Not Available,Not Available,Not Available,Not Available,19,Not Available,Not Available,Not Available,Not Available,Not Available,19,Not Available,Not Available,19,Not Available,Not Available,19
014014,BAYPOINTE BEHAVIORAL HEALTH,5800 SOUTHLAND DRIVE,MOBILE,AL,36693,MOBILE,(251) 661-0153,Psychiatric,Voluntary non-profit - Other,Yes,,Not Available,19,Not Available,Not Available,Not Available,Not Available,Not Available,19,Not Available,Not Available,Not Available,Not Available,Not Available,19,Not Available,Not Available,Not Available,Not Available,Not Available,19,Not Available,Not Available,19,Not Available,Not Available,19
014015,BEACON CHILDREN'S HOSPITAL,150 HOSPITAL DRIVE,LUVERNE,AL,36049,CRENSHAW,(334) 335-5040,Psychiatric,Proprietary,No,,Not Available,19,Not Available,Not Available,Not Available,Not Available,Not Available,19,Not Available,Not Available,Not Available,Not Available,Not Available,19,Not Available,Not Available,Not Available,Not Available,Not Available,19,Not Available,Not Available,19,Not Available,Not Available,19
014016,"SANCTUARY AT THE WOODLANDS, THE","1910 CHEROKEE AVENUE, SW",CULLMAN,AL,35055,CULLMAN,(256) 739-1239,Psychiatric,Proprietary,No,,Not Available,19,Not Available,Not Available,Not Available,Not Available,Not Available,19,Not Available,Not Available,Not Available,Not Available,Not Available,19,Not Available,Not Available,Not Available,Not Available,Not Available,19,Not Available,Not Available,19,Not Available,Not Available,19
014017,EASTPOINTE HOSPITAL,7400 ROPER LANE,DAPHNE,AL,36526,BALDWIN,(251) 378-6500,Psychiatric,Voluntary non-profit - Other,No,,Not Available,19,Not Available,Not Available,Not Available,Not Available,Not Available,19,Not Available,Not Available,Not Available,Not Available,Not Available,19,Not Available,Not Available,Not Available,Not Available,Not Available,19,Not Available,Not Available,19,Not Available,Not Available,19
014018,UNITY PSYCHIATRIC CARE - HUNTSVILLE,"5315 MILLENIUM DRIVE, NW",HUNTSVILLE,AL,35806,MADISON,(256) 964-6700,Psychiatric,Proprietary,No,,Not Available,19,Not Available,Not Available,Not Available,Not Available,Not Available,19,Not Available,Not Available,Not Available,Not Available,Not Available,19,Not Available,Not Available,Not Available,Not Available,Not Available,19,Not Available,Not Available,19,Not Available,Not Available,19
020001,PROVIDENCE ALASKA MEDICAL CENTER,3200 PROVIDENCE DRIVE,ANCHORAGE,AK,99508,ANCHORAGE,(907) 562-2211,Acute Care Hospitals,Voluntary non-profit - Church,Yes,Y,3,,8,8,0,7,1,,8,8,1,6,1,,11,11,1,8,2,,15,15,,10,8,
020006,MAT-SU REGIONAL MEDICAL CENTER,2500 SOUTH WOODWORTH LOOP,PALMER,AK,99645,MATANUSKA-SUSITNA,(907) 861-6000,Acute Care Hospitals,Voluntary non-profit - Other,Yes,,3,,8,7,0,5,2,,8,7,1,6,0,,11,10,0,9,1,,15,15,,10,9,
020008,BARTLETT REGIONAL HOSPITAL,3260 HOSPITAL DR,JUNEAU,AK,99801,JUNEAU,(907) 796-8900,Acute Care Hospitals,Government - Local,Yes,Y,4,,8,5,0,5,0,,8,2,0,2,0,,11,8,1,7,0,,15,15,,10,8,
020012,FAIRBANKS MEMORIAL HOSPITAL,1650 COWLES STREET,FAIRBANKS,AK,99701,FAIRBANKS NORTH STAR,(907) 452-8181,Acute Care Hospitals,Voluntary non-profit - Private,Yes,Y,2,,8,6,0,4,2,,8,5,0,5,0,,11,10,2,7,1,,15,15,,10,10,
020017,ALASKA REGIONAL HOSPITAL,2801 DEBARR ROAD,ANCHORAGE,AK,99508,ANCHORAGE,(907) 276-1131,Acute Care Hospitals,Proprietary,Yes,Y,1,,8,8,0,8,0,,8,7,1,6,0,,11,9,0,6,3,,15,15,,10,7,
020018,YUKON KUSKOKWIM DELTA REG HOSPITAL,PO BOX 287,BETHEL,AK,99559,BETHEL,(907) 543-6000,Acute Care Hospitals,Tribal,Yes,Y,5,,8,3,0,3,0,,8,1,0,1,0,,11,3,1,2,0,,15,10,,10,3,
020024,CENTRAL PENINSULA GENERAL HOSPITAL,250 HOSPITAL PLACE,SOLDOTNA,AK,99669,KENAI PENINSULA,(907) 262-4404,Acute Care Hospitals,Voluntary non-profit - Other,Yes,Y,2,,8,6,0,6,0,,8,6,0,6,0,,11,9,0,6,3,,15,15,,10,9,
020026,ALASKA NATIVE MEDICAL CENTER,4315 DIPLOMACY DR,ANCHORAGE,AK,99508,ANCHORAGE,(907) 563-2662,Acute Care Hospitals,Government - Federal,Yes,Y,2,,8,7,0,7,0,,8,7,1,4,2,,11,7,0,6,1,,15,15,,10,6,
02013F,673rd Medical Group (Joint Base Elmendorf-Richardson),673 MDG 5955 Zeamer Ave,JBER,AK,99506,ANCHORAGE,(907) 384-1110,Acute Care - Department of Defense,Department of Defense,Yes,,Not Available,22,Not Available,Not Available,Not Available,Not Available,Not Available,22,Not Available,Not Available,Not Available,Not Available,Not Available,22,Not Available,Not Available,Not Available,Not Available,Not Available,22,Not Available,Not Available,22,Not Available,Not Available,22
02014F,Bassett ACH (FT Wainwright),4076 Neely Rd,Fort Wainwright,AK,99703,FAIRBANKS NORTH STAR,(907) 361-4000,Acute Care - Department of Defense,Department of Defense,Yes,,Not Available,22,Not Available,Not Available,Not Available,Not Available,Not Available,22,Not Available,Not Available,Not Available,Not Available,Not Available,22,Not Available,Not Available,Not Available,Not Available,Not Available,22,Not Available,Not Available,22,Not Available,Not Available,22
021301,PROVIDENCE VALDEZ MEDICAL CENTER,PO BOX 550,VALDEZ,AK,99686,VALDEZ-CORDOVA,(907) 835-2249,Critical Access Hospitals,Government - Local,Yes,Y,Not Available,16,8,Not Available,Not Available,Not Available,Not Available,5,8,Not Available,Not Available,Not Available,Not Available,5,11,Not Available,Not Available,Not Available,Not Available,5,15,Not Available,5,10,4,
021302,PROVIDENCE SEWARD HOSPITAL,"417 FIRST AVENUE, PO BOX 365",SEWARD,AK,99664,KENAI PENINSULA,(907) 224-5205,Critical Access Hospitals,Government - Local,Yes,,Not Available,16,8,Not Available,Not Available,Not Available,Not Available,5,8,Not Available,Not Available,Not Available,Not Available,5,11,Not Available,Not Available,Not Available,Not Available,5,15,Not Available,5,10,4,
021304,PETERSBURG MEDICAL CENTER,PO BOX 589,PETERSBURG,AK,99833,PETERSBURG BOROUGH,(907) 772-4291,Critical Access Hospitals,Government - Local,Yes,,Not Available,16,8,1,0,1,0,,8,Not Available,Not Available,Not Available,Not Available,5,11,1,0,1,0,,15,Not Available,5,10,3,
021305,SEARHC WRANGELL MEDICAL CENTER & LTC,232 WOOD STREET,WRANGELL,AK,99929,WRANGELL CITY AND BOROUGH,(907) 874-7000,Critical Access Hospitals,Tribal,Yes,,Not Available,16,8,Not Available,Not Available,Not Available,Not Available,5,8,Not Available,Not Available,Not Available,Not Available,5,11,1,0,1,0,,15,Not Available,5,10,2,
021306,PROVIDENCE KODIAK ISLAND MEDICAL CTR,1915 EAST REZANOF DRIVE,KODIAK,AK,99615,KODIAK ISLAND BOROUGH,(907) 486-3281,Critical Access Hospitals,Voluntary non-profit - Church,Yes,,Not Available,16,8,2,0,2,0,,8,Not Available,Not Available,Not Available,Not Available,5,11,2,0,2,0,,15,5,,10,5,
021307,CORDOVA COMMUNITY MEDICAL CENTER,PO BOX 160 - 602 CHASE AVENUE,CORDOVA,AK,99574,VALDEZ-CORDOVA,(907) 424-8000,Critical Access Hospitals,Government - Local,Yes,,Not Available,16,8,Not Available,Not Available,Not Available,Not Available,5,8,Not Available,Not Available,Not Available,Not Available,5,11,Not Available,Not Available,Not Available,Not Available,5,15,Not Available,5,10,2,
021308,NORTON SOUND REGIONAL HOSPITAL,1000 GREG KRUSCHEK AVENUE (P O BOX 966),NOME,AK,99762,NOME,(907) 443-3311,Critical Access Hospitals,Tribal,Yes,Y,Not Available,16,8,2,0,2,0,,8,Not Available,Not Available,Not Available,Not Available,5,11,4,1,3,0,,15,Not Available,5,10,2,
021309,BRISTOL BAY DBA KANAKANAK HOSPITAL,P O BOX 130,DILLINGHAM,AK,99576,DILLINGHAM,(907) 842-5201,Critical Access Hospitals,Voluntary non-profit - Private,Yes,,Not Available,16,8,1,0,1,0,,8,Not Available,Not Available,Not Available,Not Available,5,11,1,0,1,0,,15,Not Available,5,10,2,
021310,MANIILAQ HEALTH CENTER,PO BOX 43,KOTZEBUE,AK,99752,NORTHWEST ARTIC BOROUGH,(907) 442-3321,Critical Access Hospitals,Tribal,Yes,,Not Available,16,8,Not Available,Not Available,Not Available,Not Available,5,8,Not Available,Not Available,Not Available,Not Available,5,11,Not Available,Not Available,Not Available,Not Available,5,15,Not Available,5,10,2,
021311,PEACEHEALTH KETCHIKAN MEDICAL CENTER,3100 TONGASS AVENUE,KETCHIKAN,AK,99901,KETCHIKAN GATEWAY,(907) 225-5171,Critical Access Hospitals,Voluntary non-profit - Church,Yes,Y,4,,8,3,0,3,0,,8,2,0,2,0,,11,6,1,5,0,,15,15,,10,9,
021312,SAMUEL SIMMONDS MEMORIAL HOSPITAL,7000 UULA ST,BARROW,AK,99723,NORTH SLOPE BOROUH,(907) 852-4611,Critical Access Hospitals,Tribal,Yes,,Not Available,16,8,3,0,3,0,,8,Not Available,Not Available,Not Available,Not Available,5,11,3,0,3,0,,15,Not Available,5,10,1,
021313,SOUTH PENINSULA HOSPITAL,4300 BARTLETT ST,HOMER,AK,99603,KENAI PENINSULA,(907) 235-8101,Critical Access Hospitals,Voluntary non-profit - Private,Yes,Y,Not Available,16,8,2,0,2,0,,8,Not Available,Not Available,Not Available,Not Available,5,11,4,0,4,0,,15,10,,10,7,
021314,SOUTHEAST ALASKA REGIONAL HEALTH CONSORTIUM,222 TONGASS DR,SITKA,AK,99835,SITKA BOROUGH,(907) 966-2411,Critical Access Hospitals,Tribal,Yes,,3,,8,4,0,4,0,,8,Not Available,Not Available,Not Available,Not Available,5,11,4,0,4,0,,15,Not Available,5,10,4,
024001,NORTH STAR HOSPITAL,2530 DEBARR RD,ANCHORAGE,AK,99508,ANCHORAGE,(907) 264-3526,Psychiatric,Proprietary,Yes,,Not Available,19,Not Available,Not Available,Not Available,Not Available,Not Available,19,Not Available,Not Available,Not Available,Not Available,Not Available,19,Not Available,Not Available,Not Available,Not Available,Not Available,19,Not Available,Not Available,19,Not Available,Not Available,19
024002,ALASKA PSYCHIATRIC INSTITUTE,3700 PIPER STREET,ANCHORAGE,AK,99508,ANCHORAGE,(907) 269-7100,Psychiatric,Government - State,No,,Not Available,19,Not Available,Not Available,Not Available,Not Available,Not Available,19,Not Available,Not Available,Not Available,Not Available,Not Available,19,Not Available,Not Available,Not Available,Not Available,Not Available,19,Not Available,Not Available,19,Not Available,Not Available,19
030002,BANNER - UNIVERSITY MEDICAL CENTER PHOENIX,1111 EAST MCDOWELL ROAD,PHOENIX,AZ,85006,MARICOPA,(602) 839-2000,Acute Care Hospitals,Voluntary non-profit - Other,Yes,Y,3,,8,8,1,7,0,,8,7,3,3,1,,11,10,1,7,2,,15,15,,10,8,
030006,TUCSON MEDICAL CENTER,5301 EAST GRANT ROAD,TUCSON,AZ,85712,PIMA,(520) 324-1399,Acute Care Hospitals,Voluntary non-profit - Private,Yes,Y,2,,8,8,0,7,1,,8,8,3,4,1,,11,11,0,8,3,,15,15,,10,8,
030007,VERDE VALLEY MEDICAL CENTER,269 SOUTH CANDY LANE,COTTONWOOD,AZ,86326,YAVAPAI,(928) 773-2357,Acute Care Hospitals,Voluntary non-profit - Private,Yes,Y,4,,8,6,0,6,0,,8,4,1,3,0,,11,9,2,6,1,,15,15,,10,10,
030010,ST. MARY'S HOSPITAL,1601 WEST ST MARY'S ROAD,TUCSON,AZ,85745,PIMA,(520) 872-3000,Acute Care Hospitals,Voluntary non-profit - Private,Yes,,2,,8,8,0,8,0,,8,5,1,4,0,,11,8,0,7,1,,15,15,,10,8,
030011,ST JOSEPH'S HOSPITAL,350 NORTH WILMOT ROAD,TUCSON,AZ,85711,PIMA,(520) 873-3000,Acute Care Hospitals,Voluntary non-profit - Other,Yes,Y,3,,8,7,0,6,1,,8,7,3,4,0,,11,8,0,8,0,,15,15,,10,7,
030012,YAVAPAI REGIONAL MEDICAL CENTER,1003 WILLOW CREEK ROAD,PRESCOTT,AZ,86301,YAVAPAI,(928) 445-2700,Acute Care Hospitals,Voluntary non-profit - Private,Yes,Y,2,,8,8,0,6,2,,8,7,2,4,1,,11,11,0,9,2,,15,15,,10,10,
030013,YUMA REGIONAL MEDICAL CENTER,2400 SOUTH AVENUE A,YUMA,AZ,85364,YUMA,(928) 336-7600,Acute Care Hospitals,Voluntary non-profit - Private,Yes,Y,2,,8,8,0,6,2,,8,8,1,7,0,,11,11,0,10,1,,15,15,,10,10,
030014,HONOR HEALTH JOHN C. LINCOLN MEDICAL CENTER,250 EAST DUNLAP AVENUE,PHOENIX,AZ,85020,MARICOPA,(602) 943-2381,Acute Care Hospitals,Voluntary non-profit - Private,Yes,,3,,8,7,0,7,0,,8,8,2,5,1,,11,10,3,5,2,,15,15,,10,8,
030016,BANNER CASA GRANDE MEDICAL CENTER,1800 EAST FLORENCE BOULEVARD,CASA GRANDE,AZ,85122,PINAL,(520) 381-6300,Acute Care Hospitals,Voluntary non-profit - Other,Yes,Y,2,,8,6,0,6,0,,8,6,1,5,0,,11,7,0,4,3,,15,15,,10,8,
030022,VALLEYWISE HEALTH MEDICAL CENTER,2601 EAST ROOSEVELT STREET,PHOENIX,AZ,85008,MARICOPA,(602) 344-5011,Acute Care Hospitals,Government - Local,No,Y,1,,8,4,0,4,0,,8,6,4,1,1,,11,3,0,1,2,,15,15,,10,7,
030023,FLAGSTAFF MEDICAL CENTER,1200 NORTH BEAVER STREET,FLAGSTAFF,AZ,86001,COCONINO,(928) 779-3366,Acute Care Hospitals,Voluntary non-profit - Private,Yes,Y,4,,8,8,0,8,0,,8,7,3,4,0,,11,11,1,9,1,,15,15,,10,8,
030024,ST JOSEPHS HOSPITAL AND MEDICAL CENTER,350 WEST THOMAS ROAD,PHOENIX,AZ,85013,MARICOPA,(602) 406-8225,Acute Care Hospitals,Voluntary non-profit - Church,Yes,Y,4,,8,8,0,8,0,,8,6,3,2,1,,11,10,1,8,1,,15,15,,10,9,
030030,ABRAZO CENTRAL CAMPUS,2000 WEST BETHANY HOME ROAD,PHOENIX,AZ,85015,MARICOPA,(602) 249-0212,Acute Care Hospitals,Physician,Yes,,2,,8,4,0,4,0,,8,6,1,5,0,,11,5,1,4,0,,15,15,,10,7,
030036,CHANDLER REGIONAL MEDICAL CENTER,1955 WEST FRYE ROAD,CHANDLER,AZ,85224,MARICOPA,(480) 728-3000,Acute Care Hospitals,Voluntary non-profit - Private,Yes,Y,4,,8,8,0,8,0,,8,7,4,3,0,,11,10,2,7,1,,15,15,,10,9,
030037,HONORHEALTH TEMPE MEDICAL CENTER,1800 EAST VAN BUREN STREET,PHOENIX,AZ,85006,MARICOPA,(602) 251-8156,Acute Care Hospitals,Proprietary,Yes,,Not Available,16,8,1,0,1,0,,8,2,0,2,0,,11,2,0,2,0,,15,5,,10,8,
030038,HONORHEALTH SCOTTSDALE OSBORN MEDICAL CENTER,7400 EAST OSBORN ROAD,SCOTTSDALE,AZ,85251,MARICOPA,(480) 882-4004,Acute Care Hospitals,Proprietary,Yes,,3,,8,7,0,7,0,,8,7,3,3,1,,11,8,0,6,2,,15,15,,10,8,
030043,CANYON VISTA MEDICAL CENTER,5700 EAST HIGHWAY 90,SIERRA VISTA,AZ,85635,COCHISE,(520) 263-2220,Acute Care Hospitals,Voluntary non-profit - Other,Yes,Y,2,,8,6,0,6,0,,8,5,1,4,0,,11,8,0,4,4,,15,15,,10,9,
030055,KINGMAN REGIONAL MEDICAL CENTER,3269 STOCKTON HILL ROAD,KINGMAN,AZ,86401,MOHAVE,(928) 757-2101,Acute Care Hospitals,Government - Hospital District or Authority,Yes,Y,3,,8,7,1,6,0,,8,6,3,3,0,,11,9,1,7,1,,15,15,,10,10,
030061,BANNER BOSWELL MEDICAL CENTER,13632 N 99TH AVE,SUN CITY,AZ,85351,MARICOPA,(623) 832-4000,Acute Care Hospitals,Voluntary non-profit - Other,Yes,,3,,8,8,0,7,1,,8,7,3,3,1,,11,9,0,6,3,,15,15,,10,9,
030062,SUMMIT HEALTHCARE REGIONAL MEDICAL CENTER,2200 EAST SHOW LOW LAKE ROAD,SHOW LOW,AZ,85901,NAVAJO,(928) 537-4375,Acute Care Hospitals,Voluntary non-profit - Private,Yes,Y,4,,8,7,0,7,0,,8,6,0,6,0,,11,10,1,9,0,,15,15,,10,10,
030064,BANNER - UNIVERSITY MEDICAL CENTER TUCSON CAMPUS,1625 NORTH CAMPBELL AVENUE,TUCSON,AZ,85719,PIMA,(520) 874-4189,Acute Care Hospitals,Voluntary non-profit - Private,Yes,Y,3,,8,8,0,8,0,,8,7,4,3,0,,11,10,2,8,0,,15,15,,10,8,
030065,BANNER DESERT MEDICAL CENTER,1400 SOUTH  DOBSON ROAD,MESA,AZ,85202,MARICOPA,(480) 412-3000,Acute Care Hospitals,Voluntary non-profit - Private,Yes,Y,2,,8,8,0,7,1,,8,7,2,5,0,,11,8,0,7,1,,15,15,,10,8,
030069,HAVASU REGIONAL MEDICAL CENTER,101 CIVIC CENTER LANE,LAKE HAVASU CITY,AZ,86403,MOHAVE,(928) 855-8185,Acute Care Hospitals,Proprietary,Yes,Y,3,,8,8,0,8,0,,8,5,1,4,0,,11,11,0,10,1,,15,15,,10,9,
030071,FORT DEFIANCE INDIAN HOSPITAL,PO BOX 649,FT. DEFIANCE,AZ,86504,APACHE,(928) 729-8000,Acute Care Hospitals,Tribal,Yes,Y,Not Available,16,8,2,0,2,0,,8,2,0,2,0,,11,3,0,3,0,,15,15,,10,3,
030073,TUBA CITY REGIONAL HEALTH CARE CORPORATION,PO BOX 600,TUBA CITY,AZ,86045,COCONINO,(928) 283-2501,Acute Care Hospitals,Voluntary non-profit - Other,No,Y,Not Available,16,8,2,0,2,0,,8,2,0,2,0,,11,2,1,1,0,,15,15,,10,6,
030074,SELLS HOSPITAL,"HIGHWAY 86, AT TOPAWA ROAD",SELLS,AZ,85634,PIMA,(520) 362-7003,Acute Care Hospitals,Tribal,Yes,,Not Available,16,8,Not Available,Not Available,Not Available,Not Available,5,8,Not Available,Not Available,Not Available,Not Available,5,11,Not Available,Not Available,Not Available,Not Available,5,15,Not Available,5,10,Not Available,5
030078,PHOENIX INDIAN MEDICAL CENTER,4212 NORTH 16TH STREET,PHOENIX,AZ,85016,MARICOPA,(602) 263-1200,Acute Care Hospitals,Government - Federal,No,,Not Available,16,8,1,0,1,0,,8,2,0,2,0,,11,1,0,1,0,,15,10,,10,2,
030083,ABRAZO SCOTTSDALE CAMPUS,3929 EAST BELL ROAD,PHOENIX,AZ,85032,MARICOPA,(602) 923-5609,Acute Care Hospitals,Proprietary,Yes,,3,,8,5,0,5,0,,8,4,0,4,0,,11,6,1,5,0,,15,15,,10,7,
030084,CHINLE COMPREHENSIVE HEALTH CARE FACILITY,"US HWY 191, HOSPITAL ROAD",CHINLE,AZ,86503,APACHE,(928) 674-7001,Acute Care Hospitals,Government - Federal,Yes,Y,Not Available,16,8,2,0,2,0,,8,2,0,2,0,,11,3,0,2,1,,15,Not Available,5,10,3,
030085,NORTHWEST MEDICAL CENTER,6200 NORTH LA CHOLLA BOULEVARD,TUCSON,AZ,85741,PIMA,(520) 469-8100,Acute Care Hospitals,Proprietary,Yes,Y,2,,8,8,0,8,0,,8,8,2,6,0,,11,11,1,9,1,,15,15,,10,9,
030087,HONORHEALTH SCOTTSDALE SHEA MEDICAL CENTER,9003 EAST SHEA BOULEVARD,SCOTTSDALE,AZ,85260,MARICOPA,(480) 323-3000,Acute Care Hospitals,Proprietary,Yes,Y,3,,8,8,1,7,0,,8,8,2,4,2,,11,11,1,10,0,,15,15,,10,8,
030088,BANNER BAYWOOD MEDICAL CENTER,6644 EAST BAYWOOD AVENUE,MESA,AZ,85206,MARICOPA,(480) 321-2000,Acute Care Hospitals,Voluntary non-profit - Private,Yes,,2,,8,6,0,5,1,,8,7,0,7,0,,11,9,1,7,1,,15,15,,10,9,
030089,BANNER THUNDERBIRD MEDICAL CENTER,5555 WEST THUNDERBIRD ROAD,GLENDALE,AZ,85306,MARICOPA,(602) 865-4470,Acute Care Hospitals,Government - Hospital District or Authority,No,Y,4,,8,8,0,8,0,,8,7,4,3,0,,11,10,0,8,2,,15,15,,10,8,
030092,HONORHEALTH DEER VALLEY MEDICAL CENTER,19829 NORTH 27TH AVENUE,PHOENIX,AZ,85027,MARICOPA,(623) 879-6100,Acute Care Hospitals,Voluntary non-profit - Private,Yes,,3,,8,8,0,8,0,,8,7,2,5,0,,11,9,0,8,1,,15,15,,10,8,
030093,BANNER DEL E. WEBB MEDICAL CENTER,14502 WEST MEEKER BOULEVARD,SUN CITY WEST,AZ,85375,MARICOPA,(623) 524-4000,Acute Care Hospitals,Voluntary non-profit - Private,Yes,Y,3,,8,7,0,7,0,,8,8,1,7,0,,11,8,1,5,2,,15,15,,10,9,
030094,ABRAZO ARROWHEAD HOSPITAL,18701 NORTH 67TH AVENUE,GLENDALE,AZ,85308,MARICOPA,(623) 561-1000,Acute Care Hospitals,Proprietary,Yes,Y,2,,8,8,0,8,0,,8,7,4,3,0,,11,9,0,6,3,,15,15,,10,9,
030101,WESTERN ARIZONA REGIONAL MEDICAL CENTER,2735 SILVER CREEK ROAD,BULLHEAD CITY,AZ,86442,MOHAVE,(928) 763-2273,Acute Care Hospitals,Proprietary,Yes,,2,,8,6,0,6,0,,8,5,1,4,0,,11,8,0,6,2,,15,15,,10,9,
030103,MAYO CLINIC HOSPITAL,5777 EAST MAYO BOULEVARD,PHOENIX,AZ,85054,MARICOPA,(480) 342-4201,Acute Care Hospitals,Voluntary non-profit - Private,Yes,,5,,8,8,5,3,0,,8,8,1,7,0,,11,11,4,7,0,,15,15,,10,9,
030105,BANNER HEART HOSPITAL,6750 EAST BAYWOOD AVENUE,MESA,AZ,85206,MARICOPA,(480) 854-5050,Acute Care Hospitals,Voluntary non-profit - Private,No,,2,,8,6,0,6,0,,8,4,1,3,0,,11,6,1,4,1,,15,15,,10,2,
030107,ARIZONA SPINE AND JOINT HOSPITAL,4620 EAST BASELINE ROAD,MESA,AZ,85206,MARICOPA,(480) 832-4770,Acute Care Hospitals,Physician,No,,Not Available,16,8,1,0,1,0,,8,2,0,2,0,,11,3,0,2,1,,15,15,,10,2,
030108,THE CORE INSTITUTE SPECIALTY HOSP,6501 NORTH 19TH AVENUE,PHOENIX,AZ,85015,MARICOPA,(602) 795-6020,Acute Care Hospitals,Physician,No,,Not Available,16,8,1,0,1,0,,8,2,0,2,0,,11,3,1,2,0,,15,15,,10,2,
030110,ABRAZO WEST CAMPUS,SALLIE,GOODYEAR,AZ,85395,MARICOPA,(623) 882-1970,Acute Care Hospitals,Proprietary,Yes,Y,2,,8,7,0,6,1,,8,6,1,5,0,,11,7,1,6,0,,15,15,,10,7,
030111,BANNER-UNIVERSITY MEDICAL CENTER SOUTH CAMPUS,2800 EAST AJO WAY,TUCSON,AZ,85713,PIMA,(520) 874-2000,Acute Care Hospitals,Voluntary non-profit - Private,Yes,,4,,8,5,0,5,0,,8,6,1,5,0,,11,6,0,6,0,,15,15,,10,7,
030112,ARIZONA ORTHOPEDIC AND SURGICAL SPECIALTY HOSPITAL,750 NORTH 40TH STREET,PHOENIX,AZ,85008,MARICOPA,(480) 603-9000,Acute Care Hospitals,Proprietary,No,,Not Available,16,8,1,0,1,0,,8,2,0,1,1,,11,3,0,2,1,,15,15,,10,2,
030113,WHITERIVER PHS INDIAN HOSPITAL,200 WEST HOSPITAL DRIVE  (PO BOX 860),WHITERIVER,AZ,85941,NAVAJO,(928) 338-4911,Acute Care Hospitals,Government - Federal,No,Y,Not Available,16,8,2,0,2,0,,8,Not Available,Not Available,Not Available,Not Available,5,11,2,0,2,0,,15,10,,10,3,
030114,ORO VALLEY HOSPITAL,1551 EAST TANGERINE ROAD,ORO VALLEY,AZ,85755,PIMA,(520) 901-3500,Acute Care Hospitals,Proprietary,Yes,,3,,8,6,0,6,0,,8,5,1,4,0,,11,8,0,8,0,,15,15,,10,8,
030115,BANNER ESTRELLA MEDICAL CENTER,9201 WEST THOMAS ROAD,PHOENIX,AZ,85037,MARICOPA,(623) 327-4000,Acute Care Hospitals,Voluntary non-profit - Private,Yes,Y,3,,8,8,1,7,0,,8,7,2,5,0,,11,8,0,7,1,,15,15,,10,8,
030117,VALLEY VIEW MEDICAL CENTER,5330 SOUTH HIGHWAY 95,FORT MOHAVE,AZ,86426,MOHAVE,(928) 788-2273,Acute Care Hospitals,Proprietary,Yes,Y,2,,8,5,0,5,0,,8,2,0,2,0,,11,6,2,4,0,,15,15,,10,8,
030119,MERCY GILBERT MEDICAL CENTER,3555 SOUTH VAL VISTA DRIVE,GILBERT,AZ,85297,MARICOPA,(480) 728-8000,Acute Care Hospitals,Voluntary non-profit - Church,Yes,Y,5,,8,7,1,6,0,,8,8,2,5,1,,11,10,0,10,0,,15,15,,10,9,
030121,HONORHEALTH FOUR PEAKS MEDICAL CENTER,1301 SOUTH CRISMON ROAD,MESA,AZ,85209,MARICOPA,(480) 358-6100,Acute Care Hospitals,Proprietary,Yes,Y,2,,8,7,0,7,0,,8,6,1,5,0,,11,8,0,7,1,,15,15,,10,8,
030122,BANNER GATEWAY MEDICAL CENTER,1900 NORTH HIGLEY ROAD,GILBERT,AZ,85234,MARICOPA,(480) 543-2000,Acute Care Hospitals,Voluntary non-profit - Other,Yes,Y,3,,8,6,0,6,0,,8,7,1,6,0,,11,8,0,8,0,,15,15,,10,8,
030123,HONORHEALTH SCOTTSDALE THOMPSON PEAK MED CTR,7400 EAST THOMPSON PEAK PARKWAY,SCOTTSDALE,AZ,85255,MARICOPA,(480) 324-7001,Acute Care Hospitals,Voluntary non-profit - Private,Yes,,5,,8,7,1,6,0,,8,7,1,6,0,,11,8,0,8,0,,15,15,,10,8,
03012F,PHOENIX VA MEDICAL CENTER,650 E. INDIAN SCHOOL ROAD,PHOENIX,AZ,85012,MARICOPA,(602) 222-6444,Acute Care - Veterans Administration,Veterans Health Administration,Yes,,5,,8,5,2,3,0,,8,4,0,4,0,,11,6,2,4,0,,15,10,,10,5,
030130,BANNER IRONWOOD MEDICAL CENTER,37000 NORTH GANTZEL ROAD,QUEEN CREEK,AZ,85140,PINAL,(480) 394-4000,Acute Care Hospitals,Voluntary non-profit - Private,Yes,Y,3,,8,4,0,4,0,,8,4,1,3,0,,11,6,1,5,0,,15,15,,10,8,
030134,BANNER GOLDFIELD MEDICAL CENTER,2050 WEST SOUTHERN AVENUE,APACHE JUNCTION,AZ,85120,PINAL,(480) 733-3300,Acute Care Hospitals,Voluntary non-profit - Other,Yes,,5,,8,3,0,3,0,,8,Not Available,Not Available,Not Available,Not Available,5,11,3,0,3,0,,15,10,,10,6,
030136,DIGNITY HEALTH - ARIZONA GENERAL HOSPITAL,7171 SOUTH 51ST AVENUE,LAVEEN,AZ,85339,MARICOPA,(623) 584-5100,Acute Care Hospitals,Proprietary,No,,Not Available,16,8,2,0,2,0,,8,Not Available,Not Available,Not Available,Not Available,5,11,2,1,1,0,,15,Not Available,5,10,7,
030138,CITY OF HOPE CANCER CENTER PHOENIX,14200 WEST CELEBRATE LIFE WAY,GOODYEAR,AZ,85338,MARICOPA,(623) 207-3000,Acute Care Hospitals,Proprietary,No,,4,,8,1,0,1,0,,8,3,0,3,0,,11,5,1,4,0,,15,15,,10,5,
030139,DIGNITY HEALTH ARIZONA GENERAL HOSPITAL,9130 EAST ELLIOT ROAD,MESA,AZ,85212,MARICOPA,(480) 410-4500,Acute Care Hospitals,Voluntary non-profit - Private,Yes,,5,,8,4,0,4,0,,8,3,0,3,0,,11,5,1,4,0,,15,15,,10,7,
03013F,VA S. ARIZONA HEALTHCARE SYSTEM,3601 SOUTH SIXTH AVENUE,TUCSON,AZ,85723,PIMA,(520) 629-1821,Acute Care - Veterans Administration,Veterans Health Administration,Yes,,5,,8,5,2,3,0,,8,4,1,2,1,,11,6,0,6,0,,15,10,,10,5,
030146,HONORHEALTH SONORAN CROSSING MEDICAL CENTER,33400 NORTH 32ND AVENUE,PHOENIX,AZ,85085,MARICOPA,(480) 882-4327,Acute Care Hospitals,Voluntary non-profit - Private,Yes,Y,4,,8,4,0,4,0,,8,6,0,6,0,,11,6,0,5,1,,15,15,,10,7,
030147,BANNER OCOTILLO MEDICAL CENTER,1405 SOUTH ALMA SCHOOL ROAD,CHANDLER,AZ,85286,MARICOPA,(480) 256-7000,Acute Care Hospitals,Voluntary non-profit - Private,Yes,Y,3,,8,4,0,4,0,,8,2,1,1,0,,11,5,0,3,2,,15,15,,10,7,
030148,NORTHWEST MEDICAL CENTER SAHUARITA,16260 SOUTH RANCHO SAHUARITA BOULEVARD,SAHUARITA,AZ,85629,PIMA,(520) 416-7100,Acute Care Hospitals,Voluntary non-profit - Private,Yes,,3,,8,6,0,6,0,,8,3,1,2,0,,11,6,0,5,1,,15,15,,10,9,
030152,EXCEPTIONAL COMMUNITY HOSPITAL - MARICOPA,19060 NORTH JOHN WAYNE PARKWAY,MARICOPA,AZ,85139,PINAL,(910) 988-9080,Acute Care Hospitals,Proprietary,Yes,,Not Available,16,8,Not Available,Not Available,Not Available,Not Available,5,8,Not Available,Not Available,Not Available,Not Available,5,11,1,0,1,0,,15,Not Available,5,10,3,
030153,EAST VALLEY ER & HOSPITAL,5656 SOUTH POWER RD,GILBERT,AZ,85295,MARICOPA,(713) 660-0557,Acute Care Hospitals,Proprietary,Yes,,Not Available,16,8,Not Available,Not Available,Not Available,Not Available,5,8,Not Available,Not Available,Not Available,Not Available,5,11,Not Available,Not Available,Not Available,Not Available,5,15,Not Available,5,10,2,
030154,EXCEPTIONAL COMMUNITY HOSPITAL YUMA,2648 SOUTH ARABY RD,YUMA,AZ,85365,YUMA,(469) 341-7800,Acute Care Hospitals,Proprietary,Yes,,Not Available,16,8,2,0,2,0,,8,Not Available,Not Available,Not Available,Not Available,5,11,2,0,2,0,,15,Not Available,5,10,3,
030155,EXCEPTIONAL COMMUNITY HOSPITAL BULLHEAD CITY,2365 HIGHWAY 95,BULLHEAD CITY,AZ,86442,MOHAVE,(469) 341-7800,Acute Care Hospitals,Proprietary,Yes,,Not Available,5,8,Not Available,Not Available,Not Available,Not Available,5,8,Not Available,Not Available,Not Available,Not Available,5,11,Not Available,Not Available,Not Available,Not Available,5,15,Not Available,5,10,1,16
030195,KAYENTA ALTERNATIVE RURAL HOSPITAL,"US HWY 160, S MP 394, KAYENTA, AZ 86033-0368",KAYENTA,AZ,86033,NAVAJO,(928) 697-4000,Acute Care Hospitals,Government - Federal,Yes,,Not Available,19,Not Available,Not Available,Not Available,Not Available,Not Available,19,Not Available,Not Available,Not Available,Not Available,Not Available,19,Not Available,Not Available,Not Available,Not Available,Not Available,19,Not Available,Not Available,19,Not Available,Not Available,19
03033F,VA NORTHERN ARIZONA HEALTHCARE SYSTEM,500 HIGHWAY 89 NORTH,PRESCOTT,AZ,86313,YAVAPAI,(928) 445-4860,Acute Care - Veterans Administration,Veterans Health Administration,Yes,,5,,8,3,0,3,0,,8,Not Available,Not Available,Not Available,Not Available,5,11,4,1,3,0,,15,10,,10,3,
031300,WICKENBURG COMMUNITY HOSPITAL,520 ROSE LANE,WICKENBURG,AZ,85390,MARICOPA,(928) 684-5421,Critical Access Hospitals,Voluntary non-profit - Other,Yes,,Not Available,16,8,2,0,2,0,,8,Not Available,Not Available,Not Available,Not Available,5,11,2,0,2,0,,15,Not Available,5,10,5,
031301,BENSON HOSPITAL,450 SOUTH OCOTILLO AVENUE,BENSON,AZ,85602,COCHISE,(520) 586-2261,Critical Access Hospitals,Voluntary non-profit - Private,Yes,,Not Available,16,8,Not Available,Not Available,Not Available,Not Available,5,8,Not Available,Not Available,Not Available,Not Available,5,11,Not Available,Not Available,Not Available,Not Available,5,15,Not Available,5,10,4,
031302,"NORTHERN COCHISE COMMUNITY HOSPITAL, INC.",901 WEST REX ALLEN DRIVE,WILLCOX,AZ,85643,COCHISE,(520) 384-3541,Critical Access Hospitals,Voluntary non-profit - Private,Yes,,Not Available,16,8,Not Available,Not Available,Not Available,Not Available,5,8,Not Available,Not Available,Not Available,Not Available,5,11,2,0,2,0,,15,Not Available,5,10,2,
031304,PAGE HOSPITAL,501 NORTH NAVAJO DRIVE,PAGE,AZ,86040,COCONINO,(928) 645-2424,Critical Access Hospitals,Government - Hospital District or Authority,Yes,Y,Not Available,16,8,Not Available,Not Available,Not Available,Not Available,5,8,Not Available,Not Available,Not Available,Not Available,5,11,Not Available,Not Available,Not Available,Not Available,5,15,Not Available,5,10,6,
031305,HOPI HEALTH CARE CENTER,"HIGHWAY 264, MILEPOST 388",POLACCA,AZ,86042,NAVAJO,(928) 737-6000,Critical Access Hospitals,Tribal,No,,Not Available,16,8,Not Available,Not Available,Not Available,Not Available,5,8,Not Available,Not Available,Not Available,Not Available,5,11,1,0,1,0,,15,Not Available,5,10,Not Available,5
031307,PARKER INDIAN HEALTH CENTER,12033 AGENCY ROAD,PARKER,AZ,85344,LAPAZ,(928) 669-2137,Critical Access Hospitals,Government - Federal,Yes,,Not Available,16,8,Not Available,Not Available,Not Available,Not Available,5,8,Not Available,Not Available,Not Available,Not Available,5,11,Not Available,Not Available,Not Available,Not Available,5,15,Not Available,5,10,Not Available,5
031308,HUHU KAM MEMORIAL HOSPITAL,483 WEST SEED FARM ROAD,SACATON,AZ,85147,PINAL,(520) 562-3321,Critical Access Hospitals,Government - Federal,Yes,,Not Available,16,8,Not Available,Not Available,Not Available,Not Available,5,8,Not Available,Not Available,Not Available,Not Available,5,11,Not Available,Not Available,Not Available,Not Available,5,15,Not Available,5,10,2,
031309,SAGE MEMORIAL HOSPITAL,HIGHWAY 264 WEST AND 191 SOUTH,GANADO,AZ,86505,APACHE,(928) 755-4500,Critical Access Hospitals,Voluntary non-profit - Private,No,,Not Available,16,8,2,0,2,0,,8,Not Available,Not Available,Not Available,Not Available,5,11,2,0,1,1,,15,Not Available,5,10,3,
031311,LITTLE COLORADO MEDICAL CENTER,1501 NORTH WILLIAMSON AVENUE,WINSLOW,AZ,86047,NAVAJO,(928) 289-4691,Critical Access Hospitals,Voluntary non-profit - Private,Yes,,Not Available,16,8,2,0,2,0,,8,Not Available,Not Available,Not Available,Not Available,5,11,3,0,2,1,,15,Not Available,5,10,5,
031312,COPPER QUEEN COMMUNITY HOSPITAL,101 COLE AVENUE,BISBEE,AZ,85603,COCHISE,(520) 432-6401,Critical Access Hospitals,Voluntary non-profit - Private,Yes,,Not Available,16,8,1,0,1,0,,8,Not Available,Not Available,Not Available,Not Available,5,11,1,0,1,0,,15,5,,10,5,
031313,HOLY CROSS HOSPITAL,1171 WEST TARGET RANGE ROAD,NOGALES,AZ,85621,SANTA CRUZ,(520) 285-3000,Critical Access Hospitals,Proprietary,Yes,Y,Not Available,16,8,Not Available,Not Available,Not Available,Not Available,5,8,Not Available,Not Available,Not Available,Not Available,5,11,Not Available,Not Available,Not Available,Not Available,5,15,5,,10,6,
031314,COBRE VALLEY REGIONAL MEDICAL CENTER,5880 SOUTH HOSPITAL DRIVE,GLOBE,AZ,85501,GILA,(928) 402-1122,Critical Access Hospitals,Voluntary non-profit - Private,Yes,,2,,8,5,0,5,0,,8,Not Available,Not Available,Not Available,Not Available,5,11,9,0,6,3,,15,10,,10,6,
031315,WHITE MOUNTAIN REGIONAL MEDICAL CENTER,118 SOUTH MOUNTAIN AVENUE,SPRINGERVILLE,AZ,85938,APACHE,(928) 333-4368,Critical Access Hospitals,Voluntary non-profit - Private,Yes,,Not Available,16,8,2,0,2,0,,8,Not Available,Not Available,Not Available,Not Available,5,11,3,0,2,1,,15,10,,10,4,
031317,LA PAZ REGIONAL HOSPITAL,1200 WEST MOHAVE ROAD,PARKER,AZ,85344,LAPAZ,(928) 669-9201,Critical Access Hospitals,Voluntary non-profit - Private,Yes,,2,,8,3,0,3,0,,8,Not Available,Not Available,Not Available,Not Available,5,11,5,0,5,0,,15,Not Available,5,10,3,
031318,BANNER PAYSON MEDICAL CENTER,807 SOUTH PONDEROSA DRIVE,PAYSON,AZ,85541,GILA,(928) 474-3222,Critical Access Hospitals,Voluntary non-profit - Other,No,Y,4,,8,5,0,5,0,,8,1,0,1,0,,11,6,1,4,1,,15,10,,10,7,
031319,MT. GRAHAM REGIONAL MEDICAL CENTER,1600 SOUTH 20TH AVENUE,SAFFORD,AZ,85546,GRAHAM,(928) 348-4000,Critical Access Hospitals,Government - Hospital District or Authority,Yes,Y,Not Available,16,8,1,0,1,0,,8,1,0,1,0,,11,4,0,4,0,,15,10,,10,8,
031320,SAN CARLOS APACHE HEALTHCARE CORPORATION,103 MEDICINE WAY ROAD,PERIDOT,AZ,85542,GILA,(928) 475-1200,Critical Access Hospitals,Tribal,Yes,,Not Available,16,8,1,0,1,0,,8,Not Available,Not Available,Not Available,Not Available,5,11,1,0,1,0,,15,Not Available,5,10,2,
033302,PHOENIX CHILDREN'S HOSPITAL,1919 EAST THOMAS ROAD,PHOENIX,AZ,85016,MARICOPA,(602) 933-1000,Childrens,Voluntary non-profit - Private,No,,Not Available,19,Not Available,Not Available,Not Available,Not Available,Not Available,19,Not Available,Not Available,Not Available,Not Available,Not Available,19,Not Available,Not Available,Not Available,Not Available,Not Available,19,Not Available,Not Available,19,Not Available,Not Available,19
034004,BANNER BEHAVIORAL HEALTH HOSPITAL,7575 EAST EARLL DRIVE,SCOTTSDALE,AZ,85251,MARICOPA,(480) 448-7500,Psychiatric,Voluntary non-profit - Private,No,,Not Available,19,Not Available,Not Available,Not Available,Not Available,Not Available,19,Not Available,Not Available,Not Available,Not Available,Not Available,19,Not Available,Not Available,Not Available,Not Available,Not Available,19,Not Available,Not Available,19,Not Available,Not Available,19
034013,COLLEGE MEDICAL CENTER PHOENIX,1800 EAST VAN BUREN,PHOENIX,AZ,85006,MARICOPA,(602) 251-8535,Psychiatric,Proprietary,No,,Not Available,19,Not Available,Not Available,Not Available,Not Available,Not Available,19,Not Available,Not Available,Not Available,Not Available,Not Available,19,Not Available,Not Available,Not Available,Not Available,Not Available,19,Not Available,Not Available,19,Not Available,Not Available,19
034020,HAVEN BEHAVIORAL HOSPITAL OF PHOENIX,"1201 SOUTH 7TH AVENUE, SUITE 200",PHOENIX,AZ,85007,MARICOPA,(623) 236-2000,Psychiatric,Proprietary,No,,Not Available,19,Not Available,Not Available,Not Available,Not Available,Not Available,19,Not Available,Not Available,Not Available,Not Available,Not Available,19,Not Available,Not Available,Not Available,Not Available,Not Available,19,Not Available,Not Available,19,Not Available,Not Available,19
034021,ARIZONA STATE HOSPITAL,2500 EAST VAN BUREN STREET,PHOENIX,AZ,85008,MARICOPA,(602) 220-6000,Psychiatric,Government - State,No,,Not Available,19,Not Available,Not Available,Not Available,Not Available,Not Available,19,Not Available,Not Available,Not Available,Not Available,Not Available,19,Not Available,Not Available,Not Available,Not Available,Not Available,19,Not Available,Not Available,19,Not Available,Not Available,19
034022,SONORA BEHAVIORAL HEALTH HOSPITAL,6050 NORTH CORONA ROAD,TUCSON,AZ,85704,PIMA,(520) 469-8700,Psychiatric,Proprietary,Yes,,Not Available,19,Not Available,Not Available,Not Available,Not Available,Not Available,19,Not Available,Not Available,Not Available,Not Available,Not Available,19,Not Available,Not Available,Not Available,Not Available,Not Available,19,Not Available,Not Available,19,Not Available,Not Available,19
034023,THE GUIDANCE CENTER,2187 NORTH VICKEY STREET,FLAGSTAFF,AZ,86004,COCONINO,(928) 527-1899,Psychiatric,Voluntary non-profit - Private,No,,Not Available,19,Not Available,Not Available,Not Available,Not Available,Not Available,19,Not Available,Not Available,Not Available,Not Available,Not Available,19,Not Available,Not Available,Not Available,Not Available,Not Available,19,Not Available,Not Available,19,Not Available,Not Available,19
034024,AURORA BEHAVIORAL HEALTH SYSTEM,6015 WEST PEORIA  AVENUE,GLENDALE,AZ,85302,MARICOPA,(623) 344-4400,Psychiatric,Proprietary,No,,Not Available,19,Not Available,Not Available,Not Available,Not Available,Not Available,19,Not Available,Not Available,Not Available,Not Available,Not Available,19,Not Available,Not Available,Not Available,Not Available,Not Available,19,Not Available,Not Available,19,Not Available,Not Available,19
034025,THE HEALING PLACE,181 WHIPPLE ST,PRESCOTT,AZ,86301,YAVAPAI,(928) 445-5211,Psychiatric,Proprietary,No,,Not Available,19,Not Available,Not Available,Not Available,Not Available,Not Available,19,Not Available,Not Available,Not Available,Not Available,Not Available,19,Not Available,Not Available,Not Available,Not Available,Not Available,19,Not Available,Not Available,19,Not Available,Not Available,19
034026,VALLEY HOSPITAL,3550 EAST PINCHOT AVENUE,PHOENIX,AZ,85018,MARICOPA,(602) 952-3900,Psychiatric,Proprietary,No,,Not Available,19,Not Available,Not Available,Not Available,Not Available,Not Available,19,Not Available,Not Available,Not Available,Not Available,Not Available,19,Not Available,Not Available,Not Available,Not Available,Not Available,19,Not Available,Not Available,19,Not Available,Not Available,19
034027,CHANGEPOINT PSYCHIATRIC HOSPITAL,1920 WEST COMMERCE DRIVE,LAKESIDE,AZ,85929,NAVAJO,(928) 368-4110,Psychiatric,Voluntary non-profit - Private,No,,Not Available,19,Not Available,Not Available,Not Available,Not Available,Not Available,19,Not Available,Not Available,Not Available,Not Available,Not Available,19,Not Available,Not Available,Not Available,Not Available,Not Available,19,Not Available,Not Available,19,Not Available,Not Available,19
034028,AURORA BEHAVIORAL HEALTHCARE-TEMPE,6350 SOUTH MAPLE AVENUE,TEMPE,AZ,85283,MARICOPA,(480) 345-5400,Psychiatric,Proprietary,No,,Not Available,19,Not Available,Not Available,Not Available,Not Available,Not Available,19,Not Available,Not Available,Not Available,Not Available,Not Available,19,Not Available,Not Available,Not Available,Not Available,Not Available,19,Not Available,Not Available,19,Not Available,Not Available,19
034029,OASIS BEHAVIORAL HEALTH HOSPITAL,"2190 NORTH GRACE BOULEVARD, BUILDING A",CHANDLER,AZ,85225,MARICOPA,(480) 917-9301,Psychiatric,Proprietary,No,,Not Available,19,Not Available,Not Available,Not Available,Not Available,Not Available,19,Not Available,Not Available,Not Available,Not Available,Not Available,19,Not Available,Not Available,Not Available,Not Available,Not Available,19,Not Available,Not Available,19,Not Available,Not Available,19
034030,PALO VERDE BEHAVIORAL HEALTH,2695 NORTH CRAYCROFT ROAD,TUCSON,AZ,85712,PIMA,(520) 322-2888,Psychiatric,Voluntary non-profit - Private,Yes,,Not Available,19,Not Available,Not Available,Not Available,Not Available,Not Available,19,Not Available,Not Available,Not Available,Not Available,Not Available,19,Not Available,Not Available,Not Available,Not Available,Not Available,19,Not Available,Not Available,19,Not Available,Not Available,19
034031,QUAIL RUN BEHAVIORAL HEALTH,2545 WEST QUAIL AVENUE,PHOENIX,AZ,85027,MARICOPA,(602) 455-5700,Psychiatric,Voluntary non-profit - Other,No,,Not Available,19,Not Available,Not Available,Not Available,Not Available,Not Available,19,Not Available,Not Available,Not Available,Not Available,Not Available,19,Not Available,Not Available,Not Available,Not Available,Not Available,19,Not Available,Not Available,19,Not Available,Not Available,19
034032,COPPER SPRINGS EAST- GILBERT,10550 WEST MCDOWELL ROAD,AVONDALE,AZ,85392,MARICOPA,(480) 565-3035,Psychiatric,Proprietary,Yes,,Not Available,19,Not Available,Not Available,Not Available,Not Available,Not Available,19,Not Available,Not Available,Not Available,Not Available,Not Available,19,Not Available,Not Available,Not Available,Not Available,Not Available,19,Not Available,Not Available,19,Not Available,Not Available,19
034033,EL DORADO SPRINGS,1400 NORTH WILMOT ROAD,TUCSON,AZ,85712,PIMA,(520) 222-8268,Psychiatric,Proprietary,No,,Not Available,19,Not Available,Not Available,Not Available,Not Available,Not Available,19,Not Available,Not Available,Not Available,Not Available,Not Available,19,Not Available,Not Available,Not Available,Not Available,Not Available,19,Not Available,Not Available,19,Not Available,Not Available,19
034034,DESTINY SPRINGS HEALTHCARE,17300 NORTH DYSART ROAD,SURPRISE,AZ,85378,MARICOPA,(623) 233-3000,Psychiatric,Physician,No,,Not Available,19,Not Available,Not Available,Not Available,Not Available,Not Available,19,Not Available,Not Available,Not Available,Not Available,Not Available,19,Not Available,Not Available,Not Available,Not Available,Not Available,19,Not Available,Not Available,19,Not Available,Not Available,19
034035,AVENIR BEHAVIORAL HEALTH CENTER,16561 NORTH PARKVIEW PLACE,SURPRISE,AZ,85374,MARICOPA,(480) 229-9894,Psychiatric,Proprietary,No,,Not Available,19,Not Available,Not Available,Not Available,Not Available,Not Available,19,Not Available,Not Available,Not Available,Not Available,Not Available,19,Not Available,Not Available,Not Available,Not Available,Not Available,19,Not Available,Not Available,19,Not Available,Not Available,19
034038,"PHOENIX MEDICAL PSYCHIATRIC HOSPITAL, LLC",1346 EAST MCDOWELL ROAD,PHOENIX,AZ,85006,MARICOPA,(833) 312-0320,Psychiatric,Proprietary,No,,Not Available,19,Not Available,Not Available,Not Available,Not Available,Not Available,19,Not Available,Not Available,Not Available,Not Available,Not Available,19,Not Available,Not Available,Not Available,Not Available,Not Available,19,Not Available,Not Available,19,Not Available,Not Available,19
034040,VIA LINDA BEHAVIORAL HOSPITAL,9160 EAST HORSESHOE RD,SCOTTSDALE,AZ,85258,MARICOPA,(480) 476-7000,Psychiatric,Proprietary,No,,Not Available,19,Not Available,Not Available,Not Available,Not Available,Not Available,19,Not Available,Not Available,Not Available,Not Available,Not Available,19,Not Available,Not Available,Not Available,Not Available,Not Available,19,Not Available,Not Available,19,Not Available,Not Available,19
034041,AGAVE RIDGE BEHAVIORAL HOSPITAL,3322 SOUTH ELLSWORTH ROAD,MESA,AZ,85212,MARICOPA,(615) 861-6000,Psychiatric,Proprietary,No,,Not Available,19,Not Available,Not Available,Not Available,Not Available,Not Available,19,Not Available,Not Available,Not Available,Not Available,Not Available,19,Not Available,Not Available,Not Available,Not Available,Not Available,19,Not Available,Not Available,19,Not Available,Not Available,19
040001,SILOAM SPRINGS REGIONAL HOSPITAL,603 NORTH PROGRESS AVENUE,SILOAM SPRINGS,AR,72761,BENTON,(479) 524-4141,Acute Care Hospitals,Proprietary,Yes,,3,,8,3,0,3,0,,8,3,0,3,0,,11,5,0,5,0,,15,15,,10,8,
040002,JOHNSON REGIONAL MEDICAL CENTER,1100 EAST POPLAR STREET,CLARKSVILLE,AR,72830,JOHNSON,(479) 754-5454,Acute Care Hospitals,Voluntary non-profit - Private,Yes,Y,4,,8,4,0,4,0,,8,2,0,2,0,,11,6,1,5,0,,15,15,,10,7,
040004,WASHINGTON REGIONAL MEDICAL CENTER,3215 N NORTH HILLS BOULEVARD,FAYETTEVILLE,AR,72703,WASHINGTON,(479) 463-5113,Acute Care Hospitals,Voluntary non-profit - Private,Yes,Y,4,,8,8,0,8,0,,8,8,3,5,0,,11,11,5,6,0,,15,15,,10,8,
040007,CHI-ST VINCENT INFIRMARY,TWO ST VINCENT CIRCLE,LITTLE ROCK,AR,72205,PULASKI,(501) 552-3000,Acute Care Hospitals,Voluntary non-profit - Private,Yes,,3,,8,8,0,8,0,,8,6,3,3,0,,11,10,3,6,1,,15,15,,10,7,
040010,MERCY HOSPITAL NORTHWEST ARKANSAS,2710 SOUTH RIFE MEDICAL LANE,ROGERS,AR,72758,BENTON,(479) 338-8000,Acute Care Hospitals,Voluntary non-profit - Private,Yes,Y,5,,8,8,1,7,0,,8,7,3,3,1,,11,8,1,7,0,,15,15,,10,10,
040011,CHAMBERS MEMORIAL HOSPITAL,719 DETROIT STREET,DANVILLE,AR,72833,YELL,(479) 495-2241,Acute Care Hospitals,Voluntary non-profit - Private,Yes,,4,,8,4,0,4,0,,8,Not Available,Not Available,Not Available,Not Available,5,11,5,2,3,0,,15,15,,10,8,
040014,WHITE COUNTY MEDICAL CENTER,3214 EAST RACE AVENUE,SEARCY,AR,72143,WHITE,(501) 278-3100,Acute Care Hospitals,Voluntary non-profit - Private,Yes,Y,2,,8,7,0,7,0,,8,8,1,7,0,,11,10,1,7,2,,15,15,,10,10,
040016,University of Arkansas Medical Sciences,4301 WEST MARKHAM STREET MAIL SLOT 612,LITTLE ROCK,AR,72205,PULASKI,(501) 686-5000,Acute Care Hospitals,Government - State,Yes,Y,2,,8,7,0,7,0,,8,7,1,6,0,,11,9,1,7,1,,15,15,,10,9,
040017,NORTH ARKANSAS REGIONAL MEDICAL CENTER,620 NORTH MAIN STREET,HARRISON,AR,72601,BOONE,(870) 414-4000,Acute Care Hospitals,Voluntary non-profit - Private,Yes,Y,2,,8,5,0,3,2,,8,3,0,3,0,,11,9,1,8,0,,15,15,,10,10,
040018,BAPTIST HEALTH - VAN BUREN,211 CRAWFORD MEMORIAL DRIVE,VAN BUREN,AR,72956,CRAWFORD,(479) 474-3401,Acute Care Hospitals,Voluntary non-profit - Private,Yes,,Not Available,16,8,Not Available,Not Available,Not Available,Not Available,5,8,Not Available,Not Available,Not Available,Not Available,5,11,Not Available,Not Available,Not Available,Not Available,5,15,Not Available,5,10,4,
040019,FORREST CITY MEDICAL CENTER,1601 NEWCASTLE ROAD,FORREST CITY,AR,72335,ST. FRANCIS,(870) 261-0000,Acute Care Hospitals,Proprietary,Yes,Y,Not Available,16,8,2,0,2,0,,8,1,0,1,0,,11,3,0,3,0,,15,5,,10,9,
040020,ST BERNARDS MEDICAL CENTER,225 E WASHINGTON AVE,JONESBORO,AR,72401,CRAIGHEAD,(870) 972-4100,Acute Care Hospitals,Voluntary non-profit - Private,Yes,Y,1,,8,8,0,5,3,,8,6,3,2,1,,11,10,1,5,4,,15,15,,10,10,
040022,NORTHWEST MEDICAL CENTER-SPRINGDALE,609 WEST MAPLE AVENUE,SPRINGDALE,AR,72764,WASHINGTON,(479) 751-5711,Acute Care Hospitals,Proprietary,Yes,Y,3,,8,7,0,7,0,,8,7,1,6,0,,11,7,3,4,0,,15,15,,10,9,
040026,CHI ST. VINCENT HOSPITAL HOT SPRINGS,300 WERNER STREET,HOT SPRINGS,AR,71903,GARLAND,(501) 622-1000,Acute Care Hospitals,Voluntary non-profit - Private,Yes,Y,3,,8,8,0,6,2,,8,7,3,4,0,,11,11,1,8,2,,15,15,,10,10,
040027,BAXTER HEALTH,624 HOSPITAL DRIVE,MOUNTAIN HOME,AR,72653,BAXTER,(870) 508-1000,Acute Care Hospitals,Voluntary non-profit - Private,Yes,Y,2,,8,8,0,6,2,,8,7,2,4,1,,11,11,1,10,0,,15,15,,10,10,
040029,"CONWAY REGIONAL MEDICAL CENTER, INC",2302 COLLEGE AVENUE,CONWAY,AR,72034,FAULKNER,(501) 329-3831,Acute Care Hospitals,Voluntary non-profit - Private,Yes,Y,2,,8,7,0,6,1,,8,7,1,4,2,,11,9,0,7,2,,15,15,,10,9,
040036,BAPTIST HEALTH MEDICAL CENTER NORTH LITTLE ROCK,3333 SPRINGHILL DRIVE,NORTH LITTLE ROCK,AR,72117,PULASKI,(501) 202-3000,Acute Care Hospitals,Voluntary non-profit - Private,Yes,Y,1,,8,8,0,5,3,,8,7,3,4,0,,11,9,0,7,2,,15,15,,10,10,
040039,ARKANSAS METHODIST MEDICAL CENTER,900 WEST KINGSHIGHWAY,PARAGOULD,AR,72450,GREENE,(870) 239-7000,Acute Care Hospitals,Voluntary non-profit - Private,Yes,Y,2,,8,6,0,6,0,,8,3,0,3,0,,11,8,0,7,1,,15,15,,10,8,
040041,ST MARYS REGIONAL MEDICAL CENTER,1808 WEST MAIN STREET,RUSSELLVILLE,AR,72801,POPE,(479) 968-2841,Acute Care Hospitals,Proprietary,Yes,Y,4,,8,6,0,6,0,,8,4,1,3,0,,11,8,2,6,0,,15,15,,10,10,
040050,OUACHITA COUNTY MEDICAL CENTER,638 CALIFORNIA AVENUE,CAMDEN,AR,71701,OUACHITA,(870) 836-1000,Acute Care Hospitals,Voluntary non-profit - Private,Yes,Y,2,,8,3,0,3,0,,8,2,0,2,0,,11,5,0,3,2,,15,5,,10,7,
040051,BAPTIST HEALTH MEDICAL CENTER-DREW COUNTY,778 SCOGIN DRIVE,MONTICELLO,AR,71655,DREW,(870) 367-2411,Acute Care Hospitals,Voluntary non-profit - Private,Yes,Y,2,,8,4,0,4,0,,8,2,0,2,0,,11,5,0,3,2,,15,15,,10,7,
040055,BAPTIST HEALTH - FORT SMITH,1001 TOWSON AVENUE,FORT SMITH,AR,72901,SEBASTIAN,(479) 441-4000,Acute Care Hospitals,Voluntary non-profit - Private,Yes,Y,2,,8,8,0,8,0,,8,6,2,4,0,,11,10,0,9,1,,15,15,,10,9,
040062,MERCY HOSPITAL FORT SMITH,7301 ROGERS AVE,FORT SMITH,AR,72903,SEBASTIAN,(479) 314-6000,Acute Care Hospitals,Voluntary non-profit - Private,Yes,Y,3,,8,8,0,8,0,,8,7,2,5,0,,11,11,2,8,1,,15,15,,10,10,
040067,MAGNOLIA REGIONAL MEDICAL CENTER,101 HOSPITAL DRIVE,MAGNOLIA,AR,71753,COLUMBIA,(870) 235-3000,Acute Care Hospitals,Government - Local,Yes,,2,,8,3,0,3,0,,8,1,0,1,0,,11,5,1,4,0,,15,5,,10,6,
040069,GREAT RIVER MEDICAL CENTER,1520 N DIVISION STREET,BLYTHEVILLE,AR,72315,MISSISSIPPI,(870) 838-7300,Acute Care Hospitals,Government - Local,Yes,Y,2,,8,3,0,3,0,,8,1,0,1,0,,11,4,0,3,1,,15,5,,10,7,
040071,JEFFERSON REGIONAL MEDICAL CENTER,1600 WEST 40TH AVENUE,PINE BLUFF,AR,71603,JEFFERSON,(870) 541-7100,Acute Care Hospitals,Voluntary non-profit - Private,Yes,Y,1,,8,7,0,6,1,,8,7,2,4,1,,11,10,0,7,3,,15,15,,10,9,
040072,BAPTIST HEALTH MEDICAL CENTER-STUTTGART,1703 NORTH BUERKLE ST,STUTTGART,AR,72160,ARKANSAS,(870) 673-3511,Acute Care Hospitals,Voluntary non-profit - Private,Yes,Y,3,,8,3,0,3,0,,8,1,0,1,0,,11,5,0,5,0,,15,5,,10,6,
040076,BAPTIST HEALTH MEDICAL CENTER-HOT SPRINGS COUNTY,1001 SCHNEIDER DRIVE,MALVERN,AR,72104,HOT SPRING,(501) 332-1000,Acute Care Hospitals,Voluntary non-profit - Private,Yes,,Not Available,16,8,2,0,2,0,,8,2,0,2,0,,11,2,0,2,0,,15,Not Available,5,10,6,
040078,NATIONAL PARK MEDICAL CENTER,1910 MALVERN AVENUE,HOT SPRINGS,AR,71901,GARLAND,(501) 321-1000,Acute Care Hospitals,Proprietary,Yes,Y,2,,8,8,0,6,2,,8,7,1,6,0,,11,9,1,7,1,,15,15,,10,8,
040084,SALINE MEMORIAL HOSPITAL,1 MEDICAL PARK DRIVE,BENTON,AR,72015,SALINE,(501) 776-6000,Acute Care Hospitals,Proprietary,Yes,Y,3,,8,6,0,6,0,,8,5,1,4,0,,11,7,1,5,1,,15,15,,10,7,
040088,SOUTH ARKANSAS REGIONAL HOSPITAL LLC,700 WEST GROVE STREET,EL DORADO,AR,71730,UNION,(870) 863-2000,Acute Care Hospitals,Proprietary,Yes,Y,3,,8,6,0,5,1,,8,3,0,3,0,,11,7,1,6,0,,15,15,,10,8,
04009F,FAYETTEVILLE AR VA MEDICAL CENTER,1100 N. COLLEGE AVENUE,FAYETTEVILLE,AR,72703,WASHINGTON,(479) 444-5058,Acute Care - Veterans Administration,Veterans Health Administration,Yes,,5,,8,3,0,3,0,,8,1,0,1,0,,11,4,2,2,0,,15,10,,10,4,
04010F,VA CENTRAL AR. VETERANS HEALTHCARE SYSTEM LR,4300 WEST SEVENTH STREET,LITTLE ROCK,AR,72205,PULASKI,(501) 257-1000,Acute Care - Veterans Administration,Veterans Health Administration,Yes,,2,,8,5,0,5,0,,8,3,0,3,0,,11,5,0,1,4,,15,10,,10,5,
040114,BAPTIST HEALTH MEDICAL CENTER-LITTLE ROCK,9601 BAPTIST HEALTH DRIVE,LITTLE ROCK,AR,72205,PULASKI,(501) 202-2000,Acute Care Hospitals,Voluntary non-profit - Private,Yes,Y,3,,8,8,0,6,2,,8,8,3,5,0,,11,9,1,4,4,,15,15,,10,9,
040118,"BAPTIST MEMORIAL HOSPITAL JONESBORO, INC.",4800 EAST JOHNSON AVENUE,JONESBORO,AR,72405,CRAIGHEAD,(870) 972-7000,Acute Care Hospitals,Voluntary non-profit - Private,Yes,Y,3,23,8,8,0,7,1,23,8,6,3,3,0,23,11,10,0,8,2,,15,15,,10,10,
040119,WHITE RIVER MEDICAL CENTER,1710 HARRISON STREET,BATESVILLE,AR,72503,INDEPENDENCE,(870) 262-1200,Acute Care Hospitals,Voluntary non-profit - Private,Yes,Y,3,,8,7,0,7,0,,8,7,1,5,1,,11,10,1,8,1,,15,15,,10,9,
040132,LEVI HOSPITAL,300 PROSPECT AVE,HOT SPRINGS,AR,71901,GARLAND,(501) 624-1281,Acute Care Hospitals,Voluntary non-profit - Private,Yes,,Not Available,16,8,Not Available,Not Available,Not Available,Not Available,5,8,Not Available,Not Available,Not Available,Not Available,5,11,Not Available,Not Available,Not Available,Not Available,5,15,Not Available,5,10,3,
040134,"ARKANSAS HEART HOSPITAL, LLC",1701 S SHACKLEFORD ROAD,LITTLE ROCK,AR,72211,PULASKI,(501) 219-7000,Acute Care Hospitals,Proprietary,Yes,,3,,8,7,0,7,0,,8,4,1,3,0,,11,8,0,5,3,,15,15,,10,7,
040137,ST VINCENT MEDICAL CENTER/NORTH,2215 WILDWOOD AVENUE,SHERWOOD,AR,72120,PULASKI,(501) 552-7100,Acute Care Hospitals,Voluntary non-profit - Church,Yes,,4,,8,5,0,5,0,,8,4,1,3,0,,11,5,0,5,0,,15,15,,10,6,
040147,ARKANSAS SURGICAL HOSPITAL,5201 NORTH SHORE DRIVE,NO LITTLE ROCK,AR,72118,PULASKI,(501) 748-8000,Acute Care Hospitals,Physician,Yes,,Not Available,16,8,1,0,1,0,,8,2,0,2,0,,11,3,0,2,1,,15,15,,10,4,
040153,SOUTHWEST ARKANSAS REGIONAL MEDICAL CENTER LLC,2001 SOUTH MAIN,HOPE,AR,71801,HEMPSTEAD,(870) 722-3800,Acute Care Hospitals,Proprietary,Yes,,Not Available,16,8,2,0,2,0,,8,Not Available,Not Available,Not Available,Not Available,5,11,2,1,1,0,,15,Not Available,5,10,4,
040154,BAPTIST HEALTH MEDICAL CENTER- CONWAY,1555 EXCHANGE AVENUE,CONWAY,AR,72032,FAULKNER,(501) 585-2000,Acute Care Hospitals,Voluntary non-profit - Private,Yes,Y,2,,8,6,0,6,0,,8,5,0,5,0,,11,7,0,5,2,,15,15,,10,9,
040156,"BAPTIST MEMORIAL HOSPITAL-CRITTENDEN, INC",2100 NORTH SEVENTH STREET,WEST MEMPHIS,AR,72301,CRITTENDEN,(870) 394-7800,Acute Care Hospitals,Voluntary non-profit - Private,Yes,,Not Available,16,8,2,0,2,0,,8,Not Available,Not Available,Not Available,Not Available,5,11,4,1,3,0,,15,5,,10,8,
040161,ARKANSAS HEART HOSPITAL-ENCORE,1901 ENCORE WAY,BRYANT,AR,72019,SALINE,(501) 213-4500,Acute Care Hospitals,Proprietary,Yes,,2,,8,5,0,5,0,,8,2,0,2,0,,11,6,0,4,2,,15,15,,10,7,
040164,UNITY HEALTH - JACKSONVILLE,1400 BRADEN STREET,JACKSONVILLE,AR,72076,PULASKI,(501) 453-5000,Acute Care Hospitals,Voluntary non-profit - Private,Yes,,Not Available,16,8,Not Available,Not Available,Not Available,Not Available,5,8,Not Available,Not Available,Not Available,Not Available,5,11,1,0,1,0,,15,Not Available,5,10,4,
040779,ST BERNARDS FIVE RIVERS MEDICAL CENTER,2801 MEDICAL CENTER DRIVE,POCAHONTAS,AR,72455,RANDOLPH,(870) 892-6000,Rural Emergency Hospital,Voluntary non-profit - Private,Yes,,Not Available,19,Not Available,Not Available,Not Available,Not Available,Not Available,19,Not Available,Not Available,Not Available,Not Available,Not Available,19,Not Available,Not Available,Not Available,Not Available,Not Available,19,Not Available,Not Available,19,Not Available,Not Available,19
040780,EUREKA SPRINGS HOSPITAL COMMISSION,24 NORRIS STREET,EUREKA SPRINGS,AR,72632,CARROLL,(479) 253-7400,Rural Emergency Hospital,Government - Local,Yes,,Not Available,19,Not Available,Not Available,Not Available,Not Available,Not Available,19,Not Available,Not Available,Not Available,Not Available,Not Available,19,Not Available,Not Available,Not Available,Not Available,Not Available,19,Not Available,Not Available,19,Not Available,Not Available,19
040781,HELENA REGIONAL MEDICAL CENTER,1801 MARTIN LUTHER KING JR DRIVE,HELENA,AR,72342,PHILLIPS,(870) 338-5800,Rural Emergency Hospital,Proprietary,Yes,,Not Available,19,Not Available,Not Available,Not Available,Not Available,Not Available,19,Not Available,Not Available,Not Available,Not Available,Not Available,19,Not Available,Not Available,Not Available,Not Available,Not Available,19,Not Available,Not Available,19,Not Available,Not Available,19
040782,SOUTH MISSISSIPPI COUNTY REGIONAL MEDICAL CENTER,611 WEST LEE AVENUE,OSCEOLA,AR,72370,MISSISSIPPI,(870) 563-7000,Rural Emergency Hospital,Government - Local,Yes,,Not Available,19,Not Available,Not Available,Not Available,Not Available,Not Available,19,Not Available,Not Available,Not Available,Not Available,Not Available,19,Not Available,Not Available,Not Available,Not Available,Not Available,19,Not Available,Not Available,19,Not Available,Not Available,19
040783,"DEWITT HOSPITAL & NURSING HOME, INC",1641 WHITEHEAD DRIVE,DE WITT,AR,72042,ARKANSAS,(870) 946-3571,Rural Emergency Hospital,Voluntary non-profit - Private,Yes,,Not Available,19,Not Available,Not Available,Not Available,Not Available,Not Available,19,Not Available,Not Available,Not Available,Not Available,Not Available,19,Not Available,Not Available,Not Available,Not Available,Not Available,19,Not Available,Not Available,19,Not Available,Not Available,19
041300,MERCY HOSPITAL PARIS,500 EAST ACADEMY,PARIS,AR,72855,LOGAN,(479) 963-6101,Critical Access Hospitals,Voluntary non-profit - Private,Yes,,5,,8,3,0,3,0,,8,1,0,1,0,,11,3,2,1,0,,15,Not Available,5,10,5,
041302,DARDANELLE REGIONAL MEDICAL CENTER,200 NORTH THIRD STREET,DARDANELLE,AR,72834,YELL,(479) 229-4677,Critical Access Hospitals,Government - Local,Yes,,Not Available,16,8,2,0,2,0,,8,Not Available,Not Available,Not Available,Not Available,5,11,2,0,2,0,,15,Not Available,5,10,5,
041303,MERCY HOSPITAL OZARK,801 WEST RIVER STREET,OZARK,AR,72949,FRANKLIN,(479) 667-4138,Critical Access Hospitals,Voluntary non-profit - Private,Yes,,Not Available,16,8,1,0,1,0,,8,Not Available,Not Available,Not Available,Not Available,5,11,1,0,1,0,,15,Not Available,5,10,5,
041305,MERCY HOSPITAL WALDRON,1341 WEST SIXTH STREET,WALDRON,AR,72958,SCOTT,(479) 637-4135,Critical Access Hospitals,Voluntary non-profit - Private,Yes,,Not Available,16,8,2,0,2,0,,8,Not Available,Not Available,Not Available,Not Available,5,11,2,0,2,0,,15,Not Available,5,10,5,
041306,IZARD REGIONAL HOSPITAL LLC,61 GRASSE STREET,CALICO ROCK,AR,72519,BAXTER,(870) 297-2400,Critical Access Hospitals,Voluntary non-profit - Private,Yes,,Not Available,16,8,1,0,1,0,,8,Not Available,Not Available,Not Available,Not Available,5,11,2,0,2,0,,15,Not Available,5,10,3,
041307,CROSSRIDGE COMMUNITY HOSPITAL,310 SOUTH FALLS BOULEVARD,WYNNE,AR,72396,CROSS,(870) 238-3300,Critical Access Hospitals,Voluntary non-profit - Private,Yes,,Not Available,16,8,2,0,2,0,,8,Not Available,Not Available,Not Available,Not Available,5,11,4,0,4,0,,15,Not Available,5,10,5,
041308,MCGEHEE HOSPITAL,900 SOUTH THIRD STREET,MCGEHEE,AR,71654,DESHA,(870) 222-5600,Critical Access Hospitals,Voluntary non-profit - Private,Yes,,Not Available,16,8,Not Available,Not Available,Not Available,Not Available,5,8,Not Available,Not Available,Not Available,Not Available,5,11,1,0,1,0,,15,Not Available,5,10,3,
041309,LAWRENCE MEMORIAL HOSPITAL,1309 WEST MAIN STREET,WALNUT RIDGE,AR,72476,LAWRENCE,(870) 886-1200,Critical Access Hospitals,Voluntary non-profit - Private,Yes,,Not Available,16,8,1,0,1,0,,8,Not Available,Not Available,Not Available,Not Available,5,11,1,0,1,0,,15,Not Available,5,10,5,
041310,STONE COUNTY MEDICAL CENTER,2106 EAST MAIN STREET,MOUNTAIN VIEW,AR,72560,STONE,(870) 269-4361,Critical Access Hospitals,Voluntary non-profit - Private,Yes,,Not Available,16,8,2,0,2,0,,8,1,0,1,0,,11,5,0,5,0,,15,Not Available,5,10,6,
041311,HOWARD MEMORIAL HOSPITAL,130 MEDICAL CIRCLE,NASHVILLE,AR,71852,HOWARD,(870) 845-4400,Critical Access Hospitals,Voluntary non-profit - Private,Yes,,3,,8,3,0,2,1,,8,Not Available,Not Available,Not Available,Not Available,5,11,3,0,2,1,,15,10,,10,5,
041312,BAPTIST HEALTH MEDICAL CENTER HEBER SPRINGS,1800 BYPASS ROAD,HEBER SPRINGS,AR,72543,CLEBURNE,(501) 887-3000,Critical Access Hospitals,Voluntary non-profit - Private,Yes,,3,,8,3,0,3,0,,8,Not Available,Not Available,Not Available,Not Available,5,11,5,0,4,1,,15,5,,10,8,
041313,OZARK HEALTH,2500 HIGHWAY 65 SOUTH,CLINTON,AR,72031,VAN BUREN,(501) 745-7000,Critical Access Hospitals,Voluntary non-profit - Private,Yes,,4,,8,3,0,3,0,,8,Not Available,Not Available,Not Available,Not Available,5,11,5,1,4,0,,15,Not Available,5,10,6,
041317,DALLAS COUNTY MEDICAL CENTER,201 CLIFTON STREET,FORDYCE,AR,71742,DALLAS,(870) 352-6300,Critical Access Hospitals,Government - Local,Yes,,Not Available,16,8,1,0,1,0,,8,Not Available,Not Available,Not Available,Not Available,5,11,1,0,1,0,,15,Not Available,5,10,1,
041318,MERCY HOSPITAL BOONEVILLE,880 WEST MAIN,BOONEVILLE,AR,72927,LOGAN,(479) 675-2800,Critical Access Hospitals,Voluntary non-profit - Private,Yes,,4,,8,3,0,3,0,,8,1,0,1,0,,11,3,1,2,0,,15,Not Available,5,10,6,
041320,LITTLE RIVER MEMORIAL HOSPITAL,451 WEST LOCKE STREET,ASHDOWN,AR,71822,LITTLE RIVER,(870) 898-5011,Critical Access Hospitals,Voluntary non-profit - Private,Yes,,Not Available,16,8,1,0,1,0,,8,Not Available,Not Available,Not Available,Not Available,5,11,1,0,1,0,,15,Not Available,5,10,4,
041321,BAPTIST HEALTH MEDICAL CENTER-ARKADELPHIA,3050 TWIN RIVERS DRIVE,ARKADELPHIA,AR,71923,CLARK,(870) 245-2622,Critical Access Hospitals,Voluntary non-profit - Private,Yes,Y,Not Available,16,8,2,0,2,0,,8,Not Available,Not Available,Not Available,Not Available,5,11,4,0,4,0,,15,5,,10,7,
041322,BAXTER HEALTH FULTON COUNTY HOSPITAL,679 NORTH MAIN STREET,SALEM,AR,72576,FULTON,(870) 895-2691,Critical Access Hospitals,Government - Local,Yes,,Not Available,16,8,2,0,2,0,,8,Not Available,Not Available,Not Available,Not Available,5,11,2,0,2,0,,15,Not Available,5,10,1,
041323,ASHLEY COUNTY MEDICAL CENTER,1015 UNITY ROAD,CROSSETT,AR,71635,ASHLEY,(870) 364-4111,Critical Access Hospitals,Voluntary non-profit - Private,Yes,,4,,8,4,0,4,0,,8,1,0,1,0,,11,4,0,3,1,,15,Not Available,5,10,5,
041324,CHI ST VINCENT MORRILTON,#4 HOSPITAL DRIVE,MORRILTON,AR,72110,CONWAY,(501) 977-2300,Critical Access Hospitals,Voluntary non-profit - Church,Yes,,Not Available,16,8,2,0,2,0,,8,Not Available,Not Available,Not Available,Not Available,5,11,3,1,2,0,,15,5,,10,7,
041326,DELTA MEMORIAL HOSPITAL,811 HIGHWAY 65 SOUTH,DUMAS,AR,71639,DESHA,(870) 382-4303,Critical Access Hospitals,Voluntary non-profit - Private,Yes,Y,Not Available,16,8,2,0,2,0,,8,Not Available,Not Available,Not Available,Not Available,5,11,2,0,2,0,,15,Not Available,5,10,4,
041327,BRADLEY COUNTY MEDICAL CENTER,404 SOUTH BRADLEY STREET,WARREN,AR,71671,BRADLEY,(870) 226-3731,Critical Access Hospitals,Voluntary non-profit - Private,Yes,,Not Available,16,8,2,0,2,0,,8,Not Available,Not Available,Not Available,Not Available,5,11,2,0,1,1,,15,Not Available,5,10,4,
041328,CHICOT MEMORIAL MEDICAL CENTER,2729 SOUTH HIGHWAY 65 & 82,LAKE VILLAGE,AR,71653,CHICOT,(870) 265-5351,Critical Access Hospitals,Voluntary non-profit - Private,Yes,,Not Available,16,8,2,0,2,0,,8,Not Available,Not Available,Not Available,Not Available,5,11,2,0,2,0,,15,5,,10,5,
041329,MERCY HOSPITAL BERRYVILLE,214 CARTER STREET,BERRYVILLE,AR,72616,CARROLL,(870) 423-3355,Critical Access Hospitals,Voluntary non-profit - Private,Yes,,Not Available,16,8,2,0,2,0,,8,Not Available,Not Available,Not Available,Not Available,5,11,3,1,2,0,,15,Not Available,5,10,6,
041330,PIGGOTT COMMUNITY HOSPITAL,1206 GORDON DUCKWORTH DRIVE,PIGGOTT,AR,72454,CLAY,(870) 598-3881,Critical Access Hospitals,Government - Local,Yes,,3,,8,4,0,4,0,,8,Not Available,Not Available,Not Available,Not Available,5,11,4,0,3,1,,15,10,,10,5,
041331,OZARKS COMMUNITY HOSPITAL OF GRAVETTE,1101 JACKSON STREET SW,GRAVETTE,AR,72736,BENTON,(479) 787-5291,Critical Access Hospitals,Voluntary non-profit - Private,Yes,,Not Available,16,8,1,0,1,0,,8,Not Available,Not Available,Not Available,Not Available,5,11,1,0,1,0,,15,Not Available,5,10,3,
041332,UNITY HEALTH - NEWPORT,1205 MCLAIN STREET,NEWPORT,AR,72112,JACKSON,(870) 523-8911,Critical Access Hospitals,Government - Local,Yes,,Not Available,16,8,2,0,2,0,,8,1,0,1,0,,11,3,0,3,0,,15,10,,10,6,
041333,SEVIER COUNTY MEDICAL CENTER,960 HWY 71 N,DE QUEEN,AR,71832,SEVIER,(870) 642-6420,Critical Access Hospitals,Government - Local,Yes,,Not Available,19,Not Available,Not Available,Not Available,Not Available,Not Available,19,Not Available,Not Available,Not Available,Not Available,Not Available,19,Not Available,Not Available,Not Available,Not Available,Not Available,19,Not Available,Not Available,19,Not Available,Not Available,19
041334,MENA REGIONAL HEALTH SYSTEM,311 North Morrow Street,MENA,AR,71953,POLK,(479) 394-6100,Critical Access Hospitals,Voluntary non-profit - Other,Yes,,Not Available,5,8,Not Available,Not Available,Not Available,Not Available,5,8,Not Available,Not Available,Not Available,Not Available,5,11,Not Available,Not Available,Not Available,Not Available,5,15,Not Available,5,10,3,16
041335,SOUTHWEST REGIONAL MEDICAL CENTER LLC,2001 SOUTH MAIN,HOPE,AR,71801,HEMPSTEAD,(870) 722-3800,Critical Access Hospitals,Proprietary,Yes,,Not Available,19,Not Available,Not Available,Not Available,Not Available,Not Available,19,Not Available,Not Available,Not Available,Not Available,Not Available,19,Not Available,Not Available,Not Available,Not Available,Not Available,19,Not Available,Not Available,19,Not Available,Not Available,19
043300,ARKANSAS CHILDREN'S HOSPITAL,"1 CHILDREN'S WAY, SLOT 301",LITTLE ROCK,AR,72202,PULASKI,(501) 364-1100,Childrens,Voluntary non-profit - Private,Yes,,Not Available,19,Not Available,Not Available,Not Available,Not Available,Not Available,19,Not Available,Not Available,Not Available,Not Available,Not Available,19,Not Available,Not Available,Not Available,Not Available,Not Available,19,Not Available,Not Available,19,Not Available,Not Available,19
043301,"ARKANSAS CHILDREN'S NORTHWEST, INC",2601 GENE GEORGE BOULEVARD,SPRINGDALE,AR,72762,WASHINGTON,(479) 725-6800,Childrens,Voluntary non-profit - Private,Yes,,Not Available,19,Not Available,Not Available,Not Available,Not Available,Not Available,19,Not Available,Not Available,Not Available,Not Available,Not Available,19,Not Available,Not Available,Not Available,Not Available,Not Available,19,Not Available,Not Available,19,Not Available,Not Available,19
044004,VISTA HEALTH FAYETTEVILLE,4253 CROSSOVER ROAD,FAYETTEVILLE,AR,72703,WASHINGTON,(479) 521-5731,Psychiatric,Proprietary,No,,Not Available,19,Not Available,Not Available,Not Available,Not Available,Not Available,19,Not Available,Not Available,Not Available,Not Available,Not Available,19,Not Available,Not Available,Not Available,Not Available,Not Available,19,Not Available,Not Available,19,Not Available,Not Available,19
044005,BRIDGEWAY HOSPITAL,21 BRIDGEWAY ROAD,NORTH LITTLE ROCK,AR,72113,PULASKI,(501) 771-1500,Psychiatric,Proprietary,No,,Not Available,19,Not Available,Not Available,Not Available,Not Available,Not Available,19,Not Available,Not Available,Not Available,Not Available,Not Available,19,Not Available,Not Available,Not Available,Not Available,Not Available,19,Not Available,Not Available,19,Not Available,Not Available,19
044006,VALLEY BEHAVIORAL HEALTH SYSTEM,10301 MAYO DRIVE,BARLING,AR,72923,SEBASTIAN,(479) 494-5700,Psychiatric,Proprietary,No,,Not Available,19,Not Available,Not Available,Not Available,Not Available,Not Available,19,Not Available,Not Available,Not Available,Not Available,Not Available,19,Not Available,Not Available,Not Available,Not Available,Not Available,19,Not Available,Not Available,19,Not Available,Not Available,19
044007,RIVENDELL BEHAVIORAL HEALTH SERVICES,100 RIVENDELL DRIVE,BENTON,AR,72019,SALINE,(501) 316-1255,Psychiatric,Proprietary,No,,Not Available,19,Not Available,Not Available,Not Available,Not Available,Not Available,19,Not Available,Not Available,Not Available,Not Available,Not Available,19,Not Available,Not Available,Not Available,Not Available,Not Available,19,Not Available,Not Available,19,Not Available,Not Available,19
044011,ARKANSAS STATE HOSPITAL,305 S PALM STREET,LITTLE ROCK,AR,72205,PULASKI,(501) 686-9000,Psychiatric,Government - State,Yes,,Not Available,19,Not Available,Not Available,Not Available,Not Available,Not Available,19,Not Available,Not Available,Not Available,Not Available,Not Available,19,Not Available,Not Available,Not Available,Not Available,Not Available,19,Not Available,Not Available,19,Not Available,Not Available,19
044017,UNITED METHODIST BEHAVIORAL HOSPITAL,1601 MURPHY DRIVE,MAUMELLE,AR,72113,PULASKI,(501) 803-3388,Psychiatric,Voluntary non-profit - Private,No,,Not Available,19,Not Available,Not Available,Not Available,Not Available,Not Available,19,Not Available,Not Available,Not Available,Not Available,Not Available,19,Not Available,Not Available,Not Available,Not Available,Not Available,19,Not Available,Not Available,19,Not Available,Not Available,19
044019,SPRINGWOODS BEHAVIORAL HEALTH SERVICES,1955 WEST TRUCKER'S DRIVE,FAYETTEVILLE,AR,72704,WASHINGTON,(479) 973-6000,Psychiatric,Proprietary,No,,Not Available,19,Not Available,Not Available,Not Available,Not Available,Not Available,19,Not Available,Not Available,Not Available,Not Available,Not Available,19,Not Available,Not Available,Not Available,Not Available,Not Available,19,Not Available,Not Available,19,Not Available,Not Available,19
044020,RIVERVIEW BEHAVIORAL HEALTH,701 ARKANSAS BOULEVARD SUITE 300,TEXARKANA,AR,71854,MILLER,(870) 772-5028,Psychiatric,Proprietary,No,,Not Available,19,Not Available,Not Available,Not Available,Not Available,Not Available,19,Not Available,Not Available,Not Available,Not Available,Not Available,19,Not Available,Not Available,Not Available,Not Available,Not Available,19,Not Available,Not Available,19,Not Available,Not Available,19
044021,PERIMETER BEHAVIORAL HOSPITAL OF WEST MEMPHIS,600 NORTH 7TH STREET,WEST MEMPHIS,AR,72301,CRITTENDEN,(870) 394-4113,Psychiatric,Voluntary non-profit - Church,No,,Not Available,19,Not Available,Not Available,Not Available,Not Available,Not Available,19,Not Available,Not Available,Not Available,Not Available,Not Available,19,Not Available,Not Available,Not Available,Not Available,Not Available,19,Not Available,Not Available,19,Not Available,Not Available,19
044022,CONWAY BEHAVIORAL HEALTH,2255 STURGIS ROAD,CONWAY,AR,72034,FAULKNER,(501) 205-0011,Psychiatric,Proprietary,No,,Not Available,19,Not Available,Not Available,Not Available,Not Available,Not Available,19,Not Available,Not Available,Not Available,Not Available,Not Available,19,Not Available,Not Available,Not Available,Not Available,Not Available,19,Not Available,Not Available,19,Not Available,Not Available,19
050002,ST ROSE HOSPITAL,27200 CALAROGA AVE,HAYWARD,CA,94545,ALAMEDA,(510) 782-6200,Acute Care Hospitals,Voluntary non-profit - Church,No,,1,,8,6,0,6,0,,8,5,0,5,0,,11,5,0,3,2,,15,15,,10,6,
050006,PROVIDENCE ST JOSEPH HOSPITAL,2700 DOLBEER ST,EUREKA,CA,95501,HUMBOLDT,(707) 445-8121,Acute Care Hospitals,Voluntary non-profit - Private,Yes,Y,4,,8,8,0,8,0,,8,7,1,6,0,,11,11,3,8,0,,15,15,,10,10,
050007,PENINSULA MEDICAL CENTER,1501 TROUSDALE DRIVE,BURLINGAME,CA,94010,SAN MATEO,(650) 696-5400,Acute Care Hospitals,Voluntary non-profit - Private,Yes,Y,5,,8,8,2,6,0,,8,7,2,5,0,,11,11,0,10,1,,15,15,,10,9,
050008,CALIFORNIA PACIFIC MEDICAL CTR-DAVIES CAMPUS HOSP,601 DUBOCE AVENUE,SAN FRANCISCO,CA,94117,SAN FRANCISCO,(415) 600-6000,Acute Care Hospitals,Voluntary non-profit - Other,No,,3,,8,4,0,4,0,,8,6,1,5,0,,11,5,0,4,1,,15,15,,10,6,
050009,PROVIDENCE QUEEN OF THE VALLEY MEDICAL CENTER,1000 TRANCAS ST,NAPA,CA,94558,NAPA,(707) 252-4411,Acute Care Hospitals,Voluntary non-profit - Private,Yes,Y,4,,8,8,0,7,1,,8,6,1,5,0,,11,11,2,9,0,,15,15,,10,10,
050013,ADVENTIST HEALTH ST HELENA,10 WOODLAND ROAD,SAINT HELENA,CA,94574,NAPA,(707) 963-3611,Acute Care Hospitals,Voluntary non-profit - Private,Yes,,4,,8,8,0,8,0,,8,4,0,4,0,,11,10,1,8,1,,15,15,,10,8,
050014,SUTTER AMADOR HOSPITAL,200 MISSION BLVD,JACKSON,CA,95642,AMADOR,(209) 223-7500,Acute Care Hospitals,Voluntary non-profit - Private,Yes,Y,4,,8,5,0,5,0,,8,3,0,3,0,,11,9,1,7,1,,15,15,,10,9,
050017,MERCY GENERAL HOSPITAL,4001 J ST,SACRAMENTO,CA,95819,SACRAMENTO,(916) 453-4453,Acute Care Hospitals,Voluntary non-profit - Private,Yes,Y,3,,8,8,0,8,0,,8,8,2,5,1,,11,9,0,6,3,,15,15,,10,8,
050022,RIVERSIDE COMMUNITY HOSPITAL,4445 MAGNOLIA AVENUE,RIVERSIDE,CA,92501,RIVERSIDE,(951) 788-3000,Acute Care Hospitals,Proprietary,Yes,Y,2,,8,8,1,7,0,,8,7,2,5,0,,11,9,0,5,4,,15,15,,10,7,
050024,PARADISE VALLEY HOSPITAL,2400 EAST 4TH ST,NATIONAL CITY,CA,91950,SAN DIEGO,(619) 470-4321,Acute Care Hospitals,Proprietary,Yes,,3,,8,6,0,6,0,,8,3,1,2,0,,11,4,0,4,0,,15,15,,10,6,
050025,UC SAN DIEGO HEALTH HILLCREST - HILLCREST MED CTR,200 WEST ARBOR DRIVE,SAN DIEGO,CA,92103,SAN DIEGO,(619) 543-6222,Acute Care Hospitals,Voluntary non-profit - Other,Yes,Y,5,,8,8,6,2,0,,8,8,3,5,0,,11,11,1,8,2,,15,15,,10,8,
050026,GROSSMONT HOSPITAL,5555 GROSSMONT CENTER DRIVE BOX 58,LA MESA,CA,91942,SAN DIEGO,(619) 465-0711,Acute Care Hospitals,Government - Hospital District or Authority,Yes,Y,4,,8,8,0,8,0,,8,7,5,2,0,,11,11,0,9,2,,15,15,,10,8,
050028,MAD RIVER COMMUNITY HOSPITAL,3800 JANES RD,ARCATA,CA,95521,HUMBOLDT,(707) 822-3621,Acute Care Hospitals,Proprietary,Yes,Y,1,,8,4,0,4,0,,8,2,0,1,1,,11,7,0,7,0,,15,15,,10,8,
050030,OROVILLE HOSPITAL,2767 OLIVE HIGHWAY,OROVILLE,CA,95966,BUTTE,(530) 533-8500,Acute Care Hospitals,Voluntary non-profit - Private,Yes,,1,,8,7,3,4,0,,8,7,1,6,0,,11,10,0,6,4,,15,10,,10,9,
050036,BAKERSFIELD MEMORIAL HOSPITAL,420 34TH ST,BAKERSFIELD,CA,93301,KERN,(661) 327-1792,Acute Care Hospitals,Voluntary non-profit - Private,Yes,Y,3,,8,8,0,7,1,,8,8,3,5,0,,11,11,0,10,1,,15,15,,10,7,
050038,SANTA CLARA VALLEY MEDICAL CENTER,751 SOUTH BASCOM AVENUE,SAN JOSE,CA,95128,SANTA CLARA,(408) 885-5000,Acute Care Hospitals,Government - Local,Yes,Y,2,,8,8,2,6,0,,8,8,2,5,1,,11,11,0,10,1,,15,15,,10,9,
050039,ENLOE HEALTH,1531 ESPLANADE,CHICO,CA,95926,BUTTE,(530) 332-7300,Acute Care Hospitals,Voluntary non-profit - Private,Yes,Y,3,,8,8,1,7,0,,8,7,4,3,0,,11,11,0,9,2,,15,15,,10,10,
050040,LAC/OLIVE VIEW-UCLA MEDICAL CENTER,14445 OLIVE VIEW DRIVE,SYLMAR,CA,91342,LOS ANGELES,(818) 364-1555,Acute Care Hospitals,Voluntary non-profit - Other,Yes,Y,2,,8,4,0,4,0,,8,7,1,6,0,,11,6,1,5,0,,15,15,,10,7,
050042,ST ELIZABETH COMMUNITY HOSPITAL,2550 SISTER MARY COLUMBA DRIVE,RED BLUFF,CA,96080,TEHAMA,(530) 529-8000,Acute Care Hospitals,Voluntary non-profit - Church,No,Y,4,,8,5,0,5,0,,8,2,0,2,0,,11,8,0,8,0,,15,15,,10,8,
050043,ALTA BATES SUMMIT MEDICAL CENTER,350 HAWTHORNE AVENUE,OAKLAND,CA,94609,ALAMEDA,(510) 655-4000,Acute Care Hospitals,Voluntary non-profit - Private,Yes,,5,,8,8,2,6,0,,8,7,4,3,0,,11,9,3,6,0,,15,15,,10,8,
050045,EL CENTRO REGIONAL MEDICAL CENTER,1415 ROSS AVENUE,EL CENTRO,CA,92243,IMPERIAL,(760) 339-7100,Acute Care Hospitals,Government - Local,Yes,,1,,8,6,0,4,2,,8,4,0,3,1,,11,8,0,6,2,,15,15,,10,7,
050047,CALIFORNIA PACIFIC MEDICAL CENTER- VAN NESS CAMPUS,1101 VAN NESS AVENUE,SAN FRANCISCO,CA,94109,SAN FRANCISCO,(415) 600-6000,Acute Care Hospitals,Voluntary non-profit - Private,Yes,Y,3,,8,8,0,8,0,,8,7,1,6,0,,11,10,0,8,2,,15,15,,10,9,
050054,SAN GORGONIO MEMORIAL HOSPITAL,600 NORTH HIGHLAND SPRINGS AVENUE,BANNING,CA,92220,RIVERSIDE,(951) 769-2101,Acute Care Hospitals,Government - Hospital District or Authority,Yes,Y,3,,8,4,0,4,0,,8,3,1,2,0,,11,3,0,3,0,,15,15,,10,7,
050055,CALIFORNIA PACIFIC MEDICAL CENTER - MISSION BERNAL,3555 CESAR CHAVEZ,SAN FRANCISCO,CA,94110,SAN FRANCISCO,(415) 641-6562,Acute Care Hospitals,Voluntary non-profit - Church,Yes,,4,,8,5,0,5,0,,8,7,1,6,0,,11,6,0,3,3,,15,15,,10,6,
050056,ANTELOPE VALLEY HOSPITAL,1600 W AVE J,LANCASTER,CA,93534,LOS ANGELES,(661) 949-5500,Acute Care Hospitals,Government - Hospital District or Authority,Yes,Y,1,,8,7,0,6,1,,8,7,1,6,0,,11,7,0,5,2,,15,15,,10,7,
050057,KAWEAH HEALTH MEDICAL CENTER,400 W MINERAL KING AVE,VISALIA,CA,93291,TULARE,(559) 624-2000,Acute Care Hospitals,Government - Hospital District or Authority,Yes,Y,3,,8,8,0,5,3,,8,7,2,5,0,,11,11,2,7,2,,15,15,,10,10,
050058,GLENDALE MEM HOSPITAL & HLTH CENTER,1420 S CENTRAL AVE,GLENDALE,CA,91204,LOS ANGELES,(818) 502-1900,Acute Care Hospitals,Voluntary non-profit - Private,Yes,Y,4,,8,7,1,6,0,,8,7,1,6,0,,11,8,1,6,1,,15,15,,10,7,
050060,COMMUNITY REGIONAL MEDICAL CENTER,2823 FRESNO STREET,FRESNO,CA,93721,FRESNO,(559) 459-6000,Acute Care Hospitals,Voluntary non-profit - Private,Yes,Y,1,,8,8,0,7,1,,8,7,0,7,0,,11,10,0,7,3,,15,15,,10,8,
050063,HOLLYWOOD PRESBYTERIAN MEDICAL CENTER,1300 N VERMONT AVE,LOS ANGELES,CA,90027,LOS ANGELES,(213) 413-3000,Acute Care Hospitals,Proprietary,Yes,Y,3,,8,7,1,6,0,,8,7,3,4,0,,11,8,1,5,2,,15,15,,10,7,
050067,OAK VALLEY HOSPITAL DISTRICT,350 S OAK AVE,OAKDALE,CA,95361,STANISLAUS,(209) 847-3011,Acute Care Hospitals,Government - Hospital District or Authority,Yes,,1,,8,3,0,3,0,,8,1,0,1,0,,11,4,0,2,2,,15,5,,10,6,
050069,PROVIDENCE ST. JOSEPH HOSPITAL,1100 WEST STEWART DR,ORANGE,CA,92868,ORANGE,(714) 633-9111,Acute Care Hospitals,Voluntary non-profit - Church,Yes,Y,4,,8,8,1,7,0,,8,8,1,7,0,,11,11,0,10,1,,15,15,,10,9,
050070,KAISER FOUNDATION HOSPITAL - SOUTH SAN FRANCISCO,1200 EL CAMINO REAL,SOUTH SAN FRANCISCO,CA,94080,SAN MATEO,(650) 742-3200,Acute Care Hospitals,Voluntary non-profit - Private,Yes,,4,,8,1,0,1,0,,8,6,1,5,0,,11,1,0,1,0,,15,15,,10,3,
050071,KAISER FOUNDATION HOSPITAL-SANTA CLARA,700 LAWRENCE EXPRESSWAY,SANTA CLARA,CA,95051,SANTA CLARA,(408) 236-6400,Acute Care Hospitals,Voluntary non-profit - Private,Yes,Y,2,,8,3,0,3,0,,8,6,2,4,0,,11,2,0,1,1,,15,15,,10,4,
050072,KAISER FOUNDATION HOSPITAL - WALNUT CREEK,1425 S MAIN STREET,WALNUT CREEK,CA,94596,CONTRA COSTA,(925) 295-4000,Acute Care Hospitals,Voluntary non-profit - Private,Yes,Y,3,,8,1,0,1,0,,8,6,2,4,0,,11,1,0,1,0,,15,15,,10,4,
050073,KAISER FOUNDATION HOSPITAL AND REHAB CENTER,975 SERENO DR,VALLEJO,CA,94589,SOLANO,(707) 651-1000,Acute Care Hospitals,Voluntary non-profit - Private,No,Y,2,,8,3,0,3,0,,8,6,1,5,0,,11,2,0,2,0,,15,15,,10,4,
050075,KAISER FOUNDATION HOSPITAL - OAKLAND/RICHMOND,275 WEST MACARTHUR BOULEVARD,OAKLAND,CA,94611,ALAMEDA,(510) 752-1000,Acute Care Hospitals,Voluntary non-profit - Private,Yes,Y,2,,8,6,0,6,0,,8,6,2,4,0,,11,4,0,2,2,,15,15,,10,4,
050076,KAISER FOUNDATION HOSPITAL - SAN FRANCISCO,2425 GEARY BLVD,SAN FRANCISCO,CA,94115,SAN FRANCISCO,(415) 833-2646,Acute Care Hospitals,Voluntary non-profit - Private,Yes,Y,4,,8,1,0,1,0,,8,7,2,5,0,,11,1,0,1,0,,15,15,,10,4,
050077,SCRIPPS MERCY HOSPITAL,4077 5TH AVE,SAN DIEGO,CA,92103,SAN DIEGO,(619) 294-8111,Acute Care Hospitals,Voluntary non-profit - Private,Yes,Y,4,,8,8,2,5,1,,8,7,1,6,0,,11,11,1,8,2,,15,15,,10,9,
050078,PROVIDENCE LITTLE CO OF MARY MED CTR SAN PEDRO,1300 W 7TH ST,SAN PEDRO,CA,90732,LOS ANGELES,(310) 832-3311,Acute Care Hospitals,Voluntary non-profit - Private,No,,4,,8,5,0,5,0,,8,3,1,2,0,,11,6,0,6,0,,15,15,,10,7,
050082,ST JOHNS REGIONAL MEDICAL CENTER,1600 N ROSE AVE,OXNARD,CA,93030,VENTURA,(805) 988-2500,Acute Care Hospitals,Voluntary non-profit - Private,Yes,Y,4,,8,8,2,6,0,,8,7,2,5,0,,11,11,1,9,1,,15,15,,10,9,
050084,ST JOSEPH'S MEDICAL CENTER OF STOCKTON,1800 N CALIFORNIA ST,STOCKTON,CA,95204,SAN JOAQUIN,(209) 943-2000,Acute Care Hospitals,Voluntary non-profit - Private,Yes,Y,3,,8,8,0,8,0,,8,6,2,4,0,,11,8,0,6,2,,15,15,,10,9,
050089,COMMUNITY HOSPITAL OF SAN BERNARDINO,1805 MEDICAL CENTER DRIVE,SAN BERNARDINO,CA,92411,SAN BERNARDINO,(909) 887-6333,Acute Care Hospitals,Voluntary non-profit - Private,Yes,Y,3,,8,3,0,3,0,,8,6,1,5,0,,11,3,0,2,1,,15,15,,10,7,
050090,SONOMA VALLEY HOSPITAL,347 ANDRIEUX ST,SONOMA,CA,95476,SONOMA,(707) 935-5000,Acute Care Hospitals,Government - Hospital District or Authority,Yes,,2,,8,5,0,5,0,,8,2,0,2,0,,11,6,0,6,0,,15,15,,10,9,
050091,COMMUNITY HOSPITAL OF HUNTINGTON PARK,2623 E SLAUSON AVE,HUNTINGTON PARK,CA,90255,LOS ANGELES,(323) 583-1931,Acute Care Hospitals,Proprietary,Yes,,1,,8,3,0,3,0,,8,2,0,2,0,,11,4,0,2,2,,15,10,,10,6,
050093,SAINT AGNES MEDICAL CENTER,1303 E HERNDON AVE,FRESNO,CA,93720,FRESNO,(559) 450-3000,Acute Care Hospitals,Voluntary non-profit - Church,Yes,Y,2,,8,8,0,8,0,,8,8,2,6,0,,11,9,0,6,3,,15,15,,10,9,
050099,SAN ANTONIO REGIONAL HOSPITAL,999 SAN BERNARDINO ROAD,UPLAND,CA,91786,SAN BERNARDINO,(909) 985-2811,Acute Care Hospitals,Voluntary non-profit - Other,Yes,Y,3,,8,8,0,8,0,,8,7,3,4,0,,11,8,0,6,2,,15,15,,10,9,
050100,SHARP MEMORIAL HOSPITAL,7901 FROST ST,SAN DIEGO,CA,92123,SAN DIEGO,(858) 939-3400,Acute Care Hospitals,Voluntary non-profit - Private,Yes,Y,4,,8,8,2,6,0,,8,8,2,6,0,,11,11,0,9,2,,15,15,,10,8,
050101,SUTTER SOLANO MEDICAL CENTER,300 HOSPITAL DR,VALLEJO,CA,94589,SOLANO,(707) 554-5280,Acute Care Hospitals,Voluntary non-profit - Private,Yes,,3,,8,7,0,7,0,,8,6,1,5,0,,11,9,0,8,1,,15,15,,10,8,
050102,PARKVIEW COMMUNITY HOSPITAL MEDICAL CENTER,3865 JACKSON STREET,RIVERSIDE,CA,92503,RIVERSIDE,(951) 688-2211,Acute Care Hospitals,Proprietary,Yes,Y,3,,8,4,0,4,0,,8,4,1,3,0,,11,5,0,4,1,,15,15,,10,6,
050103,ADVENTIST HEALTH WHITE MEMORIAL,1720 CESAR E CHAVEZ AVENUE,LOS ANGELES,CA,90033,LOS ANGELES,(323) 268-5000,Acute Care Hospitals,Voluntary non-profit - Church,No,Y,3,,8,7,0,7,0,,8,7,1,6,0,,11,7,1,5,1,,15,15,,10,7,
050104,SAINT FRANCIS MEDICAL CENTER,3630 EAST IMPERIAL HIGHWAY,LYNWOOD,CA,90262,LOS ANGELES,(310) 900-8900,Acute Care Hospitals,Voluntary non-profit - Church,No,Y,3,,8,7,0,7,0,,8,6,3,3,0,,11,5,1,4,0,,15,15,,10,7,
050107,MARIAN REGIONAL MEDICAL CENTER,1400 E CHURCH ST,SANTA MARIA,CA,93454,SANTA BARBARA,(805) 739-3100,Acute Care Hospitals,Voluntary non-profit - Church,Yes,Y,3,,8,8,0,7,1,,8,7,2,5,0,,11,11,1,8,2,,15,15,,10,9,
050108,"SUTTER MEDICAL CENTER, SACRAMENTO",2825 CAPITOL AVENUE,SACRAMENTO,CA,95816,SACRAMENTO,(916) 454-2222,Acute Care Hospitals,Voluntary non-profit - Private,Yes,Y,4,,8,8,0,8,0,,8,8,3,5,0,,11,11,0,9,2,,15,15,,10,7,
050110,LOMPOC VALLEY MEDICAL CENTER,1515 E OCEAN AVENUE,LOMPOC,CA,93436,SANTA BARBARA,(805) 737-3300,Acute Care Hospitals,Government - Hospital District or Authority,Yes,,1,,8,5,0,3,2,,8,4,0,4,0,,11,9,0,7,2,,15,15,,10,9,
050112,SANTA MONICA - UCLA MED CTR & ORTHOPAEDIC HOSPITAL,1250 16TH STREET,SANTA MONICA,CA,90404,LOS ANGELES,(310) 319-4000,Acute Care Hospitals,Voluntary non-profit - Private,Yes,Y,5,,8,7,3,4,0,,8,7,1,6,0,,11,10,1,7,2,,15,15,,10,9,
050113,SAN MATEO MEDICAL CENTER,222 W 39TH AVE,SAN MATEO,CA,94403,SAN MATEO,(650) 573-2222,Acute Care Hospitals,Government - Local,Yes,,Not Available,16,8,2,0,2,0,,8,2,0,2,0,,11,3,0,3,0,,15,15,,10,5,
050115,PALOMAR HEALTH DOWNTOWN CAMPUS,555 EAST VALLEY PARKWAY,ESCONDIDO,CA,92025,SAN DIEGO,(760) 739-3000,Acute Care Hospitals,Government - Hospital District or Authority,Yes,,3,,8,8,0,8,0,,8,7,2,5,0,,11,11,2,8,1,,15,15,,10,9,
050116,NORTHRIDGE HOSPITAL MEDICAL CENTER,18300 ROSCOE BLVD,NORTHRIDGE,CA,91325,LOS ANGELES,(818) 885-8500,Acute Care Hospitals,Voluntary non-profit - Private,Yes,Y,4,,8,8,1,7,0,,8,7,3,4,0,,11,10,0,8,2,,15,15,,10,6,
050118,DOCTORS HOSPITAL OF MANTECA,1205 E NORTH STREET,MANTECA,CA,95336,SAN JOAQUIN,(209) 823-3111,Acute Care Hospitals,Voluntary non-profit - Other,Yes,,2,,8,5,0,5,0,,8,2,0,2,0,,11,6,0,4,2,,15,15,,10,9,
050121,ADVENTIST HEALTH HANFORD,115 MALL DRIVE,HANFORD,CA,93230,KINGS,(559) 582-9000,Acute Care Hospitals,Voluntary non-profit - Church,Yes,Y,3,,8,7,0,7,0,,8,7,2,5,0,,11,7,0,5,2,,15,15,,10,8,
050122,DAMERON HOSPITAL,525 WEST ACACIA STREET,STOCKTON,CA,95203,SAN JOAQUIN,(209) 944-5550,Acute Care Hospitals,Voluntary non-profit - Other,Yes,,2,,8,6,0,6,0,,8,5,1,4,0,,11,8,0,8,0,,15,15,,10,8,
050124,USC VERDUGO HILLS HOSPITAL,1812 VERDUGO BLVD,GLENDALE,CA,91208,LOS ANGELES,(818) 790-7100,Acute Care Hospitals,Voluntary non-profit - Private,Yes,Y,4,,8,7,2,5,0,,8,7,1,6,0,,11,7,1,4,2,,15,15,,10,8,
050125,REGIONAL MEDICAL CENTER OF SAN JOSE,225 N JACKSON AVENUE,SAN JOSE,CA,95116,SANTA CLARA,(408) 259-5000,Acute Care Hospitals,Government - Federal,Yes,,3,,8,7,2,5,0,,8,7,1,6,0,,11,8,0,5,3,,15,15,,10,7,
050126,VALLEY PRESBYTERIAN HOSPITAL,15107 VANOWEN ST,VAN NUYS,CA,91405,LOS ANGELES,(818) 782-6600,Acute Care Hospitals,Voluntary non-profit - Other,Yes,Y,1,,8,7,1,6,0,,8,7,1,6,0,,11,8,0,6,2,,15,15,,10,7,
050127,WOODLAND MEMORIAL HOSPITAL,1325 COTTONWOOD STREET,WOODLAND,CA,95695,YOLO,(530) 662-3961,Acute Care Hospitals,Voluntary non-profit - Other,Yes,Y,5,,8,5,0,5,0,,8,5,0,5,0,,11,8,1,7,0,,15,15,,10,9,
050128,TRI-CITY MEDICAL CENTER,4002 VISTA WAY,OCEANSIDE,CA,92056,SAN DIEGO,(760) 724-8411,Acute Care Hospitals,Government - Hospital District or Authority,Yes,,1,,8,7,0,7,0,,8,7,1,6,0,,11,10,1,8,1,,15,15,,10,6,
050129,ST BERNARDINE MEDICAL CENTER,2101 N WATERMAN AVE,SAN BERNARDINO,CA,92404,SAN BERNARDINO,(909) 883-8711,Acute Care Hospitals,Voluntary non-profit - Private,Yes,Y,2,,8,8,0,8,0,,8,7,3,4,0,,11,8,0,7,1,,15,15,,10,7,
050131,NOVATO COMMUNITY HOSPITAL,180 ROWLAND WAY,NOVATO,CA,94945,MARIN,(415) 209-1300,Acute Care Hospitals,Voluntary non-profit - Private,Yes,,5,,8,5,0,5,0,,8,3,0,3,0,,11,7,0,7,0,,15,15,,10,7,
050132,SAN GABRIEL VALLEY MEDICAL CENTER,438 W LAS TUNAS DRIVE,SAN GABRIEL,CA,91776,LOS ANGELES,(626) 289-5454,Acute Care Hospitals,Proprietary,Yes,Y,4,,8,6,1,5,0,,8,7,2,5,0,,11,5,0,4,1,,15,15,,10,6,
050133,ADVENTIST HEALTH AND RIDEOUT,726 4TH ST,MARYSVILLE,CA,95901,YUBA,(530) 749-4300,Acute Care Hospitals,Government - Federal,Yes,Y,2,,8,8,0,6,2,,8,7,1,6,0,,11,10,1,6,3,,15,15,,10,10,
050135,SOUTHERN CALIFORNIA HOSPITAL AT HOLLYWOOD,6245 DE LONGPRE AVE,HOLLYWOOD,CA,90028,LOS ANGELES,(323) 462-2271,Acute Care Hospitals,Proprietary,Yes,,3,,8,7,4,3,0,,8,5,2,3,0,,11,6,0,4,2,,15,10,,10,6,
050136,PETALUMA VALLEY HOSPITAL,400 N MCDOWELL BLVD,PETALUMA,CA,94954,SONOMA,(707) 778-1111,Acute Care Hospitals,Voluntary non-profit - Other,No,Y,4,,8,5,0,5,0,,8,3,0,3,0,,11,7,0,6,1,,15,15,,10,8,
050137,KAISER FOUNDATION HOSPITAL - PANORAMA CITY,13652 CANTARA ST,PANORAMA CITY,CA,91402,LOS ANGELES,(818) 375-2000,Acute Care Hospitals,Voluntary non-profit - Private,No,Y,4,,8,1,0,1,0,,8,6,1,5,0,,11,1,0,1,0,,15,15,,10,4,
050138,KAISER FOUNDATION HOSPITAL - LOS ANGELES,4867 SUNSET BLVD,LOS ANGELES,CA,90027,LOS ANGELES,(323) 783-4011,Acute Care Hospitals,Voluntary non-profit - Other,No,Y,5,,8,4,0,4,0,,8,6,3,3,0,,11,3,1,1,1,,15,15,,10,4,
050139,KAISER FOUNDATION HOSPITAL - DOWNEY,9333 IMPERIAL HIGHWAY,DOWNEY,CA,90242,LOS ANGELES,(562) 461-6007,Acute Care Hospitals,Voluntary non-profit - Other,No,Y,4,,8,1,0,1,0,,8,7,1,6,0,,11,1,0,1,0,,15,15,,10,4,
050140,KAISER FOUNDATION HOSPITAL FONTANA/ONTARIO,9961 SIERRA AVE,FONTANA,CA,92335,SAN BERNARDINO,(909) 427-5000,Acute Care Hospitals,Voluntary non-profit - Private,Yes,Y,3,,8,2,0,2,0,,8,7,3,3,1,,11,3,0,2,1,,15,15,,10,4,
050145,COMMUNITY HOSPITAL OF THE MONTEREY PENINSULA,23625 W R HOLMAN HIGHWAY,MONTEREY,CA,93940,MONTEREY,(831) 624-5311,Acute Care Hospitals,Voluntary non-profit - Private,Yes,Y,4,,8,8,2,6,0,,8,7,1,5,1,,11,11,0,11,0,,15,15,,10,10,
050149,CALIFORNIA HOSPITAL MEDICAL CENTER LA,1401 SOUTH GRAND AVENUE,LOS ANGELES,CA,90015,LOS ANGELES,(213) 748-2411,Acute Care Hospitals,Voluntary non-profit - Other,Yes,Y,2,,8,4,0,4,0,,8,8,2,4,2,,11,6,0,5,1,,15,15,,10,7,
050150,SIERRA NEVADA MEMORIAL HOSPITAL,155 GLASSON WAY,GRASS VALLEY,CA,95945,NEVADA,(530) 274-6000,Acute Care Hospitals,Voluntary non-profit - Other,Yes,Y,3,,8,6,1,5,0,,8,5,1,3,1,,11,9,1,8,0,,15,15,,10,9,
050152,UCSF HEALTH SAINT FRANCIS HOSPITAL,900 HYDE ST,SAN FRANCISCO,CA,94109,SAN FRANCISCO,(415) 353-6000,Acute Care Hospitals,Voluntary non-profit - Private,Yes,,3,,8,5,0,5,0,,8,5,1,4,0,,11,7,0,5,2,,15,15,,10,8,
050158,ENCINO HOSPITAL MEDICAL CENTER,16237 VENTURA BLVD,ENCINO,CA,91436,LOS ANGELES,(818) 995-5000,Acute Care Hospitals,Proprietary,No,,3,,8,3,1,2,0,,8,3,1,2,0,,11,4,0,4,0,,15,10,,10,6,
050159,VENTURA COUNTY MEDICAL CENTER,300 HILLMONT AVENUE,VENTURA,CA,93003,VENTURA,(805) 652-6075,Acute Care Hospitals,Government - Local,Yes,Y,2,,8,6,0,6,0,,8,7,0,7,0,,11,9,0,7,2,,15,15,,10,8,
05015F,60th Medical Group (Travis AFB),101 Bodin Cir Bldg 777,Travis AFB,CA,94535,SOLANO,(707) 423-7300,Acute Care - Department of Defense,Department of Defense,Yes,,Not Available,22,Not Available,Not Available,Not Available,Not Available,Not Available,22,Not Available,Not Available,Not Available,Not Available,Not Available,22,Not Available,Not Available,Not Available,Not Available,Not Available,22,Not Available,Not Available,22,Not Available,Not Available,22
050167,SAN JOAQUIN GENERAL HOSPITAL,500 W HOSPITAL ROAD,FRENCH CAMP,CA,95231,SAN JOAQUIN,(209) 468-6000,Acute Care Hospitals,Government - Local,Yes,Y,2,,8,6,0,6,0,,8,6,3,2,1,,11,6,0,5,1,,15,15,,10,8,
050168,PROVIDENCE ST. JUDE MEDICAL CENTER,101 E VALENCIA MESA DRIVE,FULLERTON,CA,92835,ORANGE,(714) 992-3000,Acute Care Hospitals,Voluntary non-profit - Church,Yes,Y,4,,8,8,0,8,0,,8,8,4,4,0,,11,11,1,9,1,,15,15,,10,10,
050169,PIH HEALTH HOSPITAL-WHITTIER,12401 WASHINGTON BLVD,WHITTIER,CA,90602,LOS ANGELES,(562) 698-0811,Acute Care Hospitals,Voluntary non-profit - Private,Yes,Y,4,,8,8,0,8,0,,8,8,3,5,0,,11,11,0,9,2,,15,15,,10,8,
050174,PROVIDENCE SANTA ROSA MEMORIAL HOSPITAL,1165 MONTGOMERY DR,SANTA ROSA,CA,95405,SONOMA,(707) 525-5300,Acute Care Hospitals,Voluntary non-profit - Private,Yes,Y,3,,8,8,0,8,0,,8,7,1,6,0,,11,11,1,9,1,,15,15,,10,10,
050179,EMANUEL MEDICAL CENTER,825 DELBON AVE,TURLOCK,CA,95382,STANISLAUS,(209) 667-4200,Acute Care Hospitals,Proprietary,Yes,Y,2,,8,7,0,7,0,,8,6,1,5,0,,11,10,0,7,3,,15,15,,10,9,
050180,JOHN MUIR MEDICAL CENTER - WALNUT CREEK CAMPUS,1601 YGNACIO VALLEY RD,WALNUT CREEK,CA,94598,CONTRA COSTA,(925) 939-3000,Acute Care Hospitals,Voluntary non-profit - Other,Yes,Y,2,,8,7,3,2,2,,8,8,2,5,1,,11,10,3,5,2,,15,15,,10,8,
050191,ST MARY MEDICAL CENTER,1050 LINDEN AVE,LONG BEACH,CA,90813,LOS ANGELES,(562) 491-9000,Acute Care Hospitals,Voluntary non-profit - Church,Yes,Y,5,,8,7,0,7,0,,8,6,2,4,0,,11,6,2,3,1,,15,15,,10,7,
050192,ADVENTIST HEALTH REEDLEY,372 W CYPRESS AVE,REEDLEY,CA,93654,FRESNO,(559) 638-8155,Acute Care Hospitals,Voluntary non-profit - Private,No,Y,Not Available,16,8,2,0,2,0,,8,1,0,1,0,,11,2,0,2,0,,15,10,,10,6,
050194,WATSONVILLE COMMUNITY HOSPITAL,75 NIELSON STREET,WATSONVILLE,CA,95076,SANTA CRUZ,(831) 724-4741,Acute Care Hospitals,Proprietary,Yes,Y,2,,8,5,0,5,0,,8,2,0,2,0,,11,6,0,4,2,,15,15,,10,9,
050195,WASHINGTON HOSPITAL,2000 MOWRY AVE,FREMONT,CA,94538,ALAMEDA,(510) 797-1111,Acute Care Hospitals,Government - Hospital District or Authority,Yes,Y,2,,8,8,0,8,0,,8,7,2,5,0,,11,11,1,6,4,,15,15,,10,8,
050197,SEQUOIA HOSPITAL,170 ALAMEDA DE LAS PULGAS,REDWOOD CITY,CA,94062,SAN MATEO,(650) 369-5811,Acute Care Hospitals,Voluntary non-profit - Private,Yes,Y,5,,8,8,2,6,0,,8,5,1,4,0,,11,9,3,6,0,,15,15,,10,7,
050204,PALMDALE REGIONAL MEDICAL CENTER,38600 MEDICAL CENTER DRIVE,PALMDALE,CA,93552,LOS ANGELES,(661) 382-5000,Acute Care Hospitals,Proprietary,Yes,,3,,8,7,0,7,0,,8,7,2,5,0,,11,7,1,5,1,,15,15,,10,6,
05020F,NH Camp Pendleton,200 Mercy Cir,Camp Pendleton,CA,92055,SAN DIEGO,(760) 725-1288,Acute Care - Department of Defense,Department of Defense,Yes,,Not Available,22,Not Available,Not Available,Not Available,Not Available,Not Available,22,Not Available,Not Available,Not Available,Not Available,Not Available,22,Not Available,Not Available,Not Available,Not Available,Not Available,22,Not Available,Not Available,22,Not Available,Not Available,22
050211,ALAMEDA HOSPITAL,2070 CLINTON AVENUE,ALAMEDA,CA,94501,ALAMEDA,(510) 522-3700,Acute Care Hospitals,Government - Hospital District or Authority,Yes,,4,,8,5,0,5,0,,8,3,0,3,0,,11,4,0,4,0,,15,15,,10,7,
050222,SHARP CHULA VISTA MEDICAL CENTER,751 MEDICAL CENTER COURT,CHULA VISTA,CA,91911,SAN DIEGO,(619) 502-5800,Acute Care Hospitals,Proprietary,Yes,Y,4,,8,8,1,7,0,,8,6,1,5,0,,11,10,0,9,1,,15,15,,10,8,
050224,HOAG MEMORIAL HOSPITAL PRESBYTERIAN,ONE HOAG DRIVE,NEWPORT BEACH,CA,92663,ORANGE,(949) 764-4624,Acute Care Hospitals,Voluntary non-profit - Private,Yes,Y,5,,8,8,1,7,0,,8,7,4,3,0,,11,10,1,9,0,,15,15,,10,10,
050226,AHMC ANAHEIM REGIONAL MEDICAL CENTER,1111 W LA PALMA AVENUE,ANAHEIM,CA,92801,ORANGE,(714) 774-1450,Acute Care Hospitals,Voluntary non-profit - Private,Yes,Y,4,,8,8,1,7,0,,8,5,1,4,0,,11,8,0,6,2,,15,15,,10,7,
050228,ZUCKERBERG SAN FRANCISCO GENERAL HOSP & TRAUMA CTR,1001 POTRERO AVENUE,SAN FRANCISCO,CA,94110,SAN FRANCISCO,(415) 206-8000,Acute Care Hospitals,Government - Local,Yes,Y,2,,8,7,1,6,0,,8,7,1,5,1,,11,9,0,7,2,,15,15,,10,8,
05022F,NMC San Diego,34800 Bob Wilson Dr,San Diego,CA,92134,SAN DIEGO,(619) 532-6400,Acute Care - Department of Defense,Department of Defense,Yes,,Not Available,22,Not Available,Not Available,Not Available,Not Available,Not Available,22,Not Available,Not Available,Not Available,Not Available,Not Available,22,Not Available,Not Available,Not Available,Not Available,Not Available,22,Not Available,Not Available,22,Not Available,Not Available,22
050230,GARDEN GROVE HOSPITAL & MEDICAL CENTER,12601 GARDEN GROVE BLVD,GARDEN GROVE,CA,92843,ORANGE,(714) 537-5160,Acute Care Hospitals,Proprietary,Yes,,2,,8,4,0,4,0,,8,3,0,3,0,,11,5,1,3,1,,15,10,,10,7,
050231,POMONA VALLEY HOSPITAL MEDICAL CENTER,1798 N GAREY AVE,POMONA,CA,91767,LOS ANGELES,(909) 865-9500,Acute Care Hospitals,Voluntary non-profit - Private,Yes,Y,3,,8,8,1,7,0,,8,7,4,3,0,,11,11,2,9,0,,15,15,,10,8,
050232,FRENCH HOSPITAL MEDICAL CENTER,1911 JOHNSON AVE,SAN LUIS OBISPO,CA,93401,SAN LUIS OBISPO,(805) 543-5353,Acute Care Hospitals,Voluntary non-profit - Private,Yes,Y,5,,8,8,0,8,0,,8,6,1,5,0,,11,9,2,7,0,,15,15,,10,9,
050234,SHARP CORONADO HOSPITAL AND HLTHCR CTR,250 PROSPECT PLACE,CORONADO,CA,92118,SAN DIEGO,(619) 435-6251,Acute Care Hospitals,Proprietary,Yes,,4,,8,5,0,5,0,,8,4,0,4,0,,11,7,2,4,1,,15,15,,10,7,
050235,PROVIDENCE SAINT JOSEPH MEDICAL CTR,501 SOUTH BUENA VISTA STREET,BURBANK,CA,91505,LOS ANGELES,(818) 843-5111,Acute Care Hospitals,Voluntary non-profit - Church,Yes,Y,3,,8,8,3,5,0,,8,8,1,7,0,,11,11,0,8,3,,15,15,,10,7,
050236,ADVENTIST HEALTH SIMI VALLEY,2975 N SYCAMORE DR,SIMI VALLEY,CA,93065,VENTURA,(805) 955-6000,Acute Care Hospitals,Voluntary non-profit - Private,Yes,,2,,8,7,0,7,0,,8,7,1,6,0,,11,8,0,5,3,,15,15,,10,8,
050238,USC ARCADIA HOSPITAL,300 W HUNTINGTON DR,ARCADIA,CA,91007,LOS ANGELES,(626) 898-8000,Acute Care Hospitals,Voluntary non-profit - Private,Yes,Y,3,,8,8,2,6,0,,8,7,1,6,0,,11,8,1,5,2,,15,15,,10,7,
050239,GLENDALE ADVENTIST MEDICAL CENTER,1509 E WILSON TERRACE,GLENDALE,CA,91206,LOS ANGELES,(818) 409-8202,Acute Care Hospitals,Voluntary non-profit - Private,Yes,Y,4,,8,8,3,5,0,,8,7,3,4,0,,11,9,0,6,3,,15,15,,10,9,
050242,DOMINICAN HOSPITAL,1555 SOQUEL DRIVE,SANTA CRUZ,CA,95065,SANTA CRUZ,(831) 462-7700,Acute Care Hospitals,Voluntary non-profit - Private,Yes,Y,4,,8,8,1,7,0,,8,7,2,5,0,,11,11,1,8,2,,15,15,,10,8,
050243,DESERT REGIONAL MEDICAL CENTER,1150 NORTH INDIAN CANYON DRIVE,PALM SPRINGS,CA,92262,RIVERSIDE,(760) 323-6511,Acute Care Hospitals,Proprietary,Yes,Y,2,,8,8,0,8,0,,8,6,1,5,0,,11,9,0,7,2,,15,15,,10,8,
050245,ARROWHEAD REGIONAL MEDICAL CENTER,400 NORTH PEPPER AVENUE,COLTON,CA,92324,SAN BERNARDINO,(909) 580-1000,Acute Care Hospitals,Government - Local,Yes,Y,2,23,8,6,0,6,0,,8,6,2,4,0,23,11,7,0,6,1,,15,15,,10,8,
050248,NATIVIDAD MEDICAL CENTER,1441 CONSTITUTION BOULEVARD,SALINAS,CA,93906,MONTEREY,(831) 755-4111,Acute Care Hospitals,Government - Local,Yes,Y,3,,8,6,0,6,0,,8,6,1,5,0,,11,6,0,6,0,,15,15,,10,9,
050254,MARSHALL MEDICAL CENTER,1100 MARSHALL WAY,PLACERVILLE,CA,95667,EL DORADO,(530) 622-1441,Acute Care Hospitals,Voluntary non-profit - Private,Yes,Y,4,,8,7,0,7,0,,8,4,0,4,0,,11,9,1,8,0,,15,15,,10,10,
050257,"GOOD SAMARITAN HOSPITAL, LP",901 OLIVE DRIVE,BAKERSFIELD,CA,93308,KERN,(661) 215-7500,Acute Care Hospitals,Proprietary,No,,Not Available,16,8,2,0,2,0,,8,2,0,2,0,,11,2,1,1,0,,15,Not Available,5,10,2,
05025F,FRESNO VA MEDICAL CENTER (VA CENTRAL CALIFORNIA HEALTHCARE SYSTEM),2615 E. CLINTON AVENUE,FRESNO,CA,93703,FRESNO,(559) 228-5338,Acute Care - Veterans Administration,Veterans Health Administration,Yes,,5,,8,4,0,4,0,,8,3,0,3,0,,11,6,0,6,0,,15,10,,10,4,
050261,SIERRA VIEW MEDICAL CENTER,465 W PUTNAM AVE,PORTERVILLE,CA,93257,TULARE,(559) 784-1110,Acute Care Hospitals,Voluntary non-profit - Private,Yes,Y,3,,8,6,0,5,1,,8,5,1,4,0,,11,10,0,10,0,,15,15,,10,7,
050262,RONALD REAGAN UCLA MEDICAL CENTER,757 WESTWOOD PLAZA,LOS ANGELES,CA,90095,LOS ANGELES,(310) 825-6301,Acute Care Hospitals,Government - State,Yes,Y,4,,8,8,3,5,0,,8,7,1,6,0,,11,10,1,8,1,,15,15,,10,8,
050272,REDLANDS COMMUNITY HOSPITAL,350 TERRACINA BLVD,REDLANDS,CA,92373,SAN BERNARDINO,(909) 335-5500,Acute Care Hospitals,Voluntary non-profit - Private,Yes,Y,2,,8,5,0,4,1,,8,7,0,7,0,,11,9,1,7,1,,15,15,,10,7,
050276,CONTRA COSTA REGIONAL MEDICAL CENTER,2500 ALHAMBRA AVENUE,MARTINEZ,CA,94553,CONTRA COSTA,(925) 370-5000,Acute Care Hospitals,Government - Local,Yes,Y,4,,8,5,0,5,0,,8,5,1,4,0,,11,6,1,4,1,,15,15,,10,8,
050278,PROVIDENCE HOLY CROSS MEDICAL CENTER,15031 RINALDI ST,MISSION HILLS,CA,91346,LOS ANGELES,(818) 365-8051,Acute Care Hospitals,Voluntary non-profit - Church,Yes,Y,4,,8,7,1,6,0,,8,8,1,7,0,,11,10,1,7,2,,15,15,,10,8,
050279,HI-DESERT MEDICAL CENTER,6601 WHITE FEATHER ROAD,JOSHUA TREE,CA,92252,SAN BERNARDINO,(760) 366-3711,Acute Care Hospitals,Government - Hospital District or Authority,Yes,Y,2,,8,3,0,3,0,,8,2,0,2,0,,11,3,1,1,1,,15,15,,10,7,
05027F,VA LONG BEACH HEALTHCARE SYSTEM,5901 E. SEVENTH STREET,LONG BEACH,CA,90822,LOS ANGELES,(562) 826-8000,Acute Care - Veterans Administration,Veterans Health Administration,Yes,,4,,8,5,2,3,0,,8,4,1,3,0,,11,5,0,3,2,,15,10,,10,5,
050280,MERCY MEDICAL CENTER REDDING,"2175 ROSALINE AVE, CLAIRMONT HGTS",REDDING,CA,96001,SHASTA,(530) 225-6102,Acute Care Hospitals,Voluntary non-profit - Private,Yes,Y,2,,8,8,0,8,0,,8,7,3,4,0,,11,11,1,9,1,,15,15,,10,8,
050281,ALHAMBRA HOSPITAL MEDICAL CENTER,100 S RAYMOND AVE,ALHAMBRA,CA,91801,LOS ANGELES,(626) 570-1606,Acute Care Hospitals,Proprietary,No,,4,,8,4,1,3,0,,8,4,1,3,0,,11,3,0,2,1,,15,15,,10,6,
050283,STANFORD HEALTH CARE TRI-VALLEY,5555 WEST LAS POSITAS BOULEVARD,PLEASANTON,CA,94588,ALAMEDA,(925) 847-3000,Acute Care Hospitals,Voluntary non-profit - Private,Yes,Y,5,,8,8,2,6,0,,8,7,2,5,0,,11,9,2,7,0,,15,15,,10,9,
050289,AHMC SETON MEDICAL CENTER,1900 SULLIVAN AVENUE,DALY CITY,CA,94015,SAN MATEO,(650) 992-4000,Acute Care Hospitals,Voluntary non-profit - Church,Yes,,1,,8,6,0,6,0,,8,3,1,2,0,,11,7,0,5,2,,15,15,,10,7,
050290,SAINT JOHN'S HEALTH CENTER,2121 SANTA MONICA BLVD,SANTA MONICA,CA,90404,LOS ANGELES,(310) 829-5511,Acute Care Hospitals,Voluntary non-profit - Private,Yes,Y,4,,8,8,3,5,0,,8,7,2,5,0,,11,11,1,8,2,,15,15,,10,8,
050291,SUTTER SANTA ROSA REGIONAL HOSPITAL,30 MARK WEST SPRINGS ROAD,SANTA ROSA,CA,95403,SONOMA,(707) 576-4000,Acute Care Hospitals,Voluntary non-profit - Other,Yes,Y,5,,8,7,1,6,0,,8,7,1,6,0,,11,10,1,8,1,,15,15,,10,9,
050292,RIVERSIDE UNIVERSITY HEALTH SYSTEM-MEDICAL CENTER,26520 CACTUS AVENUE,MORENO VALLEY,CA,92555,RIVERSIDE,(951) 486-4000,Acute Care Hospitals,Government - Local,Yes,Y,3,,8,6,0,6,0,,8,7,4,3,0,,11,8,0,7,1,,15,15,,10,7,
050295,MERCY HOSPITAL,2215 TRUXTUN AVENUE,BAKERSFIELD,CA,93301,KERN,(661) 632-5000,Acute Care Hospitals,Voluntary non-profit - Other,Yes,Y,3,,8,7,0,7,0,,8,7,3,4,0,,11,6,0,4,2,,15,15,,10,8,
050298,BARSTOW COMMUNITY HOSPITAL,820 E MOUNTAIN VIEW STREET,BARSTOW,CA,92311,SAN BERNARDINO,(760) 256-1761,Acute Care Hospitals,Proprietary,Yes,Y,1,,8,3,0,3,0,,8,2,0,2,0,,11,4,1,3,0,,15,15,,10,7,
050300,PROVIDENCE ST MARY MEDICAL CENTER,18300 HIGHWAY 18,APPLE VALLEY,CA,92307,SAN BERNARDINO,(760) 242-2311,Acute Care Hospitals,Voluntary non-profit - Private,Yes,Y,2,,8,7,0,7,0,,8,7,1,6,0,,11,8,0,5,3,,15,15,,10,7,
050301,ADVENTIST HEALTH UKIAH VALLEY,275 HOSPITAL DRIVE,UKIAH,CA,95482,MENDOCINO,(707) 462-3111,Acute Care Hospitals,Voluntary non-profit - Private,Yes,Y,4,,8,5,0,5,0,,8,4,0,4,0,,11,8,0,8,0,,15,15,,10,8,
050305,ALTA BATES SUMMIT MEDICAL CENTER - ALTA BATES CAMP,2450 ASHBY AVENUE,BERKELEY,CA,94705,ALAMEDA,(510) 204-4444,Acute Care Hospitals,Voluntary non-profit - Private,Yes,Y,4,,8,7,2,5,0,,8,7,2,5,0,,11,9,2,6,1,,15,15,,10,8,
050308,EL CAMINO HEALTH,2500 GRANT ROAD,MOUNTAIN VIEW,CA,94040,SANTA CLARA,(650) 940-7000,Acute Care Hospitals,Government - Hospital District or Authority,Yes,Y,4,,8,8,3,5,0,,8,8,3,5,0,,11,11,1,9,1,,15,15,,10,9,
050309,SUTTER ROSEVILLE MEDICAL CENTER,ONE MEDICAL PLAZA,ROSEVILLE,CA,95661,PLACER,(916) 781-1000,Acute Care Hospitals,Voluntary non-profit - Private,Yes,Y,5,,8,7,2,5,0,,8,7,5,1,1,,11,10,2,7,1,,15,15,,10,6,
05030F,VA N CALIFORNIA HEALTHCARE SYSTEM,10535 HOSPITAL WAY,MATHER,CA,95655,SACRAMENTO,(800) 382-8387,Acute Care - Veterans Administration,Veterans Health Administration,Yes,,4,,8,5,0,5,0,,8,3,0,3,0,,11,4,0,2,2,,15,10,,10,5,
050313,SUTTER TRACY COMMUNITY HOSPITAL,1420 NORTH TRACY BLVD,TRACY,CA,95376,SAN JOAQUIN,(209) 835-1500,Acute Care Hospitals,Proprietary,Yes,Y,4,,8,5,0,5,0,,8,5,1,4,0,,11,7,2,5,0,,15,15,,10,10,
050315,KERN MEDICAL CENTER,1700 MOUNT VERNON AVENUE,BAKERSFIELD,CA,93306,KERN,(661) 326-2000,Acute Care Hospitals,Government - Hospital District or Authority,Yes,Y,1,,8,4,0,4,0,,8,7,1,6,0,,11,7,0,7,0,,15,15,,10,7,
05031F,PALO ALTO VA MEDICAL CENTER,3801 MIRANDA AVENUE,PALO ALTO,CA,94304,SANTA CLARA,(650) 858-3939,Acute Care - Veterans Administration,Veterans Health Administration,Yes,,5,,8,5,1,4,0,,8,4,0,4,0,,11,6,0,5,1,,15,10,,10,5,
050320,HIGHLAND HOSPITAL,1411 EAST 31ST STREET,OAKLAND,CA,94602,ALAMEDA,(510) 437-4800,Acute Care Hospitals,Government - Hospital District or Authority,Yes,Y,1,,8,7,0,7,0,,8,6,0,5,1,,11,9,0,6,3,,15,15,,10,10,
050324,SCRIPPS MEMORIAL HOSPITAL LA JOLLA,9888 GENESEE AVENUE,LA JOLLA,CA,92037,SAN DIEGO,(858) 626-4123,Acute Care Hospitals,Physician,Yes,Y,5,,8,8,4,4,0,,8,8,3,4,1,,11,9,2,6,1,,15,15,,10,9,
050327,LOMA LINDA UNIVERSITY MEDICAL CENTER,11234 ANDERSON ST,LOMA LINDA,CA,92354,SAN BERNARDINO,(909) 558-4000,Acute Care Hospitals,Voluntary non-profit - Private,Yes,,4,,8,8,0,8,0,,8,7,5,2,0,,11,10,0,8,2,,15,15,,10,8,
050329,CORONA REGIONAL MEDICAL CENTER,800 SOUTH MAIN STREET,CORONA,CA,92882,RIVERSIDE,(951) 736-6240,Acute Care Hospitals,Proprietary,Yes,Y,3,,8,6,0,6,0,,8,5,1,4,0,,11,6,1,4,1,,15,15,,10,8,
050334,SALINAS VALLEY MEMORIAL HOSPITAL,450 EAST ROMIE LANE,SALINAS,CA,93901,MONTEREY,(831) 757-4333,Acute Care Hospitals,Voluntary non-profit - Other,Yes,Y,4,,8,8,1,7,0,,8,6,1,5,0,,11,10,0,9,1,,15,15,,10,9,
050335,ADVENTIST HEALTH SONORA,1000 GREENLEY ROAD,SONORA,CA,95370,TUOLUMNE,(209) 536-5000,Acute Care Hospitals,Voluntary non-profit - Church,No,Y,3,,8,7,0,7,0,,8,4,0,4,0,,11,9,1,7,1,,15,15,,10,10,
050336,ADVENTIST HEALTH LODI MEMORIAL,975 S FAIRMONT AVENUE,LODI,CA,95240,SAN JOAQUIN,(209) 334-3411,Acute Care Hospitals,Voluntary non-profit - Other,Yes,Y,3,,8,7,0,7,0,,8,6,0,6,0,,11,6,1,3,2,,15,15,,10,8,
050342,PIONEERS MEMORIAL HEALTHCARE DISTRICT,207 WEST LEGION ROAD,BRAWLEY,CA,92227,IMPERIAL,(760) 351-3333,Acute Care Hospitals,Government - Hospital District or Authority,Yes,Y,3,,8,5,0,5,0,,8,3,1,2,0,,11,8,0,7,1,,15,15,,10,7,
050348,UCI HEALTH-ORANGE,101 CITY DRIVE SOUTH,ORANGE,CA,92868,ORANGE,(714) 456-7890,Acute Care Hospitals,Government - Local,Yes,Y,4,,8,8,3,5,0,,8,8,4,4,0,,11,11,2,7,2,,15,15,,10,9,
050350,ADVENTIST HEALTH WHITE MEMORIAL MONTEBELLO,309 W BEVERLY BLVD,MONTEBELLO,CA,90640,LOS ANGELES,(323) 726-1222,Acute Care Hospitals,Voluntary non-profit - Private,Yes,,3,,8,5,1,4,0,,8,2,0,1,1,,11,5,0,5,0,,15,Not Available,5,10,3,
050351,TORRANCE MEMORIAL MEDICAL CENTER,3330 LOMITA BLVD,TORRANCE,CA,90509,LOS ANGELES,(310) 325-9110,Acute Care Hospitals,Voluntary non-profit - Other,Yes,Y,5,,8,8,3,5,0,,8,8,3,4,1,,11,11,0,8,3,,15,15,,10,9,
050352,BARTON MEMORIAL HOSPITAL,2170 SOUTH AVENUE,SOUTH LAKE TAHOE,CA,96150,EL DORADO,(530) 541-3000,Acute Care Hospitals,Voluntary non-profit - Private,Yes,Y,3,,8,3,0,3,0,,8,2,0,2,0,,11,5,1,3,1,,15,15,,10,8,
050353,PROVIDENCE LITTLE COMPANY OF MARY MED CTR TORRANCE,4101 TORRANCE BLVD,TORRANCE,CA,90503,LOS ANGELES,(310) 540-7676,Acute Care Hospitals,Voluntary non-profit - Church,No,Y,5,,8,8,0,8,0,,8,8,3,5,0,,11,9,0,8,1,,15,15,,10,9,
050357,GOLETA VALLEY COTTAGE HOSPITAL,351 S PATTERSON AVE,SANTA BARBARA,CA,93111,SANTA BARBARA,(805) 967-3411,Acute Care Hospitals,Voluntary non-profit - Other,Yes,,5,,8,3,0,3,0,,8,3,0,3,0,,11,5,1,3,1,,15,15,,10,6,
050360,MARINHEALTH MEDICAL CENTER,250 BON AIR ROAD,GREENBRAE,CA,94904,MARIN,(415) 925-7900,Acute Care Hospitals,Government - Hospital District or Authority,Yes,Y,5,,8,8,2,6,0,,8,7,1,6,0,,11,11,3,8,0,,15,15,,10,10,
050367,NORTHBAY MEDICAL CENTER,1200 B  GALE WILSON BLVD,FAIRFIELD,CA,94533,SOLANO,(707) 646-5000,Acute Care Hospitals,Voluntary non-profit - Private,Yes,Y,2,,8,8,0,8,0,,8,7,1,6,0,,11,11,0,8,3,,15,15,,10,8,
050373,LOS ANGELES GENERAL MEDICAL CENTER,"2051 MARENGO ST, ROOM C2K100",LOS ANGELES,CA,90033,LOS ANGELES,(323) 226-2800,Acute Care Hospitals,Government - Local,Yes,Y,2,,8,7,0,7,0,,8,7,3,4,0,,11,7,0,6,1,,15,15,,10,8,
050376,LAC/HARBOR-UCLA MED CENTER,1000 W CARSON ST,TORRANCE,CA,90509,LOS ANGELES,(310) 222-2345,Acute Care Hospitals,Government - Local,Yes,Y,1,,8,7,0,7,0,,8,7,1,5,1,,11,7,0,6,1,,15,15,,10,6,
050378,PACIFICA HOSPITAL OF THE VALLEY,9449 SAN FERNANDO RD,SUN VALLEY,CA,91352,LOS ANGELES,(818) 767-3310,Acute Care Hospitals,Proprietary,Yes,,Not Available,16,8,1,0,1,0,,8,4,0,4,0,,11,1,0,1,0,,15,Not Available,5,10,5,
050380,GOOD SAMARITAN HOSPITAL,2425 SAMARITAN DRIVE,SAN JOSE,CA,95124,SANTA CLARA,(408) 559-2011,Acute Care Hospitals,Proprietary,Yes,Y,2,,8,8,0,8,0,,8,8,1,6,1,,11,9,0,5,4,,15,15,,10,7,
050382,EMANATE HEALTH INTER-COMMUNITY HOSPITAL,210 W  SAN BERNARDINO ROAD,COVINA,CA,91723,LOS ANGELES,(626) 814-2468,Acute Care Hospitals,Proprietary,Yes,Y,1,,8,8,0,6,2,,8,7,3,4,0,,11,9,0,7,2,,15,15,,10,8,
050390,HEMET GLOBAL MEDICAL CENTER,1117 EAST DEVONSHIRE,HEMET,CA,92543,RIVERSIDE,(951) 652-2811,Acute Care Hospitals,Proprietary,Yes,Y,1,,8,4,0,4,0,,8,6,3,3,0,,11,4,0,3,1,,15,15,,10,5,
050393,PIH HEALTH DOWNEY HOSPITAL,11500 BROOKSHIRE AVENUE,DOWNEY,CA,90241,LOS ANGELES,(562) 904-5000,Acute Care Hospitals,Voluntary non-profit - Private,Yes,,4,,8,6,1,5,0,,8,6,1,5,0,,11,6,0,4,2,,15,15,,10,6,
050394,COMMUNITY MEMORIAL HOSPITAL - VENTURA,147 NORTH BRENT STREET,VENTURA,CA,93003,VENTURA,(805) 652-5011,Acute Care Hospitals,Voluntary non-profit - Private,Yes,Y,4,,8,8,0,8,0,,8,7,1,6,0,,11,11,0,11,0,,15,15,,10,10,
050396,SANTA BARBARA COTTAGE HOSPITAL,400 WEST PUEBLO,SANTA BARBARA,CA,93105,SANTA BARBARA,(805) 682-7111,Acute Care Hospitals,Voluntary non-profit - Private,Yes,Y,4,,8,8,2,6,0,,8,8,2,5,1,,11,11,1,8,2,,15,15,,10,10,
05039F,NH Twentynine Palms,1145 Sturgis Rd,Twentynine Palms,CA,92278,SAN BERNARDINO,(760) 830-2190,Acute Care - Department of Defense,Department of Defense,Yes,,Not Available,22,Not Available,Not Available,Not Available,Not Available,Not Available,22,Not Available,Not Available,Not Available,Not Available,Not Available,22,Not Available,Not Available,Not Available,Not Available,Not Available,22,Not Available,Not Available,22,Not Available,Not Available,22
050407,CHINESE HOSPITAL,845 JACKSON ST,SAN FRANCISCO,CA,94133,SAN FRANCISCO,(415) 982-2400,Acute Care Hospitals,Voluntary non-profit - Private,Yes,,2,,8,5,0,5,0,,8,2,0,2,0,,11,8,0,7,1,,15,15,,10,7,
050411,KAISER FOUNDATION HOSPITAL - SOUTH BAY,25825 SOUTH VERMONT AVENUE,HARBOR CITY,CA,90710,LOS ANGELES,(310) 325-5111,Acute Care Hospitals,Voluntary non-profit - Other,No,Y,3,,8,1,0,1,0,,8,6,1,5,0,,11,1,0,1,0,,15,15,,10,4,
050414,MERCY HOSPITAL OF FOLSOM,1650 CREEKSIDE DRIVE,FOLSOM,CA,95630,SACRAMENTO,(916) 983-7400,Acute Care Hospitals,Voluntary non-profit - Private,Yes,Y,4,,8,7,0,7,0,,8,7,1,6,0,,11,7,0,5,2,,15,15,,10,7,
050417,SUTTER COAST HOSPITAL,800 E WASHINGTON BLVD,CRESCENT CITY,CA,95531,DEL NORTE,(707) 464-8511,Acute Care Hospitals,Government - Hospital District or Authority,No,Y,2,,8,5,0,4,1,,8,4,0,4,0,,11,9,0,7,2,,15,15,,10,7,
05041F,Weed ACH (FT Irwin),390 N Loop Rd,Fort Irwin,CA,92310,SAN BERNARDINO,(866) 957-9224,Acute Care - Department of Defense,Department of Defense,Yes,,Not Available,22,Not Available,Not Available,Not Available,Not Available,Not Available,22,Not Available,Not Available,Not Available,Not Available,Not Available,22,Not Available,Not Available,Not Available,Not Available,Not Available,22,Not Available,Not Available,22,Not Available,Not Available,22
050424,SCRIPPS GREEN HOSPITAL,10666 NORTH TORREY PINES ROAD,LA JOLLA,CA,92037,SAN DIEGO,(858) 554-3600,Acute Care Hospitals,Voluntary non-profit - Other,No,,5,,8,6,1,5,0,,8,7,3,4,0,,11,7,3,3,1,,15,15,,10,5,
050425,KAISER FOUNDATION HOSPITAL - SACRAMENTO,2025 MORSE AVENUE,SACRAMENTO,CA,95825,SACRAMENTO,(916) 973-5000,Acute Care Hospitals,Voluntary non-profit - Private,Yes,,4,,8,4,0,4,0,,8,7,1,6,0,,11,3,0,3,0,,15,15,,10,4,
050426,WEST ANAHEIM MEDICAL CENTER,3033 W ORANGE AVENUE,ANAHEIM,CA,92804,ORANGE,(714) 827-3000,Acute Care Hospitals,Proprietary,Yes,,2,,8,6,0,6,0,,8,6,1,5,0,,11,5,0,1,4,,15,10,,10,7,
050438,HUNTINGTON HOSPITAL,100 W  CALIFORNIA BLVD,PASADENA,CA,91109,LOS ANGELES,(626) 397-5000,Acute Care Hospitals,Voluntary non-profit - Other,Yes,Y,Not Available,11,8,8,2,6,0,,8,Not Available,Not Available,Not Available,Not Available,11,11,9,1,6,2,,15,15,,10,8,
050441,STANFORD HEALTH CARE,300 PASTEUR DRIVE,STANFORD,CA,94305,SANTA CLARA,(650) 723-4000,Acute Care Hospitals,Voluntary non-profit - Private,Yes,,5,,8,8,5,3,0,,8,8,3,5,0,,11,11,2,5,4,,15,15,,10,10,
050444,MERCY MEDICAL CENTER,333 MERCY AVENUE,MERCED,CA,95340,MERCED,(209) 564-5000,Acute Care Hospitals,Voluntary non-profit - Private,Yes,Y,3,,8,6,0,5,1,,8,6,3,3,0,,11,9,0,7,2,,15,15,,10,8,
050454,UCSF MEDICAL CENTER,"505 PARNASSUS AVE, BOX 0296",SAN FRANCISCO,CA,94143,SAN FRANCISCO,(415) 353-2733,Acute Care Hospitals,Voluntary non-profit - Other,Yes,Y,4,,8,8,5,3,0,,8,8,3,5,0,,11,11,3,5,3,,15,15,,10,9,
050455,ADVENTIST HEALTH BAKERSFIELD,2615 CHESTER AVENUE,BAKERSFIELD,CA,93301,KERN,(661) 395-3000,Acute Care Hospitals,Voluntary non-profit - Private,Yes,Y,2,,8,7,0,5,2,,8,6,1,5,0,,11,9,0,6,3,,15,15,,10,10,
050457,UCSF HEALTH ST. MARY'S HOSPITAL,450 STANYAN ST,SAN FRANCISCO,CA,94117,SAN FRANCISCO,(415) 668-1000,Acute Care Hospitals,Voluntary non-profit - Private,Yes,,4,,8,7,2,5,0,,8,6,1,5,0,,11,9,0,9,0,,15,15,,10,8,
050464,DOCTORS MEDICAL CENTER,1441 FLORIDA AVENUE,MODESTO,CA,95350,STANISLAUS,(209) 578-1211,Acute Care Hospitals,Proprietary,Yes,Y,1,,8,8,0,8,0,,8,6,2,3,1,,11,8,0,5,3,,15,15,,10,9,
050468,MEMORIAL HOSPITAL OF GARDENA,1145 W REDONDO BEACH BLVD,GARDENA,CA,90247,LOS ANGELES,(310) 532-4200,Acute Care Hospitals,Proprietary,Yes,,1,,8,5,1,4,0,,8,5,1,4,0,,11,4,0,3,1,,15,15,,10,6,
050471,PIH HEALTH GOOD SAMARITAN HOSPITAL,1225 WILSHIRE BOULEVARD,LOS ANGELES,CA,90017,LOS ANGELES,(213) 977-2121,Acute Care Hospitals,Proprietary,No,Y,2,,8,8,0,8,0,,8,7,2,5,0,,11,9,0,6,3,,15,15,,10,7,
050481,UCLA WEST VALLEY MEDICAL CENTER,7300 MEDICAL CENTER DR,WEST HILLS,CA,91307,LOS ANGELES,(818) 676-4000,Acute Care Hospitals,Proprietary,Yes,,2,,8,8,1,7,0,,8,7,0,7,0,,11,8,0,5,3,,15,15,,10,6,
050485,MEMORIALCARE LONG BEACH MEDICAL CENTER,2801 ATLANTIC AVE,LONG BEACH,CA,90806,LOS ANGELES,(562) 933-2000,Acute Care Hospitals,Voluntary non-profit - Other,No,,2,,8,8,0,8,0,,8,8,1,7,0,,11,11,0,10,1,,15,15,,10,9,
050488,EDEN MEDICAL CENTER,20103 LAKE CHABOT ROAD,CASTRO VALLEY,CA,94546,ALAMEDA,(510) 537-1234,Acute Care Hospitals,Voluntary non-profit - Other,Yes,Y,4,,8,7,0,7,0,,8,7,2,5,0,,11,7,0,7,0,,15,15,,10,7,
050492,CLOVIS COMMUNITY MEDICAL CENTER,2755 HERNDON AVE,CLOVIS,CA,93611,FRESNO,(559) 324-4000,Acute Care Hospitals,Voluntary non-profit - Private,Yes,Y,2,,8,8,1,7,0,,8,7,0,6,1,,11,11,1,9,1,,15,15,,10,8,
050496,JOHN MUIR MEDICAL CENTER - CONCORD CAMPUS,2540 EAST ST,CONCORD,CA,94520,CONTRA COSTA,(925) 682-8200,Acute Care Hospitals,Voluntary non-profit - Private,Yes,,4,,8,8,2,6,0,,8,7,0,7,0,,11,11,1,9,1,,15,15,,10,9,
050498,SUTTER AUBURN FAITH HOSPITAL,11815 EDUCATION STREET,AUBURN,CA,95603,PLACER,(530) 888-4500,Acute Care Hospitals,Voluntary non-profit - Private,Yes,,5,,8,6,0,6,0,,8,5,1,4,0,,11,9,3,6,0,,15,15,,10,9,
050503,SCRIPPS MEMORIAL HOSPITAL - ENCINITAS,354 SANTA FE DRIVE,ENCINITAS,CA,92024,SAN DIEGO,(760) 753-6501,Acute Care Hospitals,Voluntary non-profit - Private,Yes,Y,4,,8,7,3,4,0,,8,7,1,6,0,,11,8,3,4,1,,15,15,,10,9,
050506,ADVENTIST HEALTH SIERRA VISTA,1010 MURRAY ST,SAN LUIS OBISPO,CA,93405,SAN LUIS OBISPO,(850) 546-7600,Acute Care Hospitals,Proprietary,Yes,Y,3,,8,6,0,6,0,,8,6,1,5,0,,11,7,1,5,1,,15,15,,10,8,
050510,KAISER FOUNDATION HOSPITAL,99 MONTECILLO RD,SAN RAFAEL,CA,94903,MARIN,(415) 444-2000,Acute Care Hospitals,Voluntary non-profit - Private,Yes,,4,,8,1,0,1,0,,8,5,0,4,1,,11,1,0,1,0,,15,15,,10,3,
050512,KAISER FOUNDATION HOSPITAL - FREMONT,39400 PASEO PADRE PKWY,FREMONT,CA,94538,ALAMEDA,(510) 784-4000,Acute Care Hospitals,Voluntary non-profit - Private,Yes,,4,,8,1,0,1,0,,8,5,1,4,0,,11,1,0,1,0,,15,15,,10,4,
050515,KAISER FOUNDATION HOSPITAL - SAN DIEGO,4647 ZION AVE,SAN DIEGO,CA,92120,SAN DIEGO,(619) 528-5000,Acute Care Hospitals,Voluntary non-profit - Private,Yes,Y,4,,8,2,0,2,0,,8,6,3,3,0,,11,3,0,3,0,,15,15,,10,4,
050516,MERCY SAN JUAN MEDICAL CENTER,6501 COYLE AVE,CARMICHAEL,CA,95608,SACRAMENTO,(916) 537-5000,Acute Care Hospitals,Voluntary non-profit - Private,Yes,Y,3,,8,8,0,8,0,,8,7,2,5,0,,11,11,1,8,2,,15,15,,10,8,
050517,VICTOR VALLEY GLOBAL MEDICAL CENTER,15248 11TH ST,VICTORVILLE,CA,92395,SAN BERNARDINO,(760) 245-8691,Acute Care Hospitals,Voluntary non-profit - Private,Yes,Y,1,,8,3,0,3,0,,8,6,0,6,0,,11,7,0,5,2,,15,15,,10,5,
050523,SUTTER DELTA MEDICAL CENTER,3901 LONE TREE WAY,ANTIOCH,CA,94509,CONTRA COSTA,(925) 779-7200,Acute Care Hospitals,Voluntary non-profit - Private,Yes,Y,3,,8,7,0,7,0,,8,6,1,5,0,,11,7,0,5,2,,15,15,,10,8,
050526,HUNTINGTON BEACH HOSPITAL,17772 BEACH BLVD,HUNTINGTON BEACH,CA,92647,ORANGE,(714) 843-5000,Acute Care Hospitals,Proprietary,Yes,,1,,8,3,0,3,0,,8,3,0,3,0,,11,3,0,1,2,,15,10,,10,6,
050528,MEMORIAL HOSPITAL LOS BANOS,520 WEST I ST,LOS BANOS,CA,93635,MERCED,(209) 826-0591,Acute Care Hospitals,Voluntary non-profit - Private,Yes,Y,3,,8,4,0,4,0,,8,2,0,2,0,,11,3,0,3,0,,15,15,,10,8,
050534,JOHN F KENNEDY MEMORIAL HOSPITAL,47111 MONROE STREET,INDIO,CA,92201,RIVERSIDE,(760) 347-6191,Acute Care Hospitals,Proprietary,Yes,Y,2,,8,5,0,5,0,,8,5,1,4,0,,11,7,0,7,0,,15,15,,10,8,
050537,SUTTER DAVIS HOSPITAL,2000 SUTTER PLACE,DAVIS,CA,95616,YOLO,(530) 757-5108,Acute Care Hospitals,Voluntary non-profit - Private,Yes,Y,4,,8,5,0,5,0,,8,2,1,1,0,,11,8,1,7,0,,15,15,,10,9,
050541,KAISER FOUNDATION HOSPITAL - REDWOOD CITY,1100 VETERANS BOULEVARD,REDWOOD CITY,CA,94063,SAN MATEO,(650) 299-2000,Acute Care Hospitals,Voluntary non-profit - Private,Yes,Y,4,,8,2,0,2,0,,8,6,2,4,0,,11,1,0,1,0,,15,15,,10,3,
050543,COLLEGE HOSPITAL COSTA MESA,301 VICTORIA STREET,COSTA MESA,CA,92627,ORANGE,(949) 642-2734,Acute Care Hospitals,Proprietary,No,,Not Available,16,8,Not Available,Not Available,Not Available,Not Available,5,8,1,1,0,0,,11,Not Available,Not Available,Not Available,Not Available,5,15,Not Available,5,10,2,
050546,PORTERVILLE DEVELOPMENTAL CENTER,26501 AVENUE 140,PORTERVILLE,CA,93258,TULARE,(559) 782-2222,Acute Care Hospitals,Government - State,No,,Not Available,19,Not Available,Not Available,Not Available,Not Available,Not Available,19,Not Available,Not Available,Not Available,Not Available,Not Available,19,Not Available,Not Available,Not Available,Not Available,Not Available,19,Not Available,Not Available,19,Not Available,Not Available,19
050549,LOS ROBLES HOSPITAL & MEDICAL CENTER,215 W JANSS RD,THOUSAND OAKS,CA,91360,VENTURA,(805) 497-2727,Acute Care Hospitals,Proprietary,Yes,Y,4,,8,8,3,5,0,,8,8,1,7,0,,11,9,0,7,2,,15,15,,10,8,
050551,UCI HEALTH - LOS ALAMITOS,3751 KATELLA AVENUE,LOS ALAMITOS,CA,90720,ORANGE,(562) 799-3220,Acute Care Hospitals,Proprietary,Yes,,1,,8,7,0,7,0,,8,6,0,6,0,,11,8,0,7,1,,15,15,,10,8,
050557,MEMORIAL MEDICAL CENTER,1700 COFFEE RD,MODESTO,CA,95355,STANISLAUS,(209) 526-4500,Acute Care Hospitals,Voluntary non-profit - Private,Yes,Y,3,,8,8,1,7,0,,8,7,2,5,0,,11,11,0,9,2,,15,15,,10,7,
050561,KAISER FOUNDATION HOSPITAL - WEST LA,6041 CADILLAC AVE,LOS ANGELES,CA,90034,LOS ANGELES,(213) 857-2201,Acute Care Hospitals,Voluntary non-profit - Private,No,Y,3,,8,3,0,3,0,,8,6,1,5,0,,11,3,0,2,1,,15,15,,10,4,
050567,PROVIDENCE MISSION HOSPITAL,27700 MEDICAL CENTER RD,MISSION VIEJO,CA,92691,ORANGE,(949) 364-1400,Acute Care Hospitals,Voluntary non-profit - Private,Yes,Y,5,,8,8,0,8,0,,8,7,3,4,0,,11,11,2,9,0,,15,15,,10,10,
050570,UCI HEALTH - FOUNTAIN VALLEY,17100 EUCLID STREET,FOUNTAIN VALLEY,CA,92708,ORANGE,(714) 966-7200,Acute Care Hospitals,Proprietary,No,Y,2,,8,8,0,8,0,,8,7,2,5,0,,11,8,1,6,1,,15,15,,10,7,
050573,EISENHOWER MEDICAL CENTER,39-000 BOB HOPE DRIVE,RANCHO MIRAGE,CA,92270,RIVERSIDE,(760) 340-3911,Acute Care Hospitals,Proprietary,Yes,Y,4,,8,8,0,8,0,,8,8,5,3,0,,11,11,4,7,0,,15,15,,10,9,
050580,LA PALMA INTERCOMMUNITY HOSPITAL,7901 WALKER STREET,LA PALMA,CA,90623,ORANGE,(714) 670-7400,Acute Care Hospitals,Proprietary,No,,3,,8,5,1,4,0,,8,3,1,2,0,,11,5,1,4,0,,15,10,,10,6,
050581,UCI HEALTH-LAKEWOOD,3700 SOUTH ST,LAKEWOOD,CA,90712,LOS ANGELES,(562) 602-6751,Acute Care Hospitals,Proprietary,Yes,,2,,8,8,0,8,0,,8,6,1,5,0,,11,8,0,6,2,,15,15,,10,7,
050586,CHINO VALLEY MEDICAL CENTER,5451 WALNUT AVE,CHINO,CA,91710,SAN BERNARDINO,(909) 627-6111,Acute Care Hospitals,Proprietary,Yes,,4,,8,3,1,2,0,,8,3,1,2,0,,11,3,0,3,0,,15,15,,10,6,
050588,SAN DIMAS COMMUNITY HOSPITAL,1350 W COVINA BLVD,SAN DIMAS,CA,91773,LOS ANGELES,(909) 599-6811,Acute Care Hospitals,Proprietary,Yes,,2,,8,3,0,3,0,,8,5,0,5,0,,11,5,0,3,2,,15,15,,10,7,
050590,METHODIST HOSPITAL OF SACRAMENTO,7500 HOSPITAL DRIVE,SACRAMENTO,CA,95823,SACRAMENTO,(916) 423-6010,Acute Care Hospitals,Voluntary non-profit - Private,Yes,Y,3,,8,6,0,6,0,,8,3,1,2,0,,11,6,1,3,2,,15,15,,10,8,
050597,EMANATE HEALTH FOOTHILL PRESBYTERIAN HOSPITAL,250 S GRAND AVE,GLENDORA,CA,91740,LOS ANGELES,(626) 963-8411,Acute Care Hospitals,Voluntary non-profit - Private,No,,3,,8,6,0,6,0,,8,6,2,4,0,,11,6,1,5,0,,15,15,,10,7,
050599,UNIVERSITY OF CALIFORNIA DAVIS MEDICAL CENTER,2315 STOCKTON BOULEVARD,SACRAMENTO,CA,95817,SACRAMENTO,(916) 734-2011,Acute Care Hospitals,Government - Hospital District or Authority,Yes,Y,4,,8,8,4,4,0,,8,8,0,7,1,,11,11,0,9,2,,15,15,,10,9,
050603,MEMORIALCARE SADDLEBACK MEDICAL CENTER,24451 HEALTH CENTER DRIVE,LAGUNA HILLS,CA,92653,ORANGE,(949) 837-4500,Acute Care Hospitals,Voluntary non-profit - Private,Yes,Y,4,,8,8,0,8,0,,8,6,0,6,0,,11,7,2,5,0,,15,15,,10,7,
050604,KAISER FOUNDATION HOSPITAL-SAN JOSE,250 HOSPITAL PARKWAY,SAN JOSE,CA,95119,SANTA CLARA,(408) 972-7000,Acute Care Hospitals,Voluntary non-profit - Private,Yes,Y,3,,8,3,0,3,0,,8,6,1,5,0,,11,2,0,2,0,,15,15,,10,4,
050608,ADVENTIST HEALTH DELANO,1401 GARCES HIGHWAY,DELANO,CA,93215,KERN,(661) 725-4800,Acute Care Hospitals,Proprietary,Yes,Y,2,,8,3,0,3,0,,8,2,0,2,0,,11,4,0,3,1,,15,5,,10,7,
050609,KAISER FOUNDATION HOSPITAL - ORANGE COUNTY - ANAHEIM,3440 E LA PALMA AVE,ANAHEIM,CA,92806,ORANGE,(714) 279-4000,Acute Care Hospitals,Voluntary non-profit - Private,Yes,Y,4,,8,2,0,2,0,,8,7,1,6,0,,11,2,0,2,0,,15,15,,10,4,
050624,HENRY MAYO NEWHALL  HOSPITAL,23845  MCBEAN PKWY,VALENCIA,CA,91355,LOS ANGELES,(661) 253-8000,Acute Care Hospitals,Voluntary non-profit - Private,No,Y,2,,8,7,0,7,0,,8,6,1,5,0,,11,7,0,4,3,,15,15,,10,9,
050625,CEDARS-SINAI MEDICAL CENTER,8700 BEVERLY BLVD,LOS ANGELES,CA,90048,LOS ANGELES,(310) 423-5000,Acute Care Hospitals,Voluntary non-profit - Other,Yes,Y,5,,8,8,7,1,0,,8,8,4,4,0,,11,11,3,5,3,,15,15,,10,9,
050633,ADVENTIST HEALTH TWIN CITIES,1100 LAS TABLAS RD,TEMPLETON,CA,93465,SAN LUIS OBISPO,(805) 434-3500,Acute Care Hospitals,Proprietary,Yes,Y,2,,8,5,0,5,0,,8,5,1,4,0,,11,7,0,5,2,,15,15,,10,8,
050636,PALOMAR MEDICAL CENTER POWAY,15615 POMERADO ROAD,POWAY,CA,92064,SAN DIEGO,(858) 485-6511,Acute Care Hospitals,Government - Hospital District or Authority,Yes,,4,,8,5,1,4,0,,8,5,0,5,0,,11,6,1,5,0,,15,15,,10,8,
050641,EAST LOS ANGELES DOCTORS HOSPITAL,4060 WHITTIER BLVD,LOS ANGELES,CA,90023,LOS ANGELES,(323) 268-5514,Acute Care Hospitals,Proprietary,Yes,Y,1,,8,3,0,3,0,,8,2,0,2,0,,11,3,1,2,0,,15,15,,10,7,
050663,LOS ANGELES COMMUNITY HOSPITAL,4081 E OLYMPIC BLVD,LOS ANGELES,CA,90023,LOS ANGELES,(323) 267-0477,Acute Care Hospitals,Proprietary,Yes,,3,,8,5,3,2,0,,8,4,2,2,0,,11,5,1,4,0,,15,10,,10,6,
050668,LAGUNA HONDA HOSPITAL & REHABILITATION CENTER,375 LAGUNA HONDA BLVD,SAN FRANCISCO,CA,94116,SAN FRANCISCO,(415) 759-2300,Acute Care Hospitals,Government - Local,No,,Not Available,16,8,1,0,1,0,,8,Not Available,Not Available,Not Available,Not Available,5,11,2,0,1,1,,15,Not Available,5,10,3,
050674,KAISER FOUNDATION HOSP SO SACRAMENTO,6600 BRUCEVILLE ROAD,SACRAMENTO,CA,95823,SACRAMENTO,(916) 688-2000,Acute Care Hospitals,Voluntary non-profit - Private,Yes,Y,2,,8,5,0,5,0,,8,6,1,5,0,,11,3,0,2,1,,15,15,,10,4,
050677,KAISER FOUNDATION HOSPITAL - WOODLAND HILLS,5601 DE SOTO AVENUE,WOODLAND HILLS,CA,91367,LOS ANGELES,(818) 719-3800,Acute Care Hospitals,Voluntary non-profit - Private,No,Y,4,,8,1,0,1,0,,8,6,1,5,0,,11,1,0,1,0,,15,15,,10,4,
050678,MEMORIALCARE ORANGE COAST MEDICAL CENTER,9920 TALBERT AVENUE,FOUNTAIN VALLEY,CA,92708,ORANGE,(714) 378-7000,Acute Care Hospitals,Proprietary,Yes,Y,4,,8,8,1,7,0,,8,7,2,5,0,,11,11,0,11,0,,15,15,,10,7,
050684,MENIFEE GLOBAL MEDICAL CENTER,28400 MCCALL BOULEVARD,SUN CITY,CA,92585,RIVERSIDE,(951) 679-8888,Acute Care Hospitals,Proprietary,Yes,,Not Available,16,8,2,0,2,0,,8,2,1,1,0,,11,2,0,1,1,,15,15,,10,5,
050686,"KAISER FOUNDATION HOSPITAL, RIVERSIDE",10800 MAGNOLIA AVENUE,RIVERSIDE,CA,92505,RIVERSIDE,(951) 353-2000,Acute Care Hospitals,Voluntary non-profit - Private,Yes,Y,4,,8,1,0,1,0,,8,6,1,5,0,,11,1,0,1,0,,15,15,,10,4,
050689,SAN RAMON REGIONAL MEDICAL CENTER,6001 NORRIS CANYON ROAD,SAN RAMON,CA,94583,CONTRA COSTA,(925) 275-9200,Acute Care Hospitals,Proprietary,Yes,Y,4,,8,6,0,6,0,,8,4,0,4,0,,11,8,0,7,1,,15,15,,10,8,
050690,KAISER FOUNDATION HOSPITAL-SANTA ROSA,401 BICENTENNIAL WAY,SANTA ROSA,CA,95403,SONOMA,(707) 571-4000,Acute Care Hospitals,Voluntary non-profit - Private,Yes,Y,3,,8,1,0,1,0,,8,6,2,4,0,,11,1,0,1,0,,15,15,,10,4,
050696,KECK HOSPITAL OF USC,1500 SAN PABLO STREET,LOS ANGELES,CA,90033,LOS ANGELES,(323) 442-8656,Acute Care Hospitals,Voluntary non-profit - Other,No,,5,,8,6,0,6,0,,8,8,3,5,0,,11,10,2,7,1,,15,15,,10,7,
050697,PATIENTS' HOSPITAL OF REDDING,2900 EUREKA WAY,REDDING,CA,96001,SHASTA,(530) 225-8700,Acute Care Hospitals,Proprietary,No,,Not Available,16,8,1,0,1,0,,8,2,0,2,0,,11,3,0,2,1,,15,5,,10,1,
050701,SOUTHWEST HEALTHCARE RANCHO SPRINGS HOSPITAL,25500 MEDICAL CENTER DRIVE,MURRIETA,CA,92562,RIVERSIDE,(951) 696-6000,Acute Care Hospitals,Proprietary,Yes,Y,3,,8,7,0,7,0,,8,7,2,5,0,,11,6,1,4,1,,15,15,,10,7,
050704,MISSION COMMUNITY HOSPITAL,14850 ROSCOE BLVD,PANORAMA CITY,CA,91402,LOS ANGELES,(818) 904-3100,Acute Care Hospitals,Voluntary non-profit - Private,No,,3,,8,4,0,4,0,,8,6,0,6,0,,11,5,0,4,1,,15,15,,10,7,
050708,FRESNO SURGICAL HOSPITAL,6125 NORTH FRESNO ST,FRESNO,CA,93710,FRESNO,(559) 431-8000,Acute Care Hospitals,Proprietary,No,,Not Available,16,8,1,0,1,0,,8,2,0,2,0,,11,3,1,2,0,,15,15,,10,2,
050709,DESERT VALLEY HOSPITAL,16850 BEAR VALLEY RD,VICTORVILLE,CA,92395,SAN BERNARDINO,(760) 241-8000,Acute Care Hospitals,Proprietary,Yes,Y,3,,8,6,1,5,0,,8,6,2,4,0,,11,8,1,6,1,,15,15,,10,9,
050710,KAISER FOUNDATION HOSPITAL - FRESNO,7300 NORTH FRESNO ST,FRESNO,CA,93720,FRESNO,(559) 448-4500,Acute Care Hospitals,Voluntary non-profit - Private,Yes,Y,4,,8,1,0,1,0,,8,6,1,5,0,,11,1,0,1,0,,15,15,,10,4,
050714,SUTTER MATERNITY & SURGERY CENTER OF SANTA CRUZ,2900 CHANTICLEER AVENUE,SANTA CRUZ,CA,95065,SANTA CRUZ,(831) 477-2200,Acute Care Hospitals,Voluntary non-profit - Private,No,Y,Not Available,16,8,1,0,1,0,,8,2,0,2,0,,11,4,0,4,0,,15,15,,10,3,
050717,LAC/RANCHO LOS AMIGOS NATIONAL REHABILITATION  CTR,7601 EAST IMPERIAL HIGHWAY,DOWNEY,CA,90242,LOS ANGELES,(562) 401-7022,Acute Care Hospitals,Government - Local,No,,3,,8,1,0,1,0,,8,4,0,4,0,,11,1,0,1,0,,15,15,,10,3,
050723,KAISER FOUNDATION HOSPITAL - BALDWIN PARK,1011 BALDWIN PARK BLVD,BALDWIN PARK,CA,91706,LOS ANGELES,(626) 851-1011,Acute Care Hospitals,Voluntary non-profit - Other,No,Y,3,,8,2,0,2,0,,8,6,0,6,0,,11,2,0,1,1,,15,15,,10,4,
050726,STANISLAUS SURGICAL HOSPITAL,1421 OAKDALE ROAD,MODESTO,CA,95355,STANISLAUS,(209) 572-2700,Acute Care Hospitals,Voluntary non-profit - Private,No,,Not Available,16,8,Not Available,Not Available,Not Available,Not Available,5,8,2,0,2,0,,11,3,0,3,0,,15,5,,10,2,
050735,WHITTIER HOSPITAL MEDICAL CENTER,9080 COLIMA RD,WHITTIER,CA,90605,LOS ANGELES,(562) 945-3561,Acute Care Hospitals,Proprietary,Yes,Y,4,,8,4,0,4,0,,8,5,0,5,0,,11,5,0,4,1,,15,15,,10,7,
050736,MONTEREY PARK HOSPITAL,900 S ATLANTIC BLVD,MONTEREY PARK,CA,91754,LOS ANGELES,(626) 570-9000,Acute Care Hospitals,Proprietary,No,,2,,8,3,0,3,0,,8,2,0,2,0,,11,4,0,2,2,,15,15,,10,7,
050737,GARFIELD MEDICAL CENTER,525 N GARFIELD AVE,MONTEREY PARK,CA,91754,LOS ANGELES,(626) 573-2222,Acute Care Hospitals,Proprietary,Yes,Y,1,,8,7,0,6,1,,8,6,1,5,0,,11,8,0,5,3,,15,15,,10,7,
050738,GREATER EL MONTE COMMUNITY HOSPITAL,1701 SANTA ANITA AVE,SOUTH EL MONTE,CA,91733,LOS ANGELES,(626) 350-7975,Acute Care Hospitals,Voluntary non-profit - Private,No,,2,,8,4,0,4,0,,8,4,0,4,0,,11,4,0,3,1,,15,10,,10,6,
050739,CENTINELA HOSPITAL MEDICAL CENTER,555 EAST HARDY STREET,INGLEWOOD,CA,90301,LOS ANGELES,(310) 673-4660,Acute Care Hospitals,Proprietary,No,,2,,8,7,2,5,0,,8,6,2,4,0,,11,5,0,2,3,,15,15,,10,7,
050740,CEDAR-SINAI MARINA DEL REY HOSPITAL,4650 LINCOLN BLVD,MARINA DEL REY,CA,90292,LOS ANGELES,(310) 823-8911,Acute Care Hospitals,Proprietary,Yes,,4,,8,6,2,4,0,,8,7,1,6,0,,11,7,0,5,2,,15,15,,10,7,
050744,ANAHEIM GLOBAL MEDICAL CENTER,1025 S ANAHEIM BLVD,ANAHEIM,CA,92805,ORANGE,(714) 533-6220,Acute Care Hospitals,Proprietary,No,,2,,8,2,0,2,0,,8,3,1,2,0,,11,3,0,3,0,,15,5,,10,5,
050745,CHAPMAN GLOBAL MEDICAL CENTER,2601 E CHAPMAN AVE,ORANGE,CA,92869,ORANGE,(714) 633-0011,Acute Care Hospitals,Proprietary,No,,2,,8,2,0,2,0,,8,3,0,3,0,,11,4,0,3,1,,15,15,,10,5,
050746,ORANGE COUNTY GLOBAL MEDICAL CENTER,1001 NORTH TUSTIN AVENUE,SANTA ANA,CA,92705,ORANGE,(714) 953-3500,Acute Care Hospitals,Proprietary,Yes,Y,2,,8,6,0,6,0,,8,6,0,6,0,,11,3,0,2,1,,15,15,,10,5,
050747,COASTAL COMMUNITIES HOSPITAL,2701 S BRISTOL ST,SANTA ANA,CA,92704,ORANGE,(714) 754-5454,Acute Care Hospitals,Proprietary,Yes,Y,1,,8,2,0,2,0,,8,3,1,2,0,,11,2,0,2,0,,15,5,,10,6,
050748,KAISER FOUNDATION HOSPITAL MANTECA,1777 WEST YOSEMITE AVE,MANTECA,CA,95337,SAN JOAQUIN,(209) 825-3700,Acute Care Hospitals,Voluntary non-profit - Private,Yes,Y,4,,8,1,0,1,0,,8,6,2,4,0,,11,1,0,1,0,,15,15,,10,4,
050755,SHERMAN OAKS HOSPITAL,4929 VAN NUYS BLVD,SHERMAN OAKS,CA,91403,LOS ANGELES,(818) 981-7111,Acute Care Hospitals,Voluntary non-profit - Private,Yes,,2,,8,6,1,5,0,,8,4,1,3,0,,11,5,0,3,2,,15,15,,10,6,
050758,MONTCLAIR HOSPITAL MEDICAL CENTER,5000 SAN BERNARDINO ROAD,MONTCLAIR,CA,91763,SAN BERNARDINO,(909) 625-8300,Acute Care Hospitals,Voluntary non-profit - Private,Yes,,3,,8,2,1,1,0,,8,4,1,3,0,,11,4,0,3,1,,15,15,,10,7,
050760,KAISER FOUNDATION HOSPITAL - ANTIOCH,4501 SAND CREEK ROAD,ANTIOCH,CA,94531,CONTRA COSTA,(925) 813-6500,Acute Care Hospitals,Voluntary non-profit - Private,Yes,Y,1,,8,4,0,4,0,,8,6,1,5,0,,11,2,0,1,1,,15,15,,10,4,
050761,PROVIDENCE CEDARS SINAI TARZANA MEDICAL CENTER,18321 CLARK STREET,TARZANA,CA,91356,LOS ANGELES,(818) 881-0800,Acute Care Hospitals,Voluntary non-profit - Private,Yes,Y,3,,8,8,2,6,0,,8,8,0,8,0,,11,8,0,5,3,,15,15,,10,7,
050763,L A DOWNTOWN MEDICAL CENTER,1711 WEST TEMPLE STREET,LOS ANGELES,CA,90026,LOS ANGELES,(213) 989-6123,Acute Care Hospitals,Proprietary,No,,3,,8,4,1,3,0,,8,3,0,3,0,,11,4,0,2,2,,15,Not Available,5,10,3,
050764,SHASTA REGIONAL MEDICAL CENTER,1100 BUTTE ST,REDDING,CA,96001,SHASTA,(530) 244-5454,Acute Care Hospitals,Proprietary,Yes,,2,,8,8,0,8,0,,8,6,0,6,0,,11,9,2,5,2,,15,15,,10,7,
050765,KAISER FOUNDATION HOSPITAL-MORENO VALLEY,27300 IRIS AVENUE,MORENO VALLEY,CA,92555,RIVERSIDE,(951) 251-6530,Acute Care Hospitals,Voluntary non-profit - Private,Yes,Y,4,,8,1,0,1,0,,8,6,1,5,0,,11,1,0,1,0,,15,15,,10,3,
050766,SUTTER SURGICAL HOSPITAL - NORTH VALLEY,455 PLUMAS BLVD,YUBA CITY,CA,95991,SUTTER,(530) 749-5700,Acute Care Hospitals,Physician,No,,Not Available,16,8,1,0,1,0,,8,2,0,2,0,,11,3,0,3,0,,15,5,,10,2,
050767,KAISER FOUNDATION HOSPITAL - VACAVILLE,1 QUALITY DRIVE,VACAVILLE,CA,95688,SOLANO,(707) 624-4000,Acute Care Hospitals,Voluntary non-profit - Private,Yes,Y,4,,8,1,0,1,0,,8,6,0,6,0,,11,1,0,1,0,,15,15,,10,4,
050769,HOAG ORTHOPEDIC INSTITUTE,16250 SAND CANYON AVENUE,IRVINE,CA,92618,ORANGE,(949) 727-5000,Acute Care Hospitals,Proprietary,No,,Not Available,"16, 23",8,2,0,2,0,,8,2,0,2,0,,11,3,0,2,1,23,15,15,,10,2,
050770,LOMA LINDA UNIVERSITY MEDICAL CENTER-MURRIETA,28062 BAXTER ROAD,MURRIETA,CA,92563,RIVERSIDE,(951) 290-4000,Acute Care Hospitals,Voluntary non-profit - Private,Yes,Y,2,,8,8,0,8,0,,8,6,1,5,0,,11,7,0,4,3,,15,15,,10,6,
050771,COAST PLAZA HOSPITAL,13100 STUDERBAKER ROAD,NORWALK,CA,90650,LOS ANGELES,(562) 868-3751,Acute Care Hospitals,Proprietary,Yes,,1,,8,3,0,3,0,,8,2,0,2,0,,11,3,0,3,0,,15,5,,10,5,
050772,KAISER FOUNDATION HOSPITAL - ROSEVILLE,1600 EUREKA ROAD,ROSEVILLE,CA,95661,PLACER,(916) 784-4000,Acute Care Hospitals,Voluntary non-profit - Private,Yes,Y,4,,8,2,0,2,0,,8,6,3,3,0,,11,1,0,1,0,,15,15,,10,4,
050775,TEMECULA VALLEY HOSPITAL,31700 TEMECULA PKWY,TEMECULA,CA,92592,RIVERSIDE,(951) 331-2200,Acute Care Hospitals,Proprietary,Yes,,4,,8,8,0,8,0,,8,7,1,6,0,,11,8,1,6,1,,15,15,,10,8,
050776,COLLEGE MEDICAL CENTER,2776 PACIFIC AVENUE,LONG BEACH,CA,90806,LOS ANGELES,(562) 595-1911,Acute Care Hospitals,Proprietary,Yes,,3,,8,3,0,3,0,,8,4,1,3,0,,11,5,0,5,0,,15,Not Available,5,10,7,
050777,KAISER FOUNDATION HOSPITAL - SAN LEANDRO,2500 MERCED STREET,SAN LEANDRO,CA,94577,ALAMEDA,(510) 454-1000,Acute Care Hospitals,Voluntary non-profit - Private,Yes,Y,2,,8,1,0,1,0,,8,6,1,5,0,,11,2,0,1,1,,15,15,,10,4,
050778,LOMA LINDA UNIVERSITY CHILDREN'S HOSPITAL,11234 ANDERSON STREET SUITE A,LOMA LINDA,CA,92354,SAN BERNARDINO,(909) 558-8000,Acute Care Hospitals,Voluntary non-profit - Church,No,Y,3,,8,Not Available,Not Available,Not Available,Not Available,5,8,4,2,2,0,,11,Not Available,Not Available,Not Available,Not Available,5,15,10,,10,5,
050779,"MARTIN LUTHER KING, JR. COMMUNITY HOSPITAL",1680 EAST 120TH STREET,LOS ANGELES,CA,90059,LOS ANGELES,(424) 835-6808,Acute Care Hospitals,Voluntary non-profit - Private,Yes,Y,4,,8,4,0,4,0,,8,5,2,3,0,,11,4,1,2,1,,15,10,,10,7,
050780,FOOTHILL REGIONAL MEDICAL CENTER,14662 NEWPORT AVE,TUSTIN,CA,92780,ORANGE,(714) 619-7700,Acute Care Hospitals,Proprietary,No,,3,,8,3,1,2,0,,8,2,1,1,0,,11,4,1,3,0,,15,10,,10,5,
050782,CASA COLINA HOSPITAL,255 E BONITA AVE,POMONA,CA,91767,LOS ANGELES,(909) 596-7733,Acute Care Hospitals,Voluntary non-profit - Private,No,,Not Available,16,8,2,0,2,0,,8,2,0,2,0,,11,5,0,5,0,,15,15,,10,3,
050783,COLUSA MEDICAL CENTER,199 E WEBSTER STREET,COLUSA,CA,95932,COLUSA,(530) 619-0800,Acute Care Hospitals,Proprietary,Yes,,1,,8,4,0,4,0,,8,1,0,1,0,,11,4,1,3,0,,15,5,,10,7,
050784,ADVENTIST HEALTH TULARE,869 NORTH CHERRY STREET,TULARE,CA,93274,TULARE,(559) 688-0821,Acute Care Hospitals,Voluntary non-profit - Private,Yes,Y,3,,8,3,0,3,0,,8,2,0,2,0,,11,4,0,3,1,,15,10,,10,6,
050785,DOCS SURGICAL HOSPITAL,6000 SAN VICENTE BLVD,LOS ANGELES,CA,90036,LOS ANGELES,(323) 930-1040,Acute Care Hospitals,Physician,No,,Not Available,16,8,1,0,1,0,,8,2,0,2,0,,11,2,0,2,0,,15,10,,10,1,
050854,"ANAHEIM COMMUNITY HOSPITAL, LLC",3350 W BALL RD,ANAHEIM,CA,92804,ORANGE,(248) 905-5091,Acute Care Hospitals,Proprietary,No,,Not Available,16,8,Not Available,Not Available,Not Available,Not Available,5,8,Not Available,Not Available,Not Available,Not Available,5,11,Not Available,Not Available,Not Available,Not Available,5,15,Not Available,5,10,Not Available,5
050855,KAISER FOUNDATION HOSPITAL - SAN MARCOS,360 RUSH DR,SAN MARCOS,CA,92078,SAN DIEGO,(760) 528-6295,Acute Care Hospitals,Voluntary non-profit - Private,Yes,Y,4,,8,1,0,1,0,,8,6,0,6,0,,11,1,0,1,0,,15,5,,10,3,
050856,MADERA COMMUNITY HOSPITAL,1250 E ALMOND AVE,MADERA,CA,93637,MADERA,(559) 706-8226,Acute Care Hospitals,Voluntary non-profit - Private,Yes,,Not Available,19,Not Available,Not Available,Not Available,Not Available,Not Available,19,Not Available,Not Available,Not Available,Not Available,Not Available,19,Not Available,Not Available,Not Available,Not Available,Not Available,19,Not Available,Not Available,19,Not Available,Not Available,19
05114F,VA SAN DIEGO HEALTHCARE SYSTEM,3350 LA JOLLA VILLAGE DRIVE,SAN DIEGO,CA,92161,SAN DIEGO,(858) 552-8585,Acute Care - Veterans Administration,Veterans Health Administration,Yes,,5,,8,5,2,3,0,,8,4,1,3,0,,11,6,0,4,2,,15,10,,10,5,
05127F,LOMA LINDA VA MEDICAL CENTER,11201 BENTON STREET,LOMA LINDA,CA,92357,SAN BERNARDINO,(909) 825-7084,Acute Care - Veterans Administration,Veterans Health Administration,Yes,,3,,8,5,1,4,0,,8,4,1,3,0,,11,6,0,5,1,,15,10,,10,5,
05128F,VA GREATER LOS ANGELES HEALTHCARE SYSTEM,11301 WILSHIRE BLVD.,LOS ANGELES,CA,90073,LOS ANGELES,(310) 478-3711,Acute Care - Veterans Administration,Veterans Health Administration,Yes,,3,,8,5,2,3,0,,8,4,0,4,0,,11,6,0,2,4,,15,10,,10,5,
051300,EASTERN PLUMAS HOSPITAL - PORTOLA CAMPUS,500 FIRST AVENUE,PORTOLA,CA,96122,PLUMAS,(530) 832-6500,Critical Access Hospitals,Government - Hospital District or Authority,Yes,,Not Available,16,8,Not Available,Not Available,Not Available,Not Available,5,8,Not Available,Not Available,Not Available,Not Available,5,11,Not Available,Not Available,Not Available,Not Available,5,15,Not Available,5,10,4,
051301,ADVENTIST HEALTH TEHACHAPI VALLEY,1100 MAGELLAN,TEHACHAPI,CA,93561,KERN,(661) 868-6800,Critical Access Hospitals,Voluntary non-profit - Private,Yes,,3,,8,3,0,3,0,,8,2,0,2,0,,11,4,0,3,1,,15,15,,10,5,
051302,SOUTHERN INYO HOSPITAL,501 EAST LOCUST STREET,LONE PINE,CA,93545,INYO,(760) 876-5501,Critical Access Hospitals,Government - Hospital District or Authority,Yes,,Not Available,16,8,Not Available,Not Available,Not Available,Not Available,5,8,Not Available,Not Available,Not Available,Not Available,5,11,1,0,1,0,,15,Not Available,5,10,2,
051303,MAMMOTH HOSPITAL,85 SIERRA PARK ROAD PO BOX 660,MAMMOTH LAKES,CA,93546,MONO,(760) 934-3311,Critical Access Hospitals,Government - Hospital District or Authority,Yes,,Not Available,16,8,1,0,1,0,,8,1,0,1,0,,11,2,0,2,0,,15,10,,10,5,
051304,JOHN C FREMONT HEALTHCARE DISTRICT,5189 HOSPITAL ROAD,MARIPOSA,CA,95338,MARIPOSA,(209) 966-3631,Critical Access Hospitals,Government - Hospital District or Authority,Yes,,Not Available,16,8,2,0,2,0,,8,Not Available,Not Available,Not Available,Not Available,5,11,2,0,1,1,,15,Not Available,5,10,4,
051305,MAYERS MEMORIAL HOSPITAL,43563 HWY 299 EAST,FALL RIVER MILLS,CA,96028,SHASTA,(530) 336-5511,Critical Access Hospitals,Government - Hospital District or Authority,Yes,,Not Available,16,8,2,0,2,0,,8,Not Available,Not Available,Not Available,Not Available,5,11,2,0,2,0,,15,Not Available,5,10,3,
051306,GLENN MEDICAL CENTER,1133 W SYCAMORE ST,WILLOWS,CA,95988,GLENN,(530) 934-1818,Critical Access Hospitals,Proprietary,Yes,,Not Available,16,8,2,0,2,0,,8,2,0,2,0,,11,2,1,1,0,,15,Not Available,5,10,3,
051307,CATALINA ISLAND MEDICAL CENTER,100 FALLS CANYON ROAD,AVALON,CA,90704,LOS ANGELES,(310) 510-0700,Critical Access Hospitals,Voluntary non-profit - Private,Yes,,Not Available,16,8,Not Available,Not Available,Not Available,Not Available,5,8,Not Available,Not Available,Not Available,Not Available,5,11,Not Available,Not Available,Not Available,Not Available,5,15,Not Available,5,10,3,
051308,SURPRISE VALLEY COMMUNITY HOSPITAL,741 NORTH MAIN STREET,CEDARVILLE,CA,96104,MODOC,(530) 279-6111,Critical Access Hospitals,Government - Hospital District or Authority,Yes,,Not Available,16,8,Not Available,Not Available,Not Available,Not Available,5,8,Not Available,Not Available,Not Available,Not Available,5,11,Not Available,Not Available,Not Available,Not Available,5,15,Not Available,5,10,1,
051309,JEROLD PHELPS COMMUNITY HOSPITAL,733 CEDAR ST,GARBERVILLE,CA,95542,HUMBOLDT,(707) 923-3921,Critical Access Hospitals,Government - Hospital District or Authority,Yes,,Not Available,16,8,Not Available,Not Available,Not Available,Not Available,5,8,Not Available,Not Available,Not Available,Not Available,5,11,Not Available,Not Available,Not Available,Not Available,5,15,Not Available,5,10,3,
05130F,SAN FRANCISCO VA MEDICAL CENTER,4150 CLEMENT STREET,SAN FRANCISCO,CA,94121,SAN FRANCISCO,(415) 221-4810,Acute Care - Veterans Administration,Veterans Health Administration,Yes,,4,,8,5,2,3,0,,8,4,0,4,0,,11,6,0,4,2,,15,10,,10,5,
051310,ADVENTIST HEALTH HOWARD MEMORIAL,1 MARCELA DR,WILLITS,CA,95490,MENDOCINO,(707) 456-3031,Critical Access Hospitals,Voluntary non-profit - Private,No,,5,,8,4,0,4,0,,8,3,0,3,0,,11,6,1,5,0,,15,15,,10,6,
051311,ORCHARD HOSPITAL,240 SPRUCE STREET,GRIDLEY,CA,95948,BUTTE,(530) 846-5671,Critical Access Hospitals,Voluntary non-profit - Private,Yes,,Not Available,16,8,2,0,2,0,,8,1,0,1,0,,11,3,0,3,0,,15,Not Available,5,10,4,
051312,MOUNTAINS COMMUNITY HOSPITAL,29101 HOSPITAL ROAD,LAKE ARROWHEAD,CA,92352,SAN BERNARDINO,(909) 336-3651,Critical Access Hospitals,Government - Hospital District or Authority,Yes,,Not Available,16,8,1,0,1,0,,8,Not Available,Not Available,Not Available,Not Available,5,11,1,0,1,0,,15,Not Available,5,10,5,
051314,KERN VALLEY HEALTHCARE DISTRICT,6412 LAUREL AVE,LAKE ISABELLA,CA,93240,KERN,(760) 379-2681,Critical Access Hospitals,Government - Hospital District or Authority,Yes,,3,,8,3,0,3,0,,8,Not Available,Not Available,Not Available,Not Available,5,11,3,0,3,0,,15,Not Available,5,10,5,
051315,TRINITY HOSPITAL,60 EASTER AVENUE,WEAVERVILLE,CA,96093,TRINITY,(530) 623-5541,Critical Access Hospitals,Government - Hospital District or Authority,Yes,,Not Available,16,8,1,0,1,0,,8,Not Available,Not Available,Not Available,Not Available,5,11,2,0,2,0,,15,Not Available,5,10,4,
051316,FAIRCHILD MEDICAL CENTER,444 BRUCE STREET,YREKA,CA,96097,SISKIYOU,(530) 842-4121,Critical Access Hospitals,Voluntary non-profit - Other,Yes,Y,2,,8,5,0,4,1,,8,3,0,3,0,,11,7,1,6,0,,15,15,,10,8,
051317,ADVENTIST HEALTH CLEARLAKE,15630 18TH AVE - HWY 53,CLEARLAKE,CA,95422,LAKE,(707) 994-6486,Critical Access Hospitals,Voluntary non-profit - Private,Yes,Y,2,,8,5,0,5,0,,8,2,0,2,0,,11,6,0,6,0,,15,15,,10,8,
051318,PROVIDENCE REDWOOD MEMORIAL HOSPITAL,3300 RENNER DRIVE,FORTUNA,CA,95540,HUMBOLDT,(707) 445-8121,Critical Access Hospitals,Voluntary non-profit - Private,Yes,,4,,8,4,0,4,0,,8,2,0,2,0,,11,8,2,6,0,,15,15,,10,5,
051319,MERCY MEDICAL CENTER OF MT SHASTA,914 PINE STREET,MOUNT SHASTA,CA,96067,SISKIYOU,(530) 926-6111,Critical Access Hospitals,Voluntary non-profit - Other,Yes,Y,4,,8,5,0,5,0,,8,Not Available,Not Available,Not Available,Not Available,5,11,5,2,2,1,,15,15,,10,8,
051320,BANNER LASSEN MEDICAL CENTER,1800 SPRING RIDGE DRIVE,SUSANVILLE,CA,96130,LASSEN,(530) 252-2000,Critical Access Hospitals,Voluntary non-profit - Private,Yes,Y,3,,8,4,0,4,0,,8,Not Available,Not Available,Not Available,Not Available,5,11,6,0,6,0,,15,Not Available,5,10,6,
051321,HEALDSBURG HOSPITAL,1375 UNIVERSITY AVENUE,HEALDSBURG,CA,95448,SONOMA,(707) 431-6500,Critical Access Hospitals,Voluntary non-profit - Private,Yes,,Not Available,16,8,2,0,2,0,,8,Not Available,Not Available,Not Available,Not Available,5,11,3,0,2,1,,15,5,,10,5,
051323,COLORADO RIVER MEDICAL CENTER,1401 BAILEY AVE,NEEDLES,CA,92363,SAN BERNARDINO,(760) 326-7162,Critical Access Hospitals,Voluntary non-profit - Private,Yes,,Not Available,16,8,2,0,2,0,,8,Not Available,Not Available,Not Available,Not Available,5,11,1,0,1,0,,15,Not Available,5,10,3,
051324,NORTHERN INYO HOSPITAL,150 PIONEER LANE,BISHOP,CA,93514,INYO,(760) 873-5811,Critical Access Hospitals,Government - Hospital District or Authority,Yes,Y,3,,8,3,0,3,0,,8,Not Available,Not Available,Not Available,Not Available,5,11,5,1,3,1,,15,10,,10,7,
051325,ADVENTIST HEALTH MENDOCINO COAST,700 RIVER DRIVE,FORT BRAGG,CA,95437,MENDOCINO,(707) 961-1234,Critical Access Hospitals,Voluntary non-profit - Private,Yes,,3,,8,4,0,4,0,,8,2,0,2,0,,11,7,0,7,0,,15,15,,10,6,
051326,PLUMAS DISTRICT HOSPITAL,1065 BUCKS LAKE ROAD,QUINCY,CA,95971,PLUMAS,(530) 283-2121,Critical Access Hospitals,Government - Hospital District or Authority,Yes,,Not Available,16,8,2,0,2,0,,8,Not Available,Not Available,Not Available,Not Available,5,11,3,0,2,1,,15,Not Available,5,10,6,
051327,SENECA DISTRICT HOSPITAL,130 BRENTWOOD DRIVE,CHESTER,CA,96020,PLUMAS,(530) 258-2151,Critical Access Hospitals,Government - Hospital District or Authority,Yes,,Not Available,16,8,Not Available,Not Available,Not Available,Not Available,5,8,Not Available,Not Available,Not Available,Not Available,5,11,Not Available,Not Available,Not Available,Not Available,5,15,Not Available,5,10,4,
051328,TAHOE FOREST HOSPITAL,10121 PINE AVE,TRUCKEE,CA,96161,NEVADA,(530) 587-6011,Critical Access Hospitals,Government - Hospital District or Authority,Yes,Y,3,,8,3,0,3,0,,8,2,0,2,0,,11,7,1,5,1,,15,10,,10,8,
051329,SUTTER LAKESIDE HOSPITAL,5176 HILL ROAD EAST,LAKEPORT,CA,95453,LAKE,(707) 262-5000,Critical Access Hospitals,Voluntary non-profit - Private,Yes,Y,4,,8,4,0,4,0,,8,1,0,1,0,,11,6,1,5,0,,15,15,,10,9,
051330,MODOC MEDICAL CENTER,1111 N NAGLE STREET,ALTURAS,CA,96101,MODOC,(530) 233-5131,Critical Access Hospitals,Government - Hospital District or Authority,Yes,,4,,8,3,0,3,0,,8,Not Available,Not Available,Not Available,Not Available,5,11,3,1,2,0,,15,Not Available,5,10,4,
051331,SANTA YNEZ VALLEY COTTAGE HOSPITAL,2050 VIBORG RD,SOLVANG,CA,93463,SANTA BARBARA,(805) 688-6431,Critical Access Hospitals,Voluntary non-profit - Private,Yes,,Not Available,16,8,2,0,2,0,,8,Not Available,Not Available,Not Available,Not Available,5,11,3,0,3,0,,15,5,,10,8,
051332,MARK TWAIN MEDICAL CENTER,768 MOUNTAIN RANCH RD,SAN ANDREAS,CA,95249,CALAVERAS,(209) 754-3521,Critical Access Hospitals,Voluntary non-profit - Other,No,,3,,8,5,0,5,0,,8,Not Available,Not Available,Not Available,Not Available,5,11,8,0,7,1,,15,15,,10,7,
051333,RIDGECREST REGIONAL HOSPITAL,1081 NORTH CHINA LAKE BLVD,RIDGECREST,CA,93555,KERN,(760) 446-3551,Critical Access Hospitals,Voluntary non-profit - Private,Yes,,Not Available,16,8,Not Available,Not Available,Not Available,Not Available,5,8,Not Available,Not Available,Not Available,Not Available,5,11,2,0,2,0,,15,Not Available,5,10,6,
051334,COMMUNITY MEMORIAL HOSPITAL - OJAI,1306 MARICOPA HWY,OJAI,CA,93023,VENTURA,(805) 646-1401,Critical Access Hospitals,Voluntary non-profit - Private,Yes,,Not Available,16,8,1,0,1,0,,8,Not Available,Not Available,Not Available,Not Available,5,11,1,0,1,0,,15,Not Available,5,10,3,
051335,BEAR VALLEY COMMUNITY HOSPITAL,41870 GARSTIN DR,BIG BEAR LAKE,CA,92315,SAN BERNARDINO,(909) 866-6501,Critical Access Hospitals,Government - Hospital District or Authority,Yes,,Not Available,16,8,Not Available,Not Available,Not Available,Not Available,5,8,Not Available,Not Available,Not Available,Not Available,5,11,Not Available,Not Available,Not Available,Not Available,5,15,Not Available,5,10,5,
051336,SOUTHERN MONTEREY COUNTY MEMORIAL HOSPITAL,300 CANAL STREET,KING CITY,CA,93930,MONTEREY,(831) 385-6000,Critical Access Hospitals,Voluntary non-profit - Other,Yes,,Not Available,16,8,1,0,1,0,,8,Not Available,Not Available,Not Available,Not Available,5,11,1,0,1,0,,15,Not Available,5,10,5,
051337,HAZEL HAWKINS MEMORIAL HOSPITAL,911 SUNSET DRIVE,HOLLISTER,CA,95032,SANTA CLARA,(831) 637-5711,Critical Access Hospitals,Government - Hospital District or Authority,Yes,,Not Available,16,8,Not Available,Not Available,Not Available,Not Available,5,8,Not Available,Not Available,Not Available,Not Available,5,11,2,0,2,0,,15,5,,10,3,
051338,COALINGA REGIONAL MEDICAL CENTER,1191 PHELPS AVENUE,COALINGA,CA,93210,FRESNO,(559) 821-6202,Critical Access Hospitals,Government - Hospital District or Authority,Yes,,Not Available,19,Not Available,Not Available,Not Available,Not Available,Not Available,19,Not Available,Not Available,Not Available,Not Available,Not Available,19,Not Available,Not Available,Not Available,Not Available,Not Available,19,Not Available,Not Available,19,Not Available,Not Available,19
051339,PALO VERDE HOSPITAL,250 NORTH FIRST STREET,BLYTHE,CA,92225,RIVERSIDE,(760) 922-4115,Critical Access Hospitals,Government - Hospital District or Authority,No,,Not Available,5,8,Not Available,Not Available,Not Available,Not Available,5,8,Not Available,Not Available,Not Available,Not Available,5,11,Not Available,Not Available,Not Available,Not Available,5,15,Not Available,5,10,1,16
053300,VALLEY CHILDREN'S HOSPITAL,9300 VALLEY CHILDRENS PLACE,MADERA,CA,93636,MADERA,(559) 353-5116,Childrens,Voluntary non-profit - Private,Yes,,Not Available,19,Not Available,Not Available,Not Available,Not Available,Not Available,19,Not Available,Not Available,Not Available,Not Available,Not Available,19,Not Available,Not Available,Not Available,Not Available,Not Available,19,Not Available,Not Available,19,Not Available,Not Available,19
053301,UCSF BENIOFF CHILDREN'S HOSPITAL OAKLAND,747 52ND STREET,OAKLAND,CA,94609,ALAMEDA,(510) 428-3000,Childrens,Voluntary non-profit - Private,Yes,,Not Available,19,Not Available,Not Available,Not Available,Not Available,Not Available,19,Not Available,Not Available,Not Available,Not Available,Not Available,19,Not Available,Not Available,Not Available,Not Available,Not Available,19,Not Available,Not Available,19,Not Available,Not Available,19
053302,CHILDREN'S HOSP OF LOS ANGELES,"4650 SUNSET BLVD, MS 108",LOS ANGELES,CA,90027,LOS ANGELES,(323) 669-2164,Childrens,Voluntary non-profit - Private,Yes,,Not Available,19,Not Available,Not Available,Not Available,Not Available,Not Available,19,Not Available,Not Available,Not Available,Not Available,Not Available,19,Not Available,Not Available,Not Available,Not Available,Not Available,19,Not Available,Not Available,19,Not Available,Not Available,19
053303,RADY CHILDREN'S HOSPITAL - SAN DIEGO,3020 CHILDRENS WAY,SAN DIEGO,CA,92123,SAN DIEGO,(858) 576-1700,Childrens,Voluntary non-profit - Other,No,,Not Available,19,Not Available,Not Available,Not Available,Not Available,Not Available,19,Not Available,Not Available,Not Available,Not Available,Not Available,19,Not Available,Not Available,Not Available,Not Available,Not Available,19,Not Available,Not Available,19,Not Available,Not Available,19
053304,CHILDREN'S HOSPITAL OF ORANGE COUNTY,1201 W LA VETA AVE,ORANGE,CA,92868,ORANGE,(714) 997-3000,Childrens,Voluntary non-profit - Other,No,,Not Available,19,Not Available,Not Available,Not Available,Not Available,Not Available,19,Not Available,Not Available,Not Available,Not Available,Not Available,19,Not Available,Not Available,Not Available,Not Available,Not Available,19,Not Available,Not Available,19,Not Available,Not Available,19
053305,LUCILE SALTER PACKARD CHILDREN'S HSP AT STANFORD,725 WELCH ROAD,PALO ALTO,CA,94304,SANTA CLARA,(650) 497-8000,Childrens,Voluntary non-profit - Private,No,,Not Available,19,Not Available,Not Available,Not Available,Not Available,Not Available,19,Not Available,Not Available,Not Available,Not Available,Not Available,19,Not Available,Not Available,Not Available,Not Available,Not Available,19,Not Available,Not Available,19,Not Available,Not Available,19
053306,CHILDREN'S HOSPITAL AT MISSION,"27700 MEDICAL CENTER RD, 5TH FLOOR",MISSION VIEJO,CA,92691,ORANGE,(949) 365-2408,Childrens,Voluntary non-profit - Private,Yes,,Not Available,19,Not Available,Not Available,Not Available,Not Available,Not Available,19,Not Available,Not Available,Not Available,Not Available,Not Available,19,Not Available,Not Available,Not Available,Not Available,Not Available,19,Not Available,Not Available,19,Not Available,Not Available,19
053308,HEALTHBRIDGE CHILDREN'S HOSPITAL - ORANGE,393 S TUSTIN STREET,ORANGE,CA,92866,ORANGE,(714) 289-2400,Childrens,Proprietary,No,,Not Available,19,Not Available,Not Available,Not Available,Not Available,Not Available,19,Not Available,Not Available,Not Available,Not Available,Not Available,19,Not Available,Not Available,Not Available,Not Available,Not Available,19,Not Available,Not Available,19,Not Available,Not Available,19
053309,MEMORIAL CARE MILLER CHILDREN'S &  WOMEN'S HOSP LB,2801 ATLANTIC AVENUE,LONG BEACH,CA,90806,LOS ANGELES,(562) 933-8001,Childrens,Voluntary non-profit - Other,No,,Not Available,19,Not Available,Not Available,Not Available,Not Available,Not Available,19,Not Available,Not Available,Not Available,Not Available,Not Available,19,Not Available,Not Available,Not Available,Not Available,Not Available,19,Not Available,Not Available,19,Not Available,Not Available,19
053311,SHRINERS HOSPITALS FOR CHILDREN NORTHERN CALIF,2425 STOCKTON BOULEVARD,SACRAMENTO,CA,95817,SACRAMENTO,(916) 453-2000,Childrens,Voluntary non-profit - Private,No,,Not Available,19,Not Available,Not Available,Not Available,Not Available,Not Available,19,Not Available,Not Available,Not Available,Not Available,Not Available,19,Not Available,Not Available,Not Available,Not Available,Not Available,19,Not Available,Not Available,19,Not Available,Not Available,19
054009,RESNICK NEUROPSYCHIATRIC HOSPITAL AT UCLA,150 MEDICAL PLAZA-RM-4230C,LOS ANGELES,CA,90095,LOS ANGELES,(310) 825-6962,Psychiatric,Government - State,Yes,,Not Available,19,Not Available,Not Available,Not Available,Not Available,Not Available,19,Not Available,Not Available,Not Available,Not Available,Not Available,19,Not Available,Not Available,Not Available,Not Available,Not Available,19,Not Available,Not Available,19,Not Available,Not Available,19
054028,GATEWAYS HOSP  MENTAL HEALTH CTR,1891 EFFIE ST,LOS ANGELES,CA,90026,LOS ANGELES,(213) 666-0171,Psychiatric,Proprietary,No,,Not Available,19,Not Available,Not Available,Not Available,Not Available,Not Available,19,Not Available,Not Available,Not Available,Not Available,Not Available,19,Not Available,Not Available,Not Available,Not Available,Not Available,19,Not Available,Not Available,19,Not Available,Not Available,19
054032,BHC ALHAMBRA HOSPITAL,4619 N ROSEMEAD BLVD,ROSEMEAD,CA,91770,LOS ANGELES,(626) 286-1191,Psychiatric,Proprietary,No,,Not Available,19,Not Available,Not Available,Not Available,Not Available,Not Available,19,Not Available,Not Available,Not Available,Not Available,Not Available,19,Not Available,Not Available,Not Available,Not Available,Not Available,19,Not Available,Not Available,19,Not Available,Not Available,19
054053,DEL AMO HOSPITAL,23700 CAMINO DEL SOL,TORRANCE,CA,90505,LOS ANGELES,(310) 530-1151,Psychiatric,Proprietary,Yes,,Not Available,19,Not Available,Not Available,Not Available,Not Available,Not Available,19,Not Available,Not Available,Not Available,Not Available,Not Available,19,Not Available,Not Available,Not Available,Not Available,Not Available,19,Not Available,Not Available,19,Not Available,Not Available,19
054055,COLLEGE HOSPITAL,10802 COLLEGE PL,CERRITOS,CA,90703,LOS ANGELES,(562) 924-9581,Psychiatric,Proprietary,No,,Not Available,19,Not Available,Not Available,Not Available,Not Available,Not Available,19,Not Available,Not Available,Not Available,Not Available,Not Available,19,Not Available,Not Available,Not Available,Not Available,Not Available,19,Not Available,Not Available,19,Not Available,Not Available,19
054069,AURORA CHARTER OAK,1161 E COVINA BLVD,COVINA,CA,91724,LOS ANGELES,(626) 966-1632,Psychiatric,Voluntary non-profit - Church,Yes,,Not Available,19,Not Available,Not Available,Not Available,Not Available,Not Available,19,Not Available,Not Available,Not Available,Not Available,Not Available,19,Not Available,Not Available,Not Available,Not Available,Not Available,19,Not Available,Not Available,19,Not Available,Not Available,19
054074,ADVENTIST HEALTH VALLEJO,525 OREGON ST,VALLEJO,CA,94590,SOLANO,(707) 648-2200,Psychiatric,Voluntary non-profit - Private,No,,Not Available,19,Not Available,Not Available,Not Available,Not Available,Not Available,19,Not Available,Not Available,Not Available,Not Available,Not Available,19,Not Available,Not Available,Not Available,Not Available,Not Available,19,Not Available,Not Available,19,Not Available,Not Available,19
054075,ALVARADO PARKWAY INSTITUTE BEHAVIORAL HEALTH SYSTE,7050 PARKWAY DRIVE,LA MESA,CA,91942,SAN DIEGO,(619) 465-4411,Psychiatric,Voluntary non-profit - Private,No,,Not Available,19,Not Available,Not Available,Not Available,Not Available,Not Available,19,Not Available,Not Available,Not Available,Not Available,Not Available,19,Not Available,Not Available,Not Available,Not Available,Not Available,19,Not Available,Not Available,19,Not Available,Not Available,19
054077,AURORA VISTA DEL MAR HOSPITAL,801 SENECA ST,VENTURA,CA,93001,VENTURA,(805) 653-6434,Psychiatric,Proprietary,No,,Not Available,19,Not Available,Not Available,Not Available,Not Available,Not Available,19,Not Available,Not Available,Not Available,Not Available,Not Available,19,Not Available,Not Available,Not Available,Not Available,Not Available,19,Not Available,Not Available,19,Not Available,Not Available,19
054078,AURORA LAS ENCINAS,2900 E DEL MAR BLVD,PASADENA,CA,91107,LOS ANGELES,(626) 795-9901,Psychiatric,Proprietary,No,,Not Available,19,Not Available,Not Available,Not Available,Not Available,Not Available,19,Not Available,Not Available,Not Available,Not Available,Not Available,19,Not Available,Not Available,Not Available,Not Available,Not Available,19,Not Available,Not Available,19,Not Available,Not Available,19
054087,"BHC SIERRA VISTA HOSPITAL, INC",8001 BRUCEVILLE ROAD,SACRAMENTO,CA,95823,SACRAMENTO,(916) 423-2000,Psychiatric,Proprietary,No,,Not Available,19,Not Available,Not Available,Not Available,Not Available,Not Available,19,Not Available,Not Available,Not Available,Not Available,Not Available,19,Not Available,Not Available,Not Available,Not Available,Not Available,19,Not Available,Not Available,19,Not Available,Not Available,19
054089,JEWISH HOME & REHAB CENTER,302  SILVER AVENUE,SAN FRANCISCO,CA,94112,SAN FRANCISCO,(415) 334-2500,Psychiatric,Voluntary non-profit - Private,No,,Not Available,19,Not Available,Not Available,Not Available,Not Available,Not Available,19,Not Available,Not Available,Not Available,Not Available,Not Available,19,Not Available,Not Available,Not Available,Not Available,Not Available,19,Not Available,Not Available,19,Not Available,Not Available,19
054095,AURORA SAN DIEGO,11878 AVENUE OF INDUSTRY,SAN DIEGO,CA,92128,SAN DIEGO,(858) 487-3200,Psychiatric,Proprietary,No,,Not Available,19,Not Available,Not Available,Not Available,Not Available,Not Available,19,Not Available,Not Available,Not Available,Not Available,Not Available,19,Not Available,Not Available,Not Available,Not Available,Not Available,19,Not Available,Not Available,19,Not Available,Not Available,19
054096,SUTTER CENTER FOR PSYCHIATRY,7700 FOLSOM BLVD,SACRAMENTO,CA,95826,SACRAMENTO,(916) 386-3000,Psychiatric,Voluntary non-profit - Private,No,,Not Available,19,Not Available,Not Available,Not Available,Not Available,Not Available,19,Not Available,Not Available,Not Available,Not Available,Not Available,19,Not Available,Not Available,Not Available,Not Available,Not Available,19,Not Available,Not Available,19,Not Available,Not Available,19
054104,HERITAGE OAKS HOSPITAL,4250 AUBURN BLVD,SACRAMENTO,CA,95841,SACRAMENTO,(916) 489-3336,Psychiatric,Proprietary,Yes,,Not Available,19,Not Available,Not Available,Not Available,Not Available,Not Available,19,Not Available,Not Available,Not Available,Not Available,Not Available,19,Not Available,Not Available,Not Available,Not Available,Not Available,19,Not Available,Not Available,19,Not Available,Not Available,19
054110,BHC FREMONT HOSPITAL INC,39001 SUNDALE DRIVE,FREMONT,CA,94538,ALAMEDA,(510) 796-1100,Psychiatric,Proprietary,No,,Not Available,19,Not Available,Not Available,Not Available,Not Available,Not Available,19,Not Available,Not Available,Not Available,Not Available,Not Available,19,Not Available,Not Available,Not Available,Not Available,Not Available,19,Not Available,Not Available,19,Not Available,Not Available,19
054111,CANYON RIDGE HOSPITAL,5353 G STREET,CHINO,CA,91710,SAN BERNARDINO,(909) 590-3700,Psychiatric,Proprietary,No,,Not Available,19,Not Available,Not Available,Not Available,Not Available,Not Available,19,Not Available,Not Available,Not Available,Not Available,Not Available,19,Not Available,Not Available,Not Available,Not Available,Not Available,19,Not Available,Not Available,19,Not Available,Not Available,19
054122,DEPT OF STATE HOSPITALS - NAPA,2100 NAPA VALLEJO HIGHWAY,NAPA,CA,94558,NAPA,(707) 253-5000,Psychiatric,Government - State,No,,Not Available,19,Not Available,Not Available,Not Available,Not Available,Not Available,19,Not Available,Not Available,Not Available,Not Available,Not Available,19,Not Available,Not Available,Not Available,Not Available,Not Available,19,Not Available,Not Available,19,Not Available,Not Available,19
054123,ST JOSEPH'S BEHAVIORAL HEALTH CENTER,2510 N  CALIFORNIA ST,STOCKTON,CA,95204,SAN JOAQUIN,(209) 461-2000,Psychiatric,Voluntary non-profit - Private,No,,Not Available,19,Not Available,Not Available,Not Available,Not Available,Not Available,19,Not Available,Not Available,Not Available,Not Available,Not Available,19,Not Available,Not Available,Not Available,Not Available,Not Available,19,Not Available,Not Available,19,Not Available,Not Available,19
054124,SEMPERVIRENS,720 WOOD ST,EUREKA,CA,95501,HUMBOLDT,(707) 268-2990,Psychiatric,Government - Local,Yes,,Not Available,19,Not Available,Not Available,Not Available,Not Available,Not Available,19,Not Available,Not Available,Not Available,Not Available,Not Available,19,Not Available,Not Available,Not Available,Not Available,Not Available,19,Not Available,Not Available,19,Not Available,Not Available,19
054125,SANTA BARBARA COUNTY PSYCHIATRIC HEALTH FACILITY,315 CAMINO DEL REMEDIO,SANTA BARBARA,CA,93110,SANTA BARBARA,(805) 681-5244,Psychiatric,Government - Local,No,,Not Available,19,Not Available,Not Available,Not Available,Not Available,Not Available,19,Not Available,Not Available,Not Available,Not Available,Not Available,19,Not Available,Not Available,Not Available,Not Available,Not Available,19,Not Available,Not Available,19,Not Available,Not Available,19
054130,PACIFIC GROVE HOSPITAL,5900 BROCKTON AVE,RIVERSIDE,CA,92506,RIVERSIDE,(951) 275-8400,Psychiatric,Proprietary,No,,Not Available,19,Not Available,Not Available,Not Available,Not Available,Not Available,19,Not Available,Not Available,Not Available,Not Available,Not Available,19,Not Available,Not Available,Not Available,Not Available,Not Available,19,Not Available,Not Available,19,Not Available,Not Available,19
054131,JOHN MUIR BEHAVIORAL HEALTH CENTER,2740 GRANT STREET,CONCORD,CA,94520,CONTRA COSTA,(925) 674-4101,Psychiatric,Voluntary non-profit - Private,Yes,,Not Available,19,Not Available,Not Available,Not Available,Not Available,Not Available,19,Not Available,Not Available,Not Available,Not Available,Not Available,19,Not Available,Not Available,Not Available,Not Available,Not Available,19,Not Available,Not Available,19,Not Available,Not Available,19
054133,DEPT OF STATE HOSPITALS - METROPOLITAN - PSY,11401 S NORWALK BLVD,NORWALK,CA,90650,LOS ANGELES,(562) 863-7011,Psychiatric,Government - State,Yes,,Not Available,19,Not Available,Not Available,Not Available,Not Available,Not Available,19,Not Available,Not Available,Not Available,Not Available,Not Available,19,Not Available,Not Available,Not Available,Not Available,Not Available,19,Not Available,Not Available,19,Not Available,Not Available,19
054144,UCSF LANGLEY PORTER PSYCHIATRIC HOSPITAL AND CLINICS,"1600 DIVISADERO STREET, 7TH FLOOR",SAN FRANCISCO,CA,94143,SAN FRANCISCO,(415) 476-7000,Psychiatric,Government - State,No,,Not Available,19,Not Available,Not Available,Not Available,Not Available,Not Available,19,Not Available,Not Available,Not Available,Not Available,Not Available,19,Not Available,Not Available,Not Available,Not Available,Not Available,19,Not Available,Not Available,19,Not Available,Not Available,19
054145,SHARP MESA VISTA HOSPITAL,7850 VISTA HILL AVENUE,SAN DIEGO,CA,92123,SAN DIEGO,(858) 278-4110,Psychiatric,Voluntary non-profit - Private,No,,Not Available,19,Not Available,Not Available,Not Available,Not Available,Not Available,19,Not Available,Not Available,Not Available,Not Available,Not Available,19,Not Available,Not Available,Not Available,Not Available,Not Available,19,Not Available,Not Available,19,Not Available,Not Available,19
054146,TELECARE HERITAGE PSYCHIATRIC HEALTH FACILITY,"2633 E 27TH STREET, BUILDING B",OAKLAND,CA,94601,ALAMEDA,(510) 535-5115,Psychiatric,Proprietary,No,,Not Available,19,Not Available,Not Available,Not Available,Not Available,Not Available,19,Not Available,Not Available,Not Available,Not Available,Not Available,19,Not Available,Not Available,Not Available,Not Available,Not Available,19,Not Available,Not Available,19,Not Available,Not Available,19
054147,JOYCE EISENBERG KEEFER MEDICAL CENTER,7150 TAMPA AVENUE,RESEDA,CA,91335,LOS ANGELES,(818) 774-3314,Psychiatric,Voluntary non-profit - Private,No,,Not Available,19,Not Available,Not Available,Not Available,Not Available,Not Available,19,Not Available,Not Available,Not Available,Not Available,Not Available,19,Not Available,Not Available,Not Available,Not Available,Not Available,19,Not Available,Not Available,19,Not Available,Not Available,19
054148,TARZANA TREATMENT CENTER,18646 OXNARD STREET,TARZANA,CA,91356,LOS ANGELES,(818) 996-1051,Psychiatric,Voluntary non-profit - Private,No,,Not Available,19,Not Available,Not Available,Not Available,Not Available,Not Available,19,Not Available,Not Available,Not Available,Not Available,Not Available,19,Not Available,Not Available,Not Available,Not Available,Not Available,19,Not Available,Not Available,19,Not Available,Not Available,19
054149,WILLOW ROCK CENTER,2050 FAIRMONT DRIVE,SAN LEANDRO,CA,94578,ALAMEDA,(510) 895-5502,Psychiatric,Proprietary,No,,Not Available,19,Not Available,Not Available,Not Available,Not Available,Not Available,19,Not Available,Not Available,Not Available,Not Available,Not Available,19,Not Available,Not Available,Not Available,Not Available,Not Available,19,Not Available,Not Available,19,Not Available,Not Available,19
054150,KAISER PERMANENTE PSYCHIATRIC HEALTH FACILITY-SANT,3840 HOMESTEAD ROAD,SANTA CLARA,CA,95051,SANTA CLARA,(408) 851-4850,Psychiatric,Proprietary,Yes,,Not Available,19,Not Available,Not Available,Not Available,Not Available,Not Available,19,Not Available,Not Available,Not Available,Not Available,Not Available,19,Not Available,Not Available,Not Available,Not Available,Not Available,19,Not Available,Not Available,19,Not Available,Not Available,19
054151,"AURORA BEHAVIORAL HEALTHCARE-SANTA ROSA, LLC",1287 FULTON ROAD,SANTA ROSA,CA,95401,SONOMA,(707) 800-7700,Psychiatric,Proprietary,No,,Not Available,19,Not Available,Not Available,Not Available,Not Available,Not Available,19,Not Available,Not Available,Not Available,Not Available,Not Available,19,Not Available,Not Available,Not Available,Not Available,Not Available,19,Not Available,Not Available,19,Not Available,Not Available,19
054152,SANTA CRUZ COUNTY PSYCHIATRIC HEALTH FACILITY,"2250 SOQUEL AVENUE, SUITE 150",SANTA CRUZ,CA,95062,SANTA CRUZ,(831) 600-2801,Psychiatric,Proprietary,No,,Not Available,19,Not Available,Not Available,Not Available,Not Available,Not Available,19,Not Available,Not Available,Not Available,Not Available,Not Available,19,Not Available,Not Available,Not Available,Not Available,Not Available,19,Not Available,Not Available,19,Not Available,Not Available,19
054153,OCEAN VIEW PSYCHIATRIC HEALTH FACILITY,"2600 REDONDO AVENUE, SUITE 500",LONG BEACH,CA,90806,LOS ANGELES,(844) 562-1212,Psychiatric,Proprietary,No,,Not Available,19,Not Available,Not Available,Not Available,Not Available,Not Available,19,Not Available,Not Available,Not Available,Not Available,Not Available,19,Not Available,Not Available,Not Available,Not Available,Not Available,19,Not Available,Not Available,19,Not Available,Not Available,19
054154,SAN JOSE BEHAVIORAL HEALTH,455 SILICON VALLEY BOULEVARD,SAN JOSE,CA,95138,SANTA CLARA,(669) 234-5959,Psychiatric,Proprietary,No,,Not Available,19,Not Available,Not Available,Not Available,Not Available,Not Available,19,Not Available,Not Available,Not Available,Not Available,Not Available,19,Not Available,Not Available,Not Available,Not Available,Not Available,19,Not Available,Not Available,19,Not Available,Not Available,19
054155,"BAKERSFIELD BEHAVIORAL HEALTHCARE HOSPITAL, LLC",5201 WHITE LANE,BAKERSFIELD,CA,93309,KERN,(661) 398-1800,Psychiatric,Proprietary,No,,Not Available,19,Not Available,Not Available,Not Available,Not Available,Not Available,19,Not Available,Not Available,Not Available,Not Available,Not Available,19,Not Available,Not Available,Not Available,Not Available,Not Available,19,Not Available,Not Available,19,Not Available,Not Available,19
054157,GLENDORA  HOSPITAL,150 WEST ROUTE 66,GLENDORA,CA,91740,LOS ANGELES,(626) 852-5050,Psychiatric,Voluntary non-profit - Private,No,,Not Available,19,Not Available,Not Available,Not Available,Not Available,Not Available,19,Not Available,Not Available,Not Available,Not Available,Not Available,19,Not Available,Not Available,Not Available,Not Available,Not Available,19,Not Available,Not Available,19,Not Available,Not Available,19
054158,"ALISO RIDGE BEHAVIORAL HEALTH, LLC",200 FREEDOM LN,ALISO VIEJO,CA,92656,ORANGE,(248) 839-5380,Psychiatric,Proprietary,No,,Not Available,19,Not Available,Not Available,Not Available,Not Available,Not Available,19,Not Available,Not Available,Not Available,Not Available,Not Available,19,Not Available,Not Available,Not Available,Not Available,Not Available,19,Not Available,Not Available,19,Not Available,Not Available,19
054159,"SACRAMENTO BEHAVIORAL HEALTHCARE HOSPITAL, LLC",1400 EXPO PARKWAY,NORTH SACRAMENTO,CA,95815,SACRAMENTO,(916) 437-6410,Psychiatric,Proprietary,No,,Not Available,19,Not Available,Not Available,Not Available,Not Available,Not Available,19,Not Available,Not Available,Not Available,Not Available,Not Available,19,Not Available,Not Available,Not Available,Not Available,Not Available,19,Not Available,Not Available,19,Not Available,Not Available,19
054160,RIVER VISTA BEHAVIORAL HEALTH,40886 GOODWIN WAY,MADERA,CA,93636,MADERA,(559) 603-6000,Psychiatric,Proprietary,No,,Not Available,19,Not Available,Not Available,Not Available,Not Available,Not Available,19,Not Available,Not Available,Not Available,Not Available,Not Available,19,Not Available,Not Available,Not Available,Not Available,Not Available,19,Not Available,Not Available,19,Not Available,Not Available,19
060001,BANNER NORTH COLORADO MEDICAL CENTER,1801 16TH ST,GREELEY,CO,80631,WELD,(970) 810-4121,Acute Care Hospitals,Voluntary non-profit - Private,Yes,Y,4,,8,8,0,8,0,,8,6,1,5,0,,11,11,2,9,0,,15,15,,10,9,
060003,LONGMONT UNITED HOSPITAL,1950 MOUNTAIN VIEW AVE,LONGMONT,CO,80501,BOULDER,(303) 651-5111,Acute Care Hospitals,Voluntary non-profit - Private,Yes,Y,3,,8,6,0,6,0,,8,2,1,1,0,,11,5,1,3,1,,15,15,,10,7,
060004,INTERMOUNTAIN HEALTH PLATTE VALLEY HOSPITAL,1600 PRAIRIE CENTER PKWY,BRIGHTON,CO,80601,ADAMS,(303) 498-1600,Acute Care Hospitals,Voluntary non-profit - Private,Yes,Y,3,,8,4,0,4,0,,8,3,0,3,0,,11,5,1,4,0,,15,15,,10,9,
060006,MONTROSE REGIONAL HEALTH,800 S 3RD ST,MONTROSE,CO,81401,MONTROSE,(970) 249-2211,Acute Care Hospitals,Voluntary non-profit - Private,Yes,Y,4,,8,6,0,6,0,,8,3,0,3,0,,11,9,2,7,0,,15,15,,10,10,
060008,SAN LUIS VALLEY REGIONAL  MEDICAL CENTER,106 BLANCA AVE,ALAMOSA,CO,81101,ALAMOSA,(719) 587-1202,Acute Care Hospitals,Voluntary non-profit - Private,Yes,Y,3,,8,2,0,2,0,,8,3,0,3,0,,11,7,0,6,1,,15,15,,10,8,
060009,LUTHERAN MEDICAL CENTER,8300 W 38TH AVE,WHEAT RIDGE,CO,80033,JEFFERSON,(303) 425-4500,Acute Care Hospitals,Voluntary non-profit - Private,Yes,Y,4,,8,7,0,7,0,,8,6,1,5,0,,11,9,3,6,0,,15,15,,10,9,
060010,POUDRE VALLEY HOSPITAL,1024 S LEMAY AVE,FORT COLLINS,CO,80524,LARIMER,(970) 495-7000,Acute Care Hospitals,Voluntary non-profit - Private,Yes,Y,5,,8,7,0,7,0,,8,7,2,4,1,,11,10,4,6,0,,15,15,,10,7,
060011,DENVER HEALTH & HOSPITAL AUTHORITY,777 BANNOCK ST,DENVER,CO,80204,DENVER,(303) 602-4935,Acute Care Hospitals,Government - State,Yes,Y,3,,8,5,0,5,0,,8,6,1,5,0,,11,8,0,7,1,,15,15,,10,6,
060012,ST MARY-CORWIN HOSPITAL,1008 MINNEQUA AVE,PUEBLO,CO,81004,PUEBLO,(719) 557-4000,Acute Care Hospitals,Voluntary non-profit - Church,No,,4,,8,3,0,3,0,,8,4,0,4,0,,11,7,0,6,1,,15,15,,10,9,
060013,MERCY REGIONAL MEDICAL CENTER,1010 THREE SPRINGS BLVD,DURANGO,CO,81301,LA PLATA,(970) 247-4311,Acute Care Hospitals,Voluntary non-profit - Church,Yes,Y,5,,8,6,0,6,0,,8,5,0,5,0,,11,9,3,6,0,,15,15,,10,9,
060014,HCA HEALTHONE PRESBYTERIAN ST LUKE'S,1719 E 19TH AVE,DENVER,CO,80218,DENVER,(303) 839-6000,Acute Care Hospitals,Government - State,Yes,Y,2,,8,4,0,4,0,,8,7,1,6,0,,11,7,0,5,2,,15,15,,10,8,
060015,CENTURA HEALTH-ST ANTHONY HOSPITAL,11600 W 2ND PL,LAKEWOOD,CO,80228,JEFFERSON,(720) 321-0000,Acute Care Hospitals,Voluntary non-profit - Church,Yes,,4,,8,8,0,8,0,,8,6,4,1,1,,11,8,1,6,1,,15,15,,10,8,
060020,"PARKVIEW MEDICAL CENTER, INC",400 W 16TH ST,PUEBLO,CO,81003,PUEBLO,(719) 584-4000,Acute Care Hospitals,Voluntary non-profit - Private,Yes,Y,3,,8,8,0,8,0,,8,7,1,5,1,,11,9,3,5,1,,15,15,,10,10,
060022,UCH-MEMORIAL HEALTH SYSTEM,1400 E BOULDER ST,COLORADO SPRINGS,CO,80909,EL PASO,(719) 365-5000,Acute Care Hospitals,Government - Local,Yes,Y,4,,8,8,1,6,1,,8,8,3,5,0,,11,11,3,7,1,,15,15,,10,8,
060023,INTERMOUNTAIN HEALTH ST. MARY'S REGIONAL HOSPITAL,2635 N 7TH ST,GRAND JUNCTION,CO,81501,MESA,(970) 298-2260,Acute Care Hospitals,Voluntary non-profit - Church,Yes,Y,4,,8,8,0,7,1,,8,7,2,5,0,,11,11,2,9,0,,15,15,,10,9,
060024,UNIVERSITY OF COLORADO HOSPITAL AUTHORITY,12605 E 16TH AVE,AURORA,CO,80045,ADAMS,(720) 848-0000,Acute Care Hospitals,Government - Hospital District or Authority,Yes,Y,5,,8,8,3,5,0,,8,8,3,4,1,,11,11,1,10,0,,15,15,,10,9,
060027,BOULDER COMMUNITY HEALTH,4747 ARAPAHOE AVENUE,BOULDER,CO,80304,BOULDER,(303) 440-2273,Acute Care Hospitals,Voluntary non-profit - Private,Yes,Y,4,,8,8,0,8,0,,8,7,1,5,1,,11,9,3,6,0,,15,15,,10,9,
060028,SAINT JOSEPH HOSPITAL,1375 E 19TH AVE,DENVER,CO,80218,DENVER,(303) 812-2000,Acute Care Hospitals,Voluntary non-profit - Private,Yes,Y,5,,8,5,0,5,0,,8,7,3,4,0,,11,8,0,8,0,,15,15,,10,9,
060030,BANNER NORTH CO MEDICAL CENTER - LOVELAND CAMPUS,2000 BOISE AVE,LOVELAND,CO,80538,LARIMER,(970) 820-4640,Acute Care Hospitals,Voluntary non-profit - Private,Yes,,3,,8,5,0,5,0,,8,3,0,3,0,,11,5,1,4,0,,15,15,,10,9,
060031,CENTURA HEALTH-PENROSE ST FRANCIS HEALTH SERVICES,2222 N NEVADA AVE,COLORADO SPRINGS,CO,80907,EL PASO,(719) 776-5000,Acute Care Hospitals,Voluntary non-profit - Private,Yes,Y,3,,8,8,0,7,1,,8,8,4,4,0,,11,11,4,6,1,,15,15,,10,9,
060032,HCA HEALTHONE ROSE,4567 E 9TH AVE,DENVER,CO,80220,DENVER,(303) 320-2121,Acute Care Hospitals,Proprietary,Yes,Y,4,,8,6,0,6,0,,8,7,1,6,0,,11,6,0,4,2,,15,15,,10,7,
060034,HCA-HEALTHONE DBA SWEDISH MEDICAL CENTER,501 E HAMPDEN AVE,ENGLEWOOD,CO,80113,ARAPAHOE,(303) 788-5000,Acute Care Hospitals,Proprietary,Yes,Y,4,,8,8,1,7,0,,8,8,2,6,0,,11,11,0,9,2,,15,15,,10,7,
06003F,Evans ACH (FT Carson),Fort Carson MEDDAC 1650 Cochrane Cir,Fort Carson,CO,80913,EL PASO,(719) 526-7000,Acute Care - Department of Defense,Department of Defense,Yes,,Not Available,22,Not Available,Not Available,Not Available,Not Available,Not Available,22,Not Available,Not Available,Not Available,Not Available,Not Available,22,Not Available,Not Available,Not Available,Not Available,Not Available,22,Not Available,Not Available,22,Not Available,Not Available,22
060044,ST ELIZABETH HOSPITAL,1000 LINCOLN ST,FORT MORGAN,CO,80701,MORGAN,(970) 867-3391,Acute Care Hospitals,Voluntary non-profit - Other,Yes,Y,4,,8,3,0,3,0,,8,2,0,2,0,,11,5,1,4,0,,15,15,,10,7,
060049,UCHEALTH YAMPA VALLEY MEDICAL CENTER,1024 CENTRAL PARK DR,STEAMBOAT SPRINGS,CO,80487,ROUTT,(970) 879-1322,Acute Care Hospitals,Voluntary non-profit - Private,Yes,Y,Not Available,16,8,2,0,2,0,,8,2,0,2,0,,11,6,1,5,0,,15,15,,10,7,
060054,COMMUNITY HOSPITAL,2351 'G' RD,GRAND JUNCTION,CO,81505,MESA,(970) 644-3011,Acute Care Hospitals,Voluntary non-profit - Private,Yes,Y,4,,8,4,0,4,0,,8,4,0,4,0,,11,8,1,7,0,,15,15,,10,8,
06005F,VA EASTERN COLORADO HEALTHCARE SYSTEM,1700 NORTH WHEELING STREET,AURORA,CO,80045,ADAMS,(303) 399-8020,Acute Care - Veterans Administration,Veterans Health Administration,Yes,,5,,8,5,2,3,0,,8,4,0,4,0,,11,6,2,3,1,,15,10,,10,5,
060064,AdventHealth Porter,2525 S DOWNING ST,DENVER,CO,80210,DENVER,(303) 778-1955,Acute Care Hospitals,Voluntary non-profit - Private,Yes,,4,,8,8,0,8,0,,8,7,2,5,0,,11,8,2,6,0,,15,15,,10,8,
060065,HCA HEALTHONE MOUNTAIN RIDGE,9191 GRANT ST,THORNTON,CO,80229,ADAMS,(303) 451-7800,Acute Care Hospitals,Voluntary non-profit - Private,Yes,Y,3,,8,6,0,6,0,,8,6,1,5,0,,11,6,0,5,1,,15,15,,10,9,
060071,DELTA COUNTY MEMORIAL HOSPITAL,1501 E 3RD ST,DELTA,CO,81416,DELTA,(970) 874-7681,Acute Care Hospitals,Government - Local,Yes,Y,3,,8,3,0,3,0,,8,2,0,2,0,,11,7,0,5,2,,15,15,,10,9,
060075,VALLEY VIEW HOSPITAL ASSOCIATION,1906 BLAKE AVE,GLENWOOD SPRINGS,CO,81601,GARFIELD,(970) 945-6535,Acute Care Hospitals,Voluntary non-profit - Private,Yes,Y,4,,8,7,0,7,0,,8,2,0,2,0,,11,10,2,8,0,,15,15,,10,10,
060076,STERLING REGIONAL MEDCENTER,615 FAIRHURST ST,STERLING,CO,80751,LOGAN,(970) 522-0122,Acute Care Hospitals,Voluntary non-profit - Private,Yes,Y,3,,8,3,0,3,0,,8,1,0,1,0,,11,7,0,6,1,,15,15,,10,7,
06007F,GRAND JUNCTION VA MEDICAL CENTER,2121 N. AVENUE,GRAND JUNCTION,CO,81501,MESA,(970) 244-1329,Acute Care - Veterans Administration,Veterans Health Administration,Yes,,5,,8,3,0,3,0,,8,2,0,2,0,,11,5,1,4,0,,15,10,,10,4,
060096,VAIL HEALTH HOSPITAL,181 W MEADOW DR,VAIL,CO,81657,EAGLE,(970) 476-2451,Acute Care Hospitals,Voluntary non-profit - Other,Yes,Y,5,,8,3,0,3,0,,8,3,0,3,0,,11,8,0,8,0,,15,15,,10,9,
060100,THE MEDICAL CENTER OF AURORA & SOUTH HOSPITAL,1501 S POTOMAC ST,AURORA,CO,80012,ARAPAHOE,(303) 873-5511,Acute Care Hospitals,Proprietary,Yes,Y,4,,8,8,0,8,0,,8,7,2,3,2,,11,9,2,6,1,,15,15,,10,9,
060103,ADVENTHEALTH AVISTA,100 HEALTH PARK DR,LOUISVILLE,CO,80027,BOULDER,(303) 673-1000,Acute Care Hospitals,Voluntary non-profit - Church,No,Y,4,,8,3,0,3,0,,8,4,0,4,0,,11,7,2,3,2,,15,15,,10,7,
060104,CENTURA HEALTH-ST ANTHONY NORTH HEALTH CAMPUS,14300 ORCHARD PKWY,WESTMINSTER,CO,80023,BROOMFIELD,(720) 627-0000,Acute Care Hospitals,Voluntary non-profit - Private,Yes,Y,5,,8,6,0,6,0,,8,6,2,4,0,,11,7,3,4,0,,15,15,,10,9,
060107,NATIONAL JEWISH HEALTH,1400 JACKSON ST,DENVER,CO,80206,DENVER,(303) 388-4461,Acute Care Hospitals,Voluntary non-profit - Private,Yes,,Not Available,16,8,Not Available,Not Available,Not Available,Not Available,5,8,Not Available,Not Available,Not Available,Not Available,5,11,3,0,3,0,,15,5,,10,4,
060112,SKY RIDGE MEDICAL CENTER,10101 RIDGEGATE PKWY,LONE TREE,CO,80124,DOUGLAS,(720) 225-1000,Acute Care Hospitals,Voluntary non-profit - Other,Yes,Y,3,,8,7,0,7,0,,8,8,1,6,1,,11,10,1,8,1,,15,15,,10,8,
060113,AdventHealth Littleton,7700 S BROADWAY,LITTLETON,CO,80122,ARAPAHOE,(303) 730-8900,Acute Care Hospitals,Voluntary non-profit - Church,Yes,Y,4,,8,7,0,7,0,,8,7,1,5,1,,11,8,1,7,0,,15,15,,10,8,
060114,AdventHealth Parker,9395 CROWN CREST BLVD,PARKER,CO,80138,DOUGLAS,(303) 269-4000,Acute Care Hospitals,Voluntary non-profit - Private,Yes,Y,5,,8,7,0,7,0,,8,8,2,6,0,,11,10,3,7,0,,15,15,,10,9,
060116,GOOD SAMARITAN MEDICAL CENTER LLC,200 EXEMPLA CIR,LAFAYETTE,CO,80026,BOULDER,(303) 689-4000,Acute Care Hospitals,Voluntary non-profit - Private,Yes,Y,4,,8,7,0,7,0,,8,6,1,5,0,,11,6,0,6,0,,15,15,,10,8,
060117,"ANIMAS SURGICAL HOSPITAL, LLC","575 RIVERGATE LN, UNIT 100",DURANGO,CO,81301,LA PLATA,(970) 247-3537,Acute Care Hospitals,Physician,Yes,,Not Available,16,8,1,0,1,0,,8,2,0,2,0,,11,3,0,3,0,,15,15,,10,6,
060118,ST ANTHONY SUMMIT MEDICAL CENTER,340 PEAK ONE DRIVE,FRISCO,CO,80443,SUMMIT,(970) 668-3300,Acute Care Hospitals,Voluntary non-profit - Church,Yes,Y,Not Available,16,8,1,0,1,0,,8,2,0,2,0,,11,2,0,1,1,,15,15,,10,7,
060119,MEDICAL CENTER OF THE ROCKIES,2500 ROCKY MOUNTAIN AVE,LOVELAND,CO,80538,LARIMER,(970) 624-2500,Acute Care Hospitals,Voluntary non-profit - Private,Yes,Y,5,,8,8,1,7,0,,8,7,1,6,0,,11,11,2,8,1,,15,15,,10,9,
060124,ORTHOCOLORADO HOSP AT ST ANTHONY MED CAMPUS,11650 W 2ND PL,LAKEWOOD,CO,80228,JEFFERSON,(720) 321-5000,Acute Care Hospitals,Proprietary,Yes,,Not Available,16,8,1,0,1,0,,8,2,0,2,0,,11,2,1,1,0,,15,15,,10,2,
060125,ADVENTHEALTH CASTLE ROCK,2350 MEADOWS BLVD,CASTLE ROCK,CO,80109,DOUGLAS,(720) 455-5000,Acute Care Hospitals,Voluntary non-profit - Private,Yes,,5,,8,6,0,6,0,,8,4,1,3,0,,11,6,0,6,0,,15,15,,10,8,
060126,BANNER FORT COLLINS MEDICAL CENTER,4700 LADY MOON DR,FORT COLLINS,CO,80528,LARIMER,(970) 821-4000,Acute Care Hospitals,Voluntary non-profit - Other,Yes,Y,Not Available,16,8,1,0,1,0,,8,1,0,1,0,,11,3,0,3,0,,15,15,,10,7,
060128,LONGS PEAK HOSPITAL,1750 E KEN PRATT BLVD,LONGMONT,CO,80504,BOULDER,(720) 718-3005,Acute Care Hospitals,Voluntary non-profit - Private,Yes,Y,5,,8,6,0,6,0,,8,5,0,5,0,,11,9,3,6,0,,15,15,,10,8,
060129,UCHEALTH BROOMFIELD HOSPITAL,11820 DESTINATION DR,BROOMFIELD,CO,80021,JEFFERSON,(303) 464-4500,Acute Care Hospitals,Proprietary,Yes,,Not Available,16,8,2,0,2,0,,8,2,0,2,0,,11,2,0,2,0,,15,5,,10,5,
060130,UCHEALTH GRANDVIEW HOSPITAL,5623 PULPIT PEAK VW,COLORADO SPRINGS,CO,80918,EL PASO,(719) 365-3300,Acute Care Hospitals,Voluntary non-profit - Private,Yes,,Not Available,16,8,2,0,2,0,,8,2,0,2,0,,11,4,2,2,0,,15,5,,10,6,
060131,UCHEALTH GREELEY HOSPITAL,6767 29TH ST,GREELEY,CO,80634,WELD,(970) 652-2000,Acute Care Hospitals,Voluntary non-profit - Private,Yes,Y,4,,8,6,0,6,0,,8,5,1,4,0,,11,9,2,7,0,,15,15,,10,8,
060132,UCHEALTH HIGHLANDS RANCH HOSPITAL,1500 PARK CENTRAL DR,HIGHLANDS RANCH,CO,80129,DOUGLAS,(720) 516-1000,Acute Care Hospitals,Voluntary non-profit - Private,Yes,Y,5,,8,7,1,6,0,,8,6,1,5,0,,11,8,1,7,0,,15,15,,10,8,
060133,ST FRANCIS HOSPITAL - INTERQUEST,10860 NEW ALLEGIANCE DR,COLORADO SPRINGS,CO,80921,EL PASO,(719) 757-7000,Acute Care Hospitals,Voluntary non-profit - Private,Yes,,Not Available,16,8,1,0,1,0,,8,1,0,1,0,,11,1,0,1,0,,15,5,,10,5,
061300,WEISBROD MEMORIAL COUNTY HOSPITAL,1208 LUTHER ST,EADS,CO,81036,KIOWA,(719) 438-5401,Critical Access Hospitals,Government - Hospital District or Authority,Yes,,Not Available,16,8,Not Available,Not Available,Not Available,Not Available,5,8,Not Available,Not Available,Not Available,Not Available,5,11,Not Available,Not Available,Not Available,Not Available,5,15,Not Available,5,10,3,
061301,RIO GRANDE HOSPITAL,310 COUNTY RD 14,DEL NORTE,CO,81132,RIO GRANDE,(719) 657-2510,Critical Access Hospitals,Proprietary,Yes,,4,,8,4,0,4,0,,8,Not Available,Not Available,Not Available,Not Available,5,11,5,0,5,0,,15,Not Available,5,10,4,
061302,FAMILY HEALTH WEST HOSPITAL,300 W OTTLEY AVE,FRUITA,CO,81521,MESA,(970) 858-9871,Critical Access Hospitals,Voluntary non-profit - Private,Yes,,Not Available,16,8,2,0,2,0,,8,1,0,1,0,,11,2,1,1,0,,15,Not Available,5,10,4,
061303,EAST MORGAN COUNTY HOSPITAL,2400 W EDISON ST,BRUSH,CO,80723,MORGAN,(970) 842-6222,Critical Access Hospitals,Voluntary non-profit - Private,Yes,Y,Not Available,16,8,2,0,2,0,,8,Not Available,Not Available,Not Available,Not Available,5,11,3,0,3,0,,15,Not Available,5,10,6,
061304,HAXTUN HOSPITAL DISTRICT,235 W FLETCHER ST,HAXTUN,CO,80731,PHILLIPS,(970) 774-6123,Critical Access Hospitals,Government - Hospital District or Authority,Yes,,Not Available,16,8,1,0,1,0,,8,1,0,1,0,,11,1,0,1,0,,15,Not Available,5,10,2,
061305,MELISSA MEMORIAL HOSPITAL,1001 E JOHNSON ST,HOLYOKE,CO,80734,PHILLIPS,(970) 854-2241,Critical Access Hospitals,Government - Hospital District or Authority,Yes,,Not Available,16,8,1,0,1,0,,8,Not Available,Not Available,Not Available,Not Available,5,11,1,0,1,0,,15,Not Available,5,10,5,
061306,LINCOLN HEALTH HOSPITAL,111 6TH ST,HUGO,CO,80821,LINCOLN,(719) 743-2421,Critical Access Hospitals,Voluntary non-profit - Other,Yes,,Not Available,16,8,3,0,3,0,,8,Not Available,Not Available,Not Available,Not Available,5,11,2,0,1,1,,15,Not Available,5,10,3,
061307,RANGELY DISTRICT HOSPITAL,225 EAGLE CREST ST,RANGELY,CO,81648,RIO BLANCO,(970) 675-5011,Critical Access Hospitals,Government - Hospital District or Authority,Yes,,Not Available,16,8,Not Available,Not Available,Not Available,Not Available,5,8,Not Available,Not Available,Not Available,Not Available,5,11,Not Available,Not Available,Not Available,Not Available,5,15,Not Available,5,10,1,
061308,SAN LUIS VALLEY HEALTH CONEJOS COUNTY HOSPITAL,19021 US HIGHWAY 285,LA JARA,CO,81140,CONEJOS,(719) 274-5121,Critical Access Hospitals,Voluntary non-profit - Private,No,,Not Available,16,8,Not Available,Not Available,Not Available,Not Available,5,8,Not Available,Not Available,Not Available,Not Available,5,11,1,0,1,0,,15,Not Available,5,10,5,
061309,WRAY COMMUNITY DISTRICT HOSPITAL,1017 W 7TH ST,WRAY,CO,80758,YUMA,(970) 332-4811,Critical Access Hospitals,Government - Hospital District or Authority,Yes,Y,Not Available,16,8,1,0,1,0,,8,1,0,1,0,,11,4,0,4,0,,15,5,,10,5,
061310,SEDGWICK COUNTY MEMORIAL HOSPITAL,900 CEDAR ST,JULESBURG,CO,80737,SEDGWICK,(970) 474-3323,Critical Access Hospitals,Government - Local,Yes,,Not Available,16,8,1,0,1,0,,8,Not Available,Not Available,Not Available,Not Available,5,11,2,0,2,0,,15,Not Available,5,10,4,
061311,SOUTHEAST COLORADO HOSPITAL DISTRICT,373 E TENTH AVE,SPRINGFIELD,CO,81073,BACA,(719) 523-4501,Critical Access Hospitals,Government - Hospital District or Authority,Yes,,Not Available,16,8,2,0,2,0,,8,Not Available,Not Available,Not Available,Not Available,5,11,2,0,2,0,,15,Not Available,5,10,5,
061312,ESTES PARK MEDICAL CENTER,555 PROSPECT AVE,ESTES PARK,CO,80517,LARIMER,(970) 577-4470,Critical Access Hospitals,Government - Hospital District or Authority,Yes,,Not Available,16,8,1,0,1,0,,8,Not Available,Not Available,Not Available,Not Available,5,11,2,0,2,0,,15,Not Available,5,10,3,
061313,KIT CARSON COUNTY MEMORIAL HOSPITAL,286 16TH ST,BURLINGTON,CO,80807,KIT CARSON,(719) 346-4824,Critical Access Hospitals,Government - Hospital District or Authority,Yes,,Not Available,16,8,1,0,1,0,,8,Not Available,Not Available,Not Available,Not Available,5,11,1,0,1,0,,15,Not Available,5,10,5,
061314,"MEMORIAL HOSPITAL, THE",750 HOSPITAL LOOP,CRAIG,CO,81625,MOFFAT,(970) 824-9411,Critical Access Hospitals,Government - Local,Yes,,Not Available,16,8,2,0,2,0,,8,Not Available,Not Available,Not Available,Not Available,5,11,4,0,4,0,,15,Not Available,5,10,5,
061315,YUMA DISTRICT HOSPITAL,1000 W 8TH AVE,YUMA,CO,80759,YUMA,(970) 848-5405,Critical Access Hospitals,Government - Hospital District or Authority,Yes,,Not Available,16,8,1,0,1,0,,8,Not Available,Not Available,Not Available,Not Available,5,11,1,0,1,0,,15,Not Available,5,10,3,
061316,SPANISH PEAKS REGIONAL HEALTH CENTER,23500 US HIGHWAY 160,WALSENBURG,CO,81089,HUERFANO,(719) 738-5100,Critical Access Hospitals,Government - Hospital District or Authority,Yes,,Not Available,16,8,1,0,1,0,,8,1,0,1,0,,11,2,0,2,0,,15,Not Available,5,10,5,
061317,GRAND RIVER HOSPITAL DISTRICT,501 AIRPORT RD,RIFLE,CO,81650,GARFIELD,(970) 625-1510,Critical Access Hospitals,Government - Hospital District or Authority,Yes,,Not Available,16,8,1,0,1,0,,8,1,0,1,0,,11,2,0,2,0,,15,5,,10,8,
061318,MIDDLE PARK MEDICAL CENTER,214 S 4TH ST,KREMMLING,CO,80459,GRAND,(970) 724-3442,Critical Access Hospitals,Government - Hospital District or Authority,Yes,,Not Available,16,8,Not Available,Not Available,Not Available,Not Available,5,8,Not Available,Not Available,Not Available,Not Available,5,11,2,0,2,0,,15,5,,10,5,
061319,ST VINCENT GENERAL HOSPITAL DISTRICT,816 W 4TH ST,LEADVILLE,CO,80461,LAKE,(719) 486-0230,Critical Access Hospitals,Government - Hospital District or Authority,Yes,,Not Available,16,8,Not Available,Not Available,Not Available,Not Available,5,8,Not Available,Not Available,Not Available,Not Available,5,11,1,0,1,0,,15,Not Available,5,10,2,
061320,GUNNISON VALLEY HOSPITAL,711 N TAYLOR ST,GUNNISON,CO,81230,GUNNISON,(970) 641-1456,Critical Access Hospitals,Government - Local,Yes,,Not Available,16,8,1,0,1,0,,8,Not Available,Not Available,Not Available,Not Available,5,11,5,0,5,0,,15,Not Available,5,10,5,
061321,MT SAN RAFAEL HOSPITAL,410 BENEDICTA AVE,TRINIDAD,CO,81082,LAS ANIMAS,(719) 846-9213,Critical Access Hospitals,Voluntary non-profit - Private,Yes,,5,,8,3,0,3,0,,8,Not Available,Not Available,Not Available,Not Available,5,11,3,1,2,0,,15,Not Available,5,10,6,
061322,HEART OF THE ROCKIES REGIONAL MEDICAL CENTER,1000 RUSH DR,SALIDA,CO,81201,CHAFFEE,(719) 530-2200,Critical Access Hospitals,Government - Hospital District or Authority,Yes,,1,,8,4,0,4,0,,8,1,0,1,0,,11,7,1,6,0,,15,15,,10,4,
061323,PROWERS MEDICAL CENTER,401 KENDALL DR,LAMAR,CO,81052,PROWERS,(719) 336-4343,Critical Access Hospitals,Government - Hospital District or Authority,Yes,,Not Available,16,8,Not Available,Not Available,Not Available,Not Available,5,8,Not Available,Not Available,Not Available,Not Available,5,11,2,0,2,0,,15,5,,10,2,
061324,ASPEN VALLEY HOSPITAL,401 CASTLE CREEK RD,ASPEN,CO,81611,PITKIN,(970) 544-1261,Critical Access Hospitals,Government - Hospital District or Authority,Yes,Y,Not Available,16,8,2,0,2,0,,8,Not Available,Not Available,Not Available,Not Available,5,11,4,1,3,0,,15,10,,10,4,
061325,EASTERN RIO BLANCO COUNTY HEALTH SERVICE DISTRICT,100 PIONEERS MEDICAL CENTER DR,MEEKER,CO,81641,RIO BLANCO,(970) 878-5047,Critical Access Hospitals,Government - Hospital District or Authority,Yes,,Not Available,16,8,2,0,2,0,,8,1,0,1,0,,11,3,0,3,0,,15,5,,10,2,
061326,UCHEALTH PIKES PEAK REGIONAL HOSPITAL,16420 W US HIGHWAY 24,WOODLAND PARK,CO,80863,TELLER,(719) 374-6060,Critical Access Hospitals,Voluntary non-profit - Private,Yes,,Not Available,16,8,2,0,2,0,,8,Not Available,Not Available,Not Available,Not Available,5,11,4,0,4,0,,15,5,,10,6,
061327,SOUTHWEST MEMORIAL HOSPITAL,1311 N MILDRED RD,CORTEZ,CO,81321,MONTEZUMA,(970) 565-6666,Critical Access Hospitals,Voluntary non-profit - Private,Yes,Y,4,,8,4,0,4,0,,8,1,0,1,0,,11,5,1,4,0,,15,10,,10,6,
061328,PAGOSA SPRINGS MEDICAL CENTER,95 S PAGOSA BLVD,PAGOSA SPRINGS,CO,81147,ARCHULETA,(970) 731-3700,Critical Access Hospitals,Government - Hospital District or Authority,Yes,,Not Available,16,8,Not Available,Not Available,Not Available,Not Available,5,8,Not Available,Not Available,Not Available,Not Available,5,11,2,0,2,0,,15,Not Available,5,10,4,
061336,ARKANSAS VALLEY REGIONAL MEDICAL CENTER,1100 CARSON AVENUE,LAJUNA,CO,81050,OTERO,(719) 363-1428,Critical Access Hospitals,Voluntary non-profit - Private,Yes,,Not Available,5,8,Not Available,Not Available,Not Available,Not Available,5,8,Not Available,Not Available,Not Available,Not Available,5,11,Not Available,Not Available,Not Available,Not Available,5,15,Not Available,5,10,Not Available,5
061343,KEEFE MEMORIAL HOSPITAL,602 N 6TH ST W,CHEYENNE WELLS,CO,80810,CHEYENNE,(719) 767-5661,Critical Access Hospitals,Government - Hospital District or Authority,Yes,,Not Available,16,8,Not Available,Not Available,Not Available,Not Available,5,8,Not Available,Not Available,Not Available,Not Available,5,11,Not Available,Not Available,Not Available,Not Available,5,15,Not Available,5,10,2,
061344,ST THOMAS MORE HOSPITAL,1338 PHAY AVE,CANON CITY,CO,81212,FREMONT,(719) 285-2000,Critical Access Hospitals,Voluntary non-profit - Private,Yes,Y,4,,8,4,0,4,0,,8,1,0,1,0,,11,6,1,5,0,,15,15,,10,8,
063301,CHILDREN'S HOSPITAL COLORADO,13123 E 16TH AVE,AURORA,CO,80045,ADAMS,(720) 777-1234,Childrens,Voluntary non-profit - Private,Yes,,Not Available,19,Not Available,Not Available,Not Available,Not Available,Not Available,19,Not Available,Not Available,Not Available,Not Available,Not Available,19,Not Available,Not Available,Not Available,Not Available,Not Available,19,Not Available,Not Available,19,Not Available,Not Available,19
063303,CHILDREN'S HOSPITAL COLORADO - COLORADO SPRINGS,4090 BRIARGATE PKWY,COLORADO SPRINGS,CO,80920,EL PASO,(719) 305-9590,Childrens,Voluntary non-profit - Private,Yes,,Not Available,19,Not Available,Not Available,Not Available,Not Available,Not Available,19,Not Available,Not Available,Not Available,Not Available,Not Available,19,Not Available,Not Available,Not Available,Not Available,Not Available,19,Not Available,Not Available,19,Not Available,Not Available,19
064001,COLORADO MENTAL HEALTH HOSPITAL IN PUEBLO,1600 W 24TH ST,PUEBLO,CO,81003,PUEBLO,(719) 546-4747,Psychiatric,Government - State,Yes,,Not Available,19,Not Available,Not Available,Not Available,Not Available,Not Available,19,Not Available,Not Available,Not Available,Not Available,Not Available,19,Not Available,Not Available,Not Available,Not Available,Not Available,19,Not Available,Not Available,19,Not Available,Not Available,19
064003,COLORADO MENTAL HEALTH HOSPITAL IN FORT LOGAN,3520 W OXFORD AVE,DENVER,CO,80236,DENVER,(303) 866-7080,Psychiatric,Voluntary non-profit - Other,No,,Not Available,19,Not Available,Not Available,Not Available,Not Available,Not Available,19,Not Available,Not Available,Not Available,Not Available,Not Available,19,Not Available,Not Available,Not Available,Not Available,Not Available,19,Not Available,Not Available,19,Not Available,Not Available,19
064007,CENTENNIAL PEAKS HOSPITAL,2255 S 88TH ST,LOUISVILLE,CO,80027,BOULDER,(303) 673-9990,Psychiatric,Government - Hospital District or Authority,No,,Not Available,19,Not Available,Not Available,Not Available,Not Available,Not Available,19,Not Available,Not Available,Not Available,Not Available,Not Available,19,Not Available,Not Available,Not Available,Not Available,Not Available,19,Not Available,Not Available,19,Not Available,Not Available,19
064009,CEDAR SPRINGS HOSPITAL,2135 SOUTHGATE RD,COLORADO SPRINGS,CO,80906,EL PASO,(719) 633-4114,Psychiatric,Proprietary,Yes,,Not Available,19,Not Available,Not Available,Not Available,Not Available,Not Available,19,Not Available,Not Available,Not Available,Not Available,Not Available,19,Not Available,Not Available,Not Available,Not Available,Not Available,19,Not Available,Not Available,19,Not Available,Not Available,19
064024,HIGHLANDS BEHAVIORAL HEALTH SYSTEM,8565 S POPLAR WY,LITTLETON,CO,80130,DOUGLAS,(720) 348-2801,Psychiatric,Proprietary,No,,Not Available,19,Not Available,Not Available,Not Available,Not Available,Not Available,19,Not Available,Not Available,Not Available,Not Available,Not Available,19,Not Available,Not Available,Not Available,Not Available,Not Available,19,Not Available,Not Available,19,Not Available,Not Available,19
064026,PEAK VIEW BEHAVIORAL HEALTH,7353 SISTERS GRV,COLORADO SPRINGS,CO,80923,EL PASO,(719) 444-8484,Psychiatric,Proprietary,Yes,,Not Available,19,Not Available,Not Available,Not Available,Not Available,Not Available,19,Not Available,Not Available,Not Available,Not Available,Not Available,19,Not Available,Not Available,Not Available,Not Available,Not Available,19,Not Available,Not Available,19,Not Available,Not Available,19
064028,DENVER SPRINGS,8835 AMERICAN WY,ENGLEWOOD,CO,80112,ARAPAHOE,(720) 643-4300,Psychiatric,Proprietary,No,,Not Available,19,Not Available,Not Available,Not Available,Not Available,Not Available,19,Not Available,Not Available,Not Available,Not Available,Not Available,19,Not Available,Not Available,Not Available,Not Available,Not Available,19,Not Available,Not Available,19,Not Available,Not Available,19
064029,JOHNSTOWN HEIGHTS BEHAVIORAL HEALTH,4770 LARIMER PKWY,JOHNSTOWN,CO,80534,WELD,(970) 323-7709,Psychiatric,Proprietary,No,,Not Available,19,Not Available,Not Available,Not Available,Not Available,Not Available,19,Not Available,Not Available,Not Available,Not Available,Not Available,19,Not Available,Not Available,Not Available,Not Available,Not Available,19,Not Available,Not Available,19,Not Available,Not Available,19
064030,WEST PINES BEHAVIORAL HOSPITAL,11455 HURON ST,WESTMINSTER,CO,80234,ADAMS,(615) 861-6000,Psychiatric,Proprietary,No,,Not Available,19,Not Available,Not Available,Not Available,Not Available,Not Available,19,Not Available,Not Available,Not Available,Not Available,Not Available,19,Not Available,Not Available,Not Available,Not Available,Not Available,19,Not Available,Not Available,19,Not Available,Not Available,19
070002,ST FRANCIS HOSPITAL & MEDICAL CENTER,114 WOODLAND STREET & 500 BLUE HILLS AVENUE,HARTFORD,CT,06105,HARTFORD,(860) 714-5541,Acute Care Hospitals,Voluntary non-profit - Church,Yes,Y,2,,8,8,0,7,1,,8,8,2,5,1,,11,11,1,9,1,,15,15,,10,8,
070003,DAY KIMBALL HOSPITAL,320 POMFRET STREET,PUTNAM,CT,06260,WINDHAM,(860) 928-6541,Acute Care Hospitals,Voluntary non-profit - Private,Yes,Y,2,,8,5,0,5,0,,8,3,0,3,0,,11,8,0,6,2,,15,15,,10,8,
070004,SHARON HOSPITAL,50 HOSPITAL HILL ROAD,SHARON,CT,06069,LITCHFIELD,(860) 364-4228,Acute Care Hospitals,Proprietary,Yes,Y,5,,8,5,0,5,0,,8,3,0,3,0,,11,7,0,5,2,,15,15,,10,8,
070005,WATERBURY HOSPITAL,64 ROBBINS ST,WATERBURY,CT,06721,NEW HAVEN,(203) 573-6000,Acute Care Hospitals,Proprietary,Yes,Y,2,,8,8,1,7,0,,8,6,2,4,0,,11,8,1,7,0,,15,15,,10,9,
070006,STAMFORD HOSPITAL,ONE HOSPITAL PLAZA,STAMFORD,CT,06904,FAIRFIELD,(203) 276-1000,Acute Care Hospitals,Voluntary non-profit - Private,Yes,Y,5,,8,8,0,8,0,,8,8,3,5,0,,11,11,2,9,0,,15,15,,10,10,
070007,LAWRENCE & MEMORIAL HOSPITAL,365 MONTAUK AVE,NEW LONDON,CT,06320,NEW LONDON,(860) 442-0711,Acute Care Hospitals,Voluntary non-profit - Private,Yes,Y,3,,8,7,0,7,0,,8,6,3,3,0,,11,9,0,6,3,,15,15,,10,9,
070008,JOHNSON MEMORIAL HOSPITAL,201 CHESTNUT HILL ROAD,STAFFORD SPRINGS,CT,06076,TOLLAND,(860) 684-4251,Acute Care Hospitals,Voluntary non-profit - Private,Yes,,3,,8,4,0,4,0,,8,2,0,2,0,,11,6,0,5,1,,15,15,,10,7,
070010,BRIDGEPORT HOSPITAL,267 GRANT STREET,BRIDGEPORT,CT,06610,FAIRFIELD,(203) 384-3000,Acute Care Hospitals,Voluntary non-profit - Private,Yes,Y,4,,8,8,2,6,0,,8,8,3,5,0,,11,11,1,9,1,,15,15,,10,9,
070011,CHARLOTTE HUNGERFORD HOSPITAL,540 LITCHFIELD ST,TORRINGTON,CT,06790,LITCHFIELD,(860) 496-6666,Acute Care Hospitals,Voluntary non-profit - Private,Yes,Y,3,,8,5,0,5,0,,8,6,1,5,0,,11,8,0,7,1,,15,15,,10,9,
070016,SAINT MARY'S HOSPITAL,56 FRANKLIN STREET,WATERBURY,CT,06706,NEW HAVEN,(203) 709-6020,Acute Care Hospitals,Voluntary non-profit - Church,Yes,Y,3,,8,7,0,7,0,,8,6,2,4,0,,11,9,0,9,0,,15,15,,10,9,
070017,MIDSTATE MEDICAL CENTER,435 LEWIS AVENUE,MERIDEN,CT,06450,NEW HAVEN,(203) 694-8200,Acute Care Hospitals,Voluntary non-profit - Private,Yes,Y,4,,8,7,0,7,0,,8,7,3,4,0,,11,7,1,6,0,,15,15,,10,8,
070018,GREENWICH HOSPITAL ASSOCIATION -,5 PERRYRIDGE RD,GREENWICH,CT,06830,FAIRFIELD,(203) 863-3000,Acute Care Hospitals,Voluntary non-profit - Private,Yes,Y,5,,8,7,3,4,0,,8,7,1,6,0,,11,10,1,6,3,,15,15,,10,9,
070020,MIDDLESEX HOSPITAL,28 CRESCENT ST,MIDDLETOWN,CT,06457,MIDDLESEX,(860) 344-6000,Acute Care Hospitals,Voluntary non-profit - Private,Yes,Y,3,,8,7,0,7,0,,8,7,1,5,1,,11,7,0,5,2,,15,15,,10,9,
070021,WINDHAM COMMUNITY MEMORIAL HOSPITAL,112 MANSFIELD AVENUE,WILLIMANTIC,CT,06226,WINDHAM,(860) 456-9116,Acute Care Hospitals,Voluntary non-profit - Private,Yes,,3,,8,5,0,5,0,,8,2,0,2,0,,11,8,0,8,0,,15,15,,10,9,
070022,YALE-NEW HAVEN HOSPITAL,20 YORK ST,NEW HAVEN,CT,06504,NEW HAVEN,(203) 688-4242,Acute Care Hospitals,Voluntary non-profit - Private,Yes,Y,5,,8,8,4,4,0,,8,8,4,4,0,,11,11,3,5,3,,15,15,,10,8,
070024,WILLIAM W BACKUS HOSPITAL,326 WASHINGTON ST,NORWICH,CT,06360,NEW LONDON,(860) 889-8331,Acute Care Hospitals,Voluntary non-profit - Other,Yes,Y,4,,8,7,1,6,0,,8,7,1,6,0,,11,9,0,8,1,,15,15,,10,10,
070025,HARTFORD HOSPITAL,80 SEYMOUR STREET,HARTFORD,CT,06102,HARTFORD,(860) 545-5000,Acute Care Hospitals,Voluntary non-profit - Private,Yes,Y,4,,8,8,2,6,0,,8,8,5,3,0,,11,11,1,7,3,,15,15,,10,8,
070027,MANCHESTER MEMORIAL HOSPITAL,71 HAYNES ST,MANCHESTER,CT,06040,HARTFORD,(860) 647-4780,Acute Care Hospitals,Proprietary,Yes,Y,4,,8,5,1,4,0,,8,7,2,5,0,,11,7,0,7,0,,15,15,,10,7,
070028,ST VINCENT'S MEDICAL CENTER,2800 MAIN ST,BRIDGEPORT,CT,06606,FAIRFIELD,(203) 576-5551,Acute Care Hospitals,Voluntary non-profit - Private,Yes,Y,4,,8,8,1,7,0,,8,7,1,6,0,,11,11,0,10,1,,15,15,,10,8,
070029,BRISTOL HOSPITAL,41 BREWSTER RD,BRISTOL,CT,06010,HARTFORD,(860) 585-3000,Acute Care Hospitals,Voluntary non-profit - Private,Yes,Y,2,,8,5,0,5,0,,8,4,0,4,0,,11,8,0,7,1,,15,15,,10,9,
070031,GRIFFIN HOSPITAL,130 DIVISION ST,DERBY,CT,06418,NEW HAVEN,(203) 732-7500,Acute Care Hospitals,Voluntary non-profit - Other,Yes,Y,4,,8,5,0,5,0,,8,7,1,6,0,,11,7,0,4,3,,15,15,,10,8,
070033,DANBURY HOSPITAL,24 HOSPITAL AVE,DANBURY,CT,06810,FAIRFIELD,(203) 739-7000,Acute Care Hospitals,Voluntary non-profit - Private,Yes,Y,4,,8,8,0,8,0,,8,8,4,4,0,,11,11,1,7,3,,15,15,,10,9,
070034,NORWALK HOSPITAL,24 STEVENS STREET,NORWALK,CT,06856,FAIRFIELD,(203) 852-2000,Acute Care Hospitals,Voluntary non-profit - Private,Yes,Y,3,,8,7,1,6,0,,8,6,1,5,0,,11,9,0,8,1,,15,15,,10,8,
070035,THE HOSPITAL OF CENTRAL CONNECTICUT,100 GRAND STREET,NEW BRITAIN,CT,06050,HARTFORD,(860) 224-5011,Acute Care Hospitals,Voluntary non-profit - Other,Yes,Y,2,,8,7,0,7,0,,8,7,3,4,0,,11,8,0,6,2,,15,15,,10,8,
070036,JOHN DEMPSEY HOSPITAL OF THE UNIVERSITY OF CONNECT,263 FARMINGTON AVE,FARMINGTON,CT,06032,HARTFORD,(860) 679-1145,Acute Care Hospitals,Government - Local,Yes,Y,3,,8,7,1,5,1,,8,6,1,5,0,,11,9,0,7,2,,15,15,,10,8,
070038,THE CONNECTICUT HOSPICE INC.,100 DOUBLE BEACH ROAD,BRANFORD,CT,06405,NEW HAVEN,(203) 315-7500,Acute Care Hospitals,Voluntary non-profit - Private,No,,Not Available,16,8,Not Available,Not Available,Not Available,Not Available,5,8,Not Available,Not Available,Not Available,Not Available,5,11,Not Available,Not Available,Not Available,Not Available,5,15,Not Available,5,10,1,
07003F,WEST HAVEN VA MEDICAL CENTER,950 CAMPBELL AVENUE,WEST HAVEN,CT,06516,NEW HAVEN,(203) 932-5711,Acute Care - Veterans Administration,Veterans Health Administration,Yes,,3,,8,5,1,4,0,,8,3,0,3,0,,11,5,1,2,2,,15,10,,10,5,
073300,CONNECTICUT CHILDRENS MEDICAL CENTER,282 WASHINGTON STREET,HARTFORD,CT,06106,HARTFORD,(860) 545-9000,Childrens,Voluntary non-profit - Private,Yes,,Not Available,19,Not Available,Not Available,Not Available,Not Available,Not Available,19,Not Available,Not Available,Not Available,Not Available,Not Available,19,Not Available,Not Available,Not Available,Not Available,Not Available,19,Not Available,Not Available,19,Not Available,Not Available,19
074003,CONNECTICUT VALLEY HOSP,1000 SILVER ST,MIDDLETOWN,CT,06457,MIDDLESEX,(203) 344-2666,Psychiatric,Government - State,No,,Not Available,19,Not Available,Not Available,Not Available,Not Available,Not Available,19,Not Available,Not Available,Not Available,Not Available,Not Available,19,Not Available,Not Available,Not Available,Not Available,Not Available,19,Not Available,Not Available,19,Not Available,Not Available,19
074008,NATCHAUG HOSPITAL,189 STORRS RD,MANSFIELD CENTER,CT,06250,TOLLAND,(860) 456-1311,Psychiatric,Voluntary non-profit - Private,No,,Not Available,19,Not Available,Not Available,Not Available,Not Available,Not Available,19,Not Available,Not Available,Not Available,Not Available,Not Available,19,Not Available,Not Available,Not Available,Not Available,Not Available,19,Not Available,Not Available,19,Not Available,Not Available,19
074011,CONNECTICUT MENTAL HEALTH CENTER,34 PARK STREET,NEW HAVEN,CT,06508,NEW HAVEN,(203) 974-3000,Psychiatric,Government - State,No,,Not Available,19,Not Available,Not Available,Not Available,Not Available,Not Available,19,Not Available,Not Available,Not Available,Not Available,Not Available,19,Not Available,Not Available,Not Available,Not Available,Not Available,19,Not Available,Not Available,19,Not Available,Not Available,19
074012,SOUTHWEST CONNECTICUT MENTAL HEALTH SYSTEM,1635 CENTRAL AVE,BRIDGEPORT,CT,06610,FAIRFIELD,(203) 551-7461,Psychiatric,Government - State,No,,Not Available,19,Not Available,Not Available,Not Available,Not Available,Not Available,19,Not Available,Not Available,Not Available,Not Available,Not Available,19,Not Available,Not Available,Not Available,Not Available,Not Available,19,Not Available,Not Available,19,Not Available,Not Available,19
074014,SILVER HILL HOSPITAL INC,208 VALLEY ROAD,NEW CANAAN,CT,06840,FAIRFIELD,(203) 966-3561,Psychiatric,Government - Federal,No,,Not Available,19,Not Available,Not Available,Not Available,Not Available,Not Available,19,Not Available,Not Available,Not Available,Not Available,Not Available,19,Not Available,Not Available,Not Available,Not Available,Not Available,19,Not Available,Not Available,19,Not Available,Not Available,19
074015,ALBERT J SOLNIT CHILDREN'S CENTER - SOUTH CAMPUS,915 RIVER ROAD,MIDDLETOWN,CT,06457,MIDDLESEX,(860) 704-4090,Psychiatric,Government - State,No,,Not Available,19,Not Available,Not Available,Not Available,Not Available,Not Available,19,Not Available,Not Available,Not Available,Not Available,Not Available,19,Not Available,Not Available,Not Available,Not Available,Not Available,19,Not Available,Not Available,19,Not Available,Not Available,19
074016,MASONICARE HEALTH CENTER,22 MASONIC AVE BLDG STURGES,WALLINGFORD,CT,06492,NEW HAVEN,(203) 679-5900,Psychiatric,Voluntary non-profit - Private,No,,Not Available,19,Not Available,Not Available,Not Available,Not Available,Not Available,19,Not Available,Not Available,Not Available,Not Available,Not Available,19,Not Available,Not Available,Not Available,Not Available,Not Available,19,Not Available,Not Available,19,Not Available,Not Available,19
074017,HEBREW HOME AND HOSPITAL,1 ABRAHMS BOULEVARD,WEST HARTFORD,CT,06117,HARTFORD,(860) 218-2300,Psychiatric,Voluntary non-profit - Private,No,,Not Available,19,Not Available,Not Available,Not Available,Not Available,Not Available,19,Not Available,Not Available,Not Available,Not Available,Not Available,19,Not Available,Not Available,Not Available,Not Available,Not Available,19,Not Available,Not Available,19,Not Available,Not Available,19
080001,CHRISTIANA HOSPITAL,4755 OGLETOWN-STANTON ROAD,NEWARK,DE,19718,NEW CASTLE,(302) 733-3609,Acute Care Hospitals,Voluntary non-profit - Private,Yes,Y,4,,8,8,4,4,0,,8,8,4,4,0,,11,11,2,8,1,,15,15,,10,10,
080003,ST FRANCIS HOSPITAL,7TH AND CLAYTON STS,WILMINGTON,DE,19805,NEW CASTLE,(302) 421-4100,Acute Care Hospitals,Voluntary non-profit - Private,Yes,Y,3,,8,6,0,6,0,,8,4,0,4,0,,11,6,1,5,0,,15,15,,10,7,
080004,"BAYHEALTH MEDICAL CENTER, KENT CAMPUS",640 S STATE STREET,DOVER,DE,19901,KENT,(302) 744-7001,Acute Care Hospitals,Voluntary non-profit - Private,Yes,Y,2,,8,8,0,8,0,,8,7,2,5,0,,11,11,0,8,3,,15,15,,10,9,
080006,"TIDALHEALTH NANTICOKE, INC.",801 MIDDLEFORD RD,SEAFORD,DE,19973,SUSSEX,(302) 629-6611,Acute Care Hospitals,Voluntary non-profit - Private,Yes,Y,3,,8,7,0,6,1,,8,5,0,5,0,,11,9,1,8,0,,15,15,,10,9,
080007,BEEBE MEDICAL CENTER,424 SAVANNAH RD,LEWES,DE,19958,SUSSEX,(302) 645-3300,Acute Care Hospitals,Voluntary non-profit - Private,Yes,Y,3,,8,8,0,8,0,,8,7,1,5,1,,11,11,3,8,0,,15,15,,10,10,
080009,"BAYHEALTH HOSPITAL, SUSSEX CAMPUS",100 WELLNESS WAY,MILFORD,DE,19963,SUSSEX,(302) 422-3311,Acute Care Hospitals,Voluntary non-profit - Private,Yes,Y,3,,8,6,0,6,0,,8,7,1,6,0,,11,9,0,8,1,,15,15,,10,8,
08002F,WILMINGTON VA MEDICAL CENTER,1601 KIRKWOOD HIGHWAY,WILMINGTON,DE,19805,NEW CASTLE,(302) 994-2511,Acute Care - Veterans Administration,Veterans Health Administration,Yes,,4,,8,3,0,3,0,,8,1,0,1,0,,11,4,1,3,0,,15,10,,10,4,
083300,"NEMOURS CHILDREN'S HOSPITAL, DELAWARE",1600 ROCKLAND RD PO BOX 269,WILMINGTON,DE,19899,NEW CASTLE,(302) 651-4000,Childrens,Voluntary non-profit - Private,Yes,,Not Available,19,Not Available,Not Available,Not Available,Not Available,Not Available,19,Not Available,Not Available,Not Available,Not Available,Not Available,19,Not Available,Not Available,Not Available,Not Available,Not Available,19,Not Available,Not Available,19,Not Available,Not Available,19
084001,DELAWARE PSYCHIATRIC CENTER,1901 N DUPONT HIGHWAY,NEW CASTLE,DE,19720,NEW CASTLE,(302) 255-2700,Psychiatric,Government - State,No,,Not Available,19,Not Available,Not Available,Not Available,Not Available,Not Available,19,Not Available,Not Available,Not Available,Not Available,Not Available,19,Not Available,Not Available,Not Available,Not Available,Not Available,19,Not Available,Not Available,19,Not Available,Not Available,19
084002,ROCKFORD CENTER,100 ROCKFORD DRIVE,NEWARK,DE,19713,NEW CASTLE,(302) 996-5480,Psychiatric,Proprietary,Yes,,Not Available,19,Not Available,Not Available,Not Available,Not Available,Not Available,19,Not Available,Not Available,Not Available,Not Available,Not Available,19,Not Available,Not Available,Not Available,Not Available,Not Available,19,Not Available,Not Available,19,Not Available,Not Available,19
084003,MEADOWWOOD BEHAVIORAL HEALTH SYSTEM,575 SOUTH DUPONT HIGHWAY,NEW CASTLE,DE,19720,NEW CASTLE,(302) 328-3330,Psychiatric,Proprietary,No,,Not Available,19,Not Available,Not Available,Not Available,Not Available,Not Available,19,Not Available,Not Available,Not Available,Not Available,Not Available,19,Not Available,Not Available,Not Available,Not Available,Not Available,19,Not Available,Not Available,19,Not Available,Not Available,19
084004,DOVER BEHAVIORAL HEALTH SYSTEM,725 HORSEPOND ROAD,DOVER,DE,19901,KENT,(302) 741-0140,Psychiatric,Proprietary,No,,Not Available,19,Not Available,Not Available,Not Available,Not Available,Not Available,19,Not Available,Not Available,Not Available,Not Available,Not Available,19,Not Available,Not Available,Not Available,Not Available,Not Available,19,Not Available,Not Available,19,Not Available,Not Available,19
084005,SUN BEHAVIORAL DELAWARE LLC,21655 BIDEN AVENUE,GEORGETOWN,DE,19947,SUSSEX,(302) 448-8415,Psychiatric,Proprietary,No,,Not Available,19,Not Available,Not Available,Not Available,Not Available,Not Available,19,Not Available,Not Available,Not Available,Not Available,Not Available,19,Not Available,Not Available,Not Available,Not Available,Not Available,19,Not Available,Not Available,19,Not Available,Not Available,19
090001,GEORGE WASHINGTON UNIV HOSPITAL,900 23RD ST NW,WASHINGTON,DC,20037,THE DISTRICT,(202) 716-4605,Acute Care Hospitals,Proprietary,Yes,Y,2,,8,8,0,8,0,,8,8,2,5,1,,11,11,0,9,2,,15,15,,10,8,
090003,HOWARD UNIVERSITY HOSPITAL CORP,2041 GEORGIA AVE NW,WASHINGTON,DC,20060,THE DISTRICT,(202) 745-6100,Acute Care Hospitals,Voluntary non-profit - Other,No,Y,1,,8,7,0,7,0,,8,6,0,5,1,,11,6,0,4,2,,15,15,,10,7,
090004,MEDSTAR GEORGETOWN UNIVERSITY HOSPITAL,3800 RESERVOIR RD,WASHINGTON,DC,20007,THE DISTRICT,(202) 784-3000,Acute Care Hospitals,Proprietary,Yes,Y,3,,8,6,0,6,0,,8,7,3,4,0,,11,9,0,8,1,,15,15,,10,8,
090005,SIBLEY MEMORIAL HOSPITAL,5255 LOUGHBORO RD NW,WASHINGTON,DC,20016,THE DISTRICT,(202) 537-4680,Acute Care Hospitals,Voluntary non-profit - Other,Yes,Y,5,,8,7,1,6,0,,8,8,2,6,0,,11,9,0,9,0,,15,15,,10,8,
090008,UNITED MEDICAL CENTER,1310 SOUTHERN AVENUE  SE,WASHINGTON,DC,20032,THE DISTRICT,(202) 574-6000,Acute Care Hospitals,Proprietary,Yes,,3,,8,4,0,4,0,,8,4,0,4,0,,11,5,0,5,0,,15,Not Available,5,10,7,
090011,MEDSTAR WASHINGTON HOSPITAL CENTER,110 IRVING STREET NW,WASHINGTON,DC,20010,THE DISTRICT,(202) 877-7000,Acute Care Hospitals,Voluntary non-profit - Other,Yes,Y,3,,8,8,4,4,0,,8,8,3,5,0,,11,11,0,9,2,,15,15,,10,8,
09002F,WASHINGTON DC VA MEDICAL CENTER,50 IRVING STREET N.W.,WASHINGTON,DC,20422,THE DISTRICT,(202) 745-8000,Acute Care - Veterans Administration,Veterans Health Administration,Yes,,3,,8,5,3,2,0,,8,4,0,3,1,,11,6,1,3,2,,15,10,,10,5,
093300,CHILDREN'S NATIONAL HOSPITAL,"111 MICHIGAN AVE, NW",WASHINGTON,DC,20010,THE DISTRICT,(202) 476-5000,Childrens,Voluntary non-profit - Private,Yes,,Not Available,19,Not Available,Not Available,Not Available,Not Available,Not Available,19,Not Available,Not Available,Not Available,Not Available,Not Available,19,Not Available,Not Available,Not Available,Not Available,Not Available,19,Not Available,Not Available,19,Not Available,Not Available,19
094001,ST ELIZABETHS HOSPITAL,"1100 ALABAMA AVENUE, SE",WASHINGTON,DC,20032,THE DISTRICT,(202) 299-5500,Psychiatric,Government - State,No,,Not Available,19,Not Available,Not Available,Not Available,Not Available,Not Available,19,Not Available,Not Available,Not Available,Not Available,Not Available,19,Not Available,Not Available,Not Available,Not Available,Not Available,19,Not Available,Not Available,19,Not Available,Not Available,19
094004,PSYCHIATRIC INSTITUTE OF WASHINGTON,"4228 WISCONSIN AVENUE, NW",WASHINGTON,DC,20016,THE DISTRICT,(202) 885-5600,Psychiatric,Voluntary non-profit - Private,No,,Not Available,19,Not Available,Not Available,Not Available,Not Available,Not Available,19,Not Available,Not Available,Not Available,Not Available,Not Available,19,Not Available,Not Available,Not Available,Not Available,Not Available,19,Not Available,Not Available,19,Not Available,Not Available,19
100001,SHANDS JACKSONVILLE,655 W 8TH ST,JACKSONVILLE,FL,32209,DUVAL,(904) 244-4000,Acute Care Hospitals,Voluntary non-profit - Private,Yes,Y,4,,8,8,1,7,0,,8,7,1,6,0,,11,10,0,10,0,,15,15,,10,9,
100002,BETHESDA HOSPITAL EAST,2815 S SEACREST BLVD,BOYNTON BEACH,FL,33435,PALM BEACH,(561) 737-7733,Acute Care Hospitals,Voluntary non-profit - Private,Yes,Y,2,,8,8,1,6,1,,8,7,2,5,0,,11,11,1,8,2,,15,15,,10,7,
100006,ORLANDO HEALTH,52 W UNDERWOOD ST,ORLANDO,FL,32806,ORANGE,(321) 841-5111,Acute Care Hospitals,Voluntary non-profit - Private,Yes,Y,4,,8,8,3,5,0,,8,8,4,4,0,,11,11,2,5,4,,15,15,,10,8,
100007,ADVENTHEALTH ORLANDO,601 E ROLLINS ST,ORLANDO,FL,32803,ORANGE,(407) 303-1976,Acute Care Hospitals,Voluntary non-profit - Private,Yes,Y,3,,8,8,6,2,0,,8,8,5,3,0,,11,11,0,4,7,,15,15,,10,10,
100008,BAPTIST HOSPITAL OF MIAMI,8900 N KENDALL DR,MIAMI,FL,33176,MIAMI-DADE,(786) 596-1960,Acute Care Hospitals,Voluntary non-profit - Private,Yes,Y,5,,8,8,3,5,0,,8,7,3,4,0,,11,10,0,7,3,,15,15,,10,9,
100012,LEE MEMORIAL HOSPITAL,2776 CLEVELAND AVE,FORT MYERS,FL,33901,LEE,(239) 343-5000,Acute Care Hospitals,Government - Hospital District or Authority,Yes,Y,5,,8,8,2,6,0,,8,7,4,3,0,,11,11,2,8,1,,15,15,,10,9,
100014,ADVENTHEALTH NEW SMYRNA BEACH,401 PALMETTO ST,NEW SMYRNA BEACH,FL,32170,VOLUSIA,(386) 424-5100,Acute Care Hospitals,Voluntary non-profit - Church,Yes,,4,,8,7,0,7,0,,8,7,1,6,0,,11,10,3,7,0,,15,15,,10,8,
100017,HALIFAX HEALTH MEDICAL CENTER,303 N CLYDE MORRIS BLVD,DAYTONA BEACH,FL,32114,VOLUSIA,(386) 254-4000,Acute Care Hospitals,Government - Hospital District or Authority,Yes,Y,2,,8,8,0,8,0,,8,8,3,5,0,,11,11,2,8,1,,15,15,,10,7,
100018,NAPLES COMMUNITY HOSPITAL,350 7TH ST N,NAPLES,FL,34102,COLLIER,(239) 624-5000,Acute Care Hospitals,Voluntary non-profit - Private,Yes,Y,3,,8,8,1,7,0,,8,8,1,7,0,,11,11,0,10,1,,15,15,,10,9,
100019,HOLMES REGIONAL MEDICAL CENTER,1350 S HICKORY ST,MELBOURNE,FL,32901,BREVARD,(321) 434-7000,Acute Care Hospitals,Voluntary non-profit - Private,Yes,Y,4,,8,8,0,8,0,,8,8,2,6,0,,11,9,2,6,1,,15,15,,10,8,
100022,JACKSON HEALTH SYSTEM,1611 NW 12TH AVE,MIAMI,FL,33136,MIAMI-DADE,(305) 585-1111,Acute Care Hospitals,Government - Hospital District or Authority,Yes,Y,1,,8,7,0,3,4,,8,7,3,3,1,,11,9,0,5,4,,15,15,,10,9,
100023,HCA FLORIDA CITRUS HOSPITAL,502 W HIGHLAND BLVD,INVERNESS,FL,34452,CITRUS,(352) 726-1551,Acute Care Hospitals,Government - Hospital District or Authority,Yes,Y,2,,8,8,0,6,2,,8,7,1,6,0,,11,9,0,8,1,,15,15,,10,8,
100025,SACRED HEART HOSPITAL,5151 N 9TH AVE,PENSACOLA,FL,32504,ESCAMBIA,(850) 416-7000,Acute Care Hospitals,Voluntary non-profit - Private,Yes,Y,4,29,8,8,0,8,0,29,8,7,2,5,0,29,11,11,1,9,1,29,15,10,29,10,8,29
100026,ASCENSION SACRED HEART BAY,615 N BONITA AVE,PANAMA CITY,FL,32401,BAY,(850) 769-1511,Acute Care Hospitals,Voluntary non-profit - Private,Yes,,3,29,8,8,0,8,0,29,8,3,1,2,0,29,11,9,1,8,0,29,15,10,29,10,6,29
100028,PARRISH MEDICAL CENTER,951 N WASHINGTON AVE,TITUSVILLE,FL,32796,BREVARD,(321) 268-6111,Acute Care Hospitals,Government - Hospital District or Authority,Yes,Y,2,,8,7,0,6,1,,8,7,1,6,0,,11,8,1,5,2,,15,15,,10,9,
100029,NORTH SHORE MEDICAL CENTER,1100 NW 95TH ST,MIAMI,FL,33150,MIAMI-DADE,(305) 835-6000,Acute Care Hospitals,Proprietary,Yes,,1,,8,7,0,7,0,,8,6,2,3,1,,11,7,0,4,3,,15,15,,10,7,
100030,ORLANDO HEALTH-HEALTH CENTRAL HOSPITAL,10000 W COLONIAL DR,OCOEE,FL,34761,ORANGE,(407) 296-1000,Acute Care Hospitals,Government - State,Yes,,3,,8,6,1,5,0,,8,7,1,6,0,,11,8,1,6,1,,15,15,,10,7,
100032,ORLANDO HEALTH BAYFRONT HOSPITAL,701 6TH ST S,SAINT PETERSBURG,FL,33701,PINELLAS,(727) 823-1234,Acute Care Hospitals,Voluntary non-profit - Private,Yes,Y,2,,8,7,0,7,0,,8,8,3,5,0,,11,8,0,6,2,,15,15,,10,7,
100034,"MOUNT SINAI MEDICAL CENTER OF FLORIDA, INC",4300 ALTON RD,MIAMI BEACH,FL,33140,MIAMI-DADE,(305) 674-2121,Acute Care Hospitals,Voluntary non-profit - Private,Yes,Y,3,,8,8,1,7,0,,8,7,2,4,1,,11,11,0,9,2,,15,15,,10,8,
100035,MANATEE MEMORIAL HOSPITAL,206 2ND ST E,BRADENTON,FL,34208,MANATEE,(941) 746-5111,Acute Care Hospitals,Proprietary,Yes,Y,3,,8,8,0,6,2,,8,8,1,7,0,,11,9,1,7,1,,15,15,,10,8,
100038,MEMORIAL REGIONAL HOSPITAL,3501 JOHNSON ST,HOLLYWOOD,FL,33021,BROWARD,(954) 987-2000,Acute Care Hospitals,Government - Hospital District or Authority,Yes,Y,3,,8,8,0,8,0,,8,8,3,5,0,,11,11,0,7,4,,15,15,,10,7,
100039,BROWARD HEALTH MEDICAL CENTER,1600 S ANDREWS AVE,FORT LAUDERDALE,FL,33316,BROWARD,(954) 355-4400,Acute Care Hospitals,Government - Hospital District or Authority,Yes,Y,3,,8,8,0,8,0,,8,7,3,4,0,,11,10,0,8,2,,15,15,,10,8,
100040,ASCENSION ST VINCENT'S RIVERSIDE,1 SHIRCLIFF WAY,JACKSONVILLE,FL,32204,DUVAL,(904) 308-7300,Acute Care Hospitals,Voluntary non-profit - Private,Yes,,3,29,8,8,0,8,0,29,8,7,1,6,0,29,11,9,1,7,1,29,15,10,29,10,8,29
100043,MEASE DUNEDIN HOSPITAL,601 MAIN ST,DUNEDIN,FL,34698,PINELLAS,(727) 733-1111,Acute Care Hospitals,Voluntary non-profit - Private,Yes,,4,,8,5,0,5,0,,8,4,0,4,0,,11,6,1,5,0,,15,15,,10,6,
100044,CLEVELAND CLINIC MARTIN NORTH HOSPITAL,200 SE HOSPITAL AVE,STUART,FL,34994,MARTIN,(772) 287-5200,Acute Care Hospitals,Voluntary non-profit - Private,Yes,Y,3,,8,8,1,7,0,,8,7,4,3,0,,11,11,1,7,3,,15,15,,10,10,
100045,ADVENTHEALTH DELAND,701 W PLYMOUTH AVE,DELAND,FL,32720,VOLUSIA,(386) 943-4522,Acute Care Hospitals,Voluntary non-profit - Church,Yes,,4,,8,7,0,7,0,,8,6,2,4,0,,11,7,0,6,1,,15,15,,10,9,
100046,Adventhealth Zephyrhills,7050 GALL BLVD,ZEPHYRHILLS,FL,33541,PASCO,(813) 615-7219,Acute Care Hospitals,Voluntary non-profit - Church,Yes,Y,4,,8,6,0,6,0,,8,5,1,4,0,,11,7,3,3,1,,15,15,,10,7,
100049,HCA FLORIDA HIGHLANDS HOSPITAL,3600 S HIGHLANDS AVE,SEBRING,FL,33870,HIGHLANDS,(863) 385-6101,Acute Care Hospitals,Proprietary,Yes,,3,,8,7,0,7,0,,8,5,1,4,0,,11,6,0,5,1,,15,15,,10,8,
100050,LARKIN COMMUNITY HOSPITAL PALM SPRINGS CAMPUS,1475 W 49TH ST,HIALEAH,FL,33012,MIAMI-DADE,(305) 558-2500,Acute Care Hospitals,Voluntary non-profit - Private,Yes,,4,,8,4,0,4,0,,8,4,0,4,0,,11,4,1,3,0,,15,10,,10,6,
100051,ORLANDO HEALTH SOUTH LAKE HOSPITAL,1900 DON WICKHAM DR,CLERMONT,FL,34711,LAKE,(352) 394-4071,Acute Care Hospitals,Government - Hospital District or Authority,Yes,Y,3,,8,7,2,5,0,,8,7,2,5,0,,11,8,2,5,1,,15,15,,10,9,
100052,WINTER HAVEN HOSPITAL,200 AVE F NE,WINTER HAVEN,FL,33881,POLK,(863) 293-1121,Acute Care Hospitals,Voluntary non-profit - Private,Yes,Y,3,,8,8,0,7,1,,8,6,1,5,0,,11,10,0,7,3,,15,15,,10,9,
100053,HIALEAH HOSPITAL,651 E 25TH ST,HIALEAH,FL,33013,MIAMI-DADE,(305) 693-6100,Acute Care Hospitals,Proprietary,Yes,,3,,8,4,1,3,0,,8,6,1,5,0,,11,4,0,3,1,,15,15,,10,7,
100054,HCA FLORIDA TWIN CITIES HOSPITAL,2190 HWY 85 N,NICEVILLE,FL,32578,OKALOOSA,(850) 678-4131,Acute Care Hospitals,Proprietary,Yes,,5,,8,4,1,3,0,,8,3,1,2,0,,11,6,0,5,1,,15,15,,10,8,
100055,ADVENTHEALTH NORTH PINELLAS,1395 S PINELLAS AVE,TARPON SPRINGS,FL,34689,PINELLAS,(813) 615-7219,Acute Care Hospitals,Voluntary non-profit - Other,Yes,,4,,8,7,0,7,0,,8,5,1,4,0,,11,7,0,4,3,,15,15,,10,7,
100057,ADVENTHEALTH WATERMAN,1000 WATERMAN WAY,TAVARES,FL,32778,LAKE,(352) 253-3368,Acute Care Hospitals,Voluntary non-profit - Church,No,Y,4,,8,8,2,6,0,,8,7,1,6,0,,11,9,3,6,0,,15,15,,10,7,
100062,ADVENTHEALTH OCALA,1500 SW 1ST AVE,OCALA,FL,34474,MARION,(352) 351-7200,Acute Care Hospitals,Government - Hospital District or Authority,Yes,Y,4,,8,8,0,8,0,,8,6,4,2,0,,11,9,0,9,0,,15,15,,10,7,
100063,MORTON PLANT NORTH BAY HOSPITAL,6600 MADISON STREET,NEW PORT RICHEY,FL,34652,PASCO,(727) 842-8468,Acute Care Hospitals,Voluntary non-profit - Private,Yes,,3,,8,6,0,5,1,,8,6,2,4,0,,11,7,0,5,2,,15,15,,10,6,
100067,ST ANTHONYS HOSPITAL,1200 SEVENTH AVE N,SAINT PETERSBURG,FL,33705,PINELLAS,(727) 825-1100,Acute Care Hospitals,Voluntary non-profit - Church,Yes,,3,,8,7,0,7,0,,8,6,2,4,0,,11,9,0,8,1,,15,15,,10,8,
100068,ADVENTHEALTH DAYTONA BEACH,301 MEMORIAL MEDICAL PARKWAY,DAYTONA BEACH,FL,32117,VOLUSIA,(386) 231-6000,Acute Care Hospitals,Voluntary non-profit - Church,Yes,Y,5,,8,8,2,6,0,,8,8,1,7,0,,11,9,1,8,0,,15,15,,10,8,
100069,AdventHealth Carrollwood,7171 N DALE MABRY HWY,TAMPA,FL,33614,HILLSBOROUGH,(813) 615-7219,Acute Care Hospitals,Voluntary non-profit - Church,Yes,,3,,8,6,0,6,0,,8,7,1,6,0,,11,7,0,7,0,,15,15,,10,7,
100071,TAMPA GENERAL HOSPITAL BROOKSVILLE,17240 CORTEZ BLVD,BROOKSVILLE,FL,34601,HERNANDO,(352) 796-5111,Acute Care Hospitals,Voluntary non-profit - Church,Yes,Y,1,,8,7,0,5,2,,8,5,2,3,0,,11,7,0,4,3,,15,15,,10,6,
100072,ADVENTHEALTH FISH MEMORIAL,1055 SAXON BLVD,ORANGE CITY,FL,32763,VOLUSIA,(386) 917-5000,Acute Care Hospitals,Voluntary non-profit - Church,Yes,Y,5,,8,7,1,6,0,,8,6,2,4,0,,11,7,1,5,1,,15,15,,10,8,
100073,HOLY CROSS HOSPITAL,4725 N FEDERAL HWY,FT LAUDERDALE,FL,33308,BROWARD,(954) 771-8000,Acute Care Hospitals,Voluntary non-profit - Church,Yes,,4,,8,8,0,8,0,,8,7,1,6,0,,11,11,2,8,1,,15,15,,10,9,
100075,ST JOSEPHS HOSPITAL,3001 W MARTIN LUTHER KING JR BLVD,TAMPA,FL,33607,HILLSBOROUGH,(813) 870-4398,Acute Care Hospitals,Voluntary non-profit - Church,Yes,Y,4,,8,8,1,7,0,,8,7,4,3,0,,11,10,1,6,3,,15,15,,10,9,
100077,Adventhealth Port Charlotte,2500 HARBOR BLVD,PORT CHARLOTTE,FL,33952,CHARLOTTE,(941) 766-4122,Acute Care Hospitals,Proprietary,Yes,Y,1,,8,8,0,8,0,,8,7,3,4,0,,11,8,0,6,2,,15,15,,10,7,
100080,HCA FLORIDA JFK HOSPITAL,5301 S CONGRESS AVE,ATLANTIS,FL,33462,PALM BEACH,(561) 965-7300,Acute Care Hospitals,Proprietary,Yes,,2,,8,8,1,7,0,,8,8,2,6,0,,11,9,0,6,3,,15,15,,10,8,
100084,UF HEALTH LEESBURG HOSPITAL,600 E DIXIE AVE,LEESBURG,FL,34748,LAKE,(352) 323-5762,Acute Care Hospitals,Voluntary non-profit - Private,Yes,Y,3,,8,8,1,7,0,,8,7,1,5,1,,11,9,1,6,2,,15,15,,10,8,
100086,BROWARD HEALTH NORTH,201 E SAMPLE RD,DEERFIELD BEACH,FL,33064,BROWARD,(954) 786-6400,Acute Care Hospitals,Government - Hospital District or Authority,Yes,,3,,8,7,0,7,0,,8,7,2,5,0,,11,10,0,8,2,,15,15,,10,8,
100087,SARASOTA MEMORIAL HOSPITAL,1700 S TAMIAMI TRL,SARASOTA,FL,34239,SARASOTA,(941) 917-9000,Acute Care Hospitals,Government - Hospital District or Authority,Yes,Y,5,,8,8,3,5,0,,8,8,5,3,0,,11,11,2,7,2,,15,15,,10,9,
100088,BAPTIST HEALTH MEDICAL CENTER - JACKSONVILLE,800 PRUDENTIAL DR,JACKSONVILLE,FL,32207,DUVAL,(904) 202-2000,Acute Care Hospitals,Voluntary non-profit - Private,Yes,Y,4,,8,8,2,6,0,,8,8,4,3,1,,11,11,2,7,2,,15,15,,10,10,
100090,FLAGLER HOSPITAL,400 HEALTH PARK BLVD,SAINT AUGUSTINE,FL,32086,ST. JOHNS,(904) 819-5155,Acute Care Hospitals,Voluntary non-profit - Private,Yes,Y,3,,8,8,0,8,0,,8,8,1,7,0,,11,9,1,7,1,,15,15,,10,9,
100093,BAPTIST HOSPITAL,123 BAPTIST WAY,PENSACOLA,FL,32503,ESCAMBIA,(850) 434-4011,Acute Care Hospitals,Voluntary non-profit - Private,Yes,Y,4,,8,8,0,8,0,,8,7,2,5,0,,11,11,0,10,1,,15,15,,10,10,
100099,ADVENTHEALTH LAKE WALES,410 S 11TH ST,LAKE WALES,FL,33853,POLK,(863) 676-1433,Acute Care Hospitals,Proprietary,Yes,,2,,8,6,0,6,0,,8,3,0,3,0,,11,6,1,4,1,,15,15,,10,7,
10009F,BAY PINES VA MEDICAL CENTER,10000 BAY PINES BLVD.,BAY PINES,FL,33744,PINELLAS,(727) 398-6661,Acute Care - Veterans Administration,Veterans Health Administration,Yes,,3,,8,5,2,3,0,,8,4,0,3,1,,11,6,0,2,4,,15,10,,10,5,
100105,CLEVELAND CLINIC INDIAN RIVER HOSPITAL,1000 36TH ST,VERO BEACH,FL,32960,INDIAN RIVER,(772) 567-4311,Acute Care Hospitals,Voluntary non-profit - Private,Yes,Y,4,,8,8,1,7,0,,8,7,2,5,0,,11,11,4,7,0,,15,15,,10,8,
100107,HCA FLORIDA LEHIGH HOSPITAL,1500 LEE BLVD,LEHIGH ACRES,FL,33936,LEE,(239) 369-2101,Acute Care Hospitals,Proprietary,Yes,,2,,8,4,0,4,0,,8,3,1,2,0,,11,5,0,4,1,,15,15,,10,7,
100109,ADVENTHEALTH SEBRING,4200 SUN N LAKE BLVD,SEBRING,FL,33872,HIGHLANDS,(863) 314-4466,Acute Care Hospitals,Voluntary non-profit - Private,Yes,Y,3,,8,7,0,7,0,,8,7,3,3,1,,11,10,0,10,0,,15,15,,10,8,
100110,HCA FLORIDA OSCEOLA HOSPITAL,700 WEST OAK STREET,KISSIMMEE,FL,34741,OSCEOLA,(407) 846-2266,Acute Care Hospitals,Proprietary,Yes,Y,2,,8,8,0,8,0,,8,7,4,3,0,,11,8,0,4,4,,15,15,,10,6,
100113,UF HEALTH SHANDS HOSPITAL,1600 SW ARCHER RD,GAINESVILLE,FL,32610,ALACHUA,(352) 265-8000,Acute Care Hospitals,Voluntary non-profit - Private,Yes,Y,5,,8,8,3,5,0,,8,8,4,4,0,,11,11,2,7,2,,15,15,,10,9,
100117,BAPTIST MEDICAL CENTER  BEACHES,1350 13TH AVE S,JACKSONVILLE BEACH,FL,32250,DUVAL,(904) 247-2900,Acute Care Hospitals,Voluntary non-profit - Private,Yes,Y,4,,8,7,0,7,0,,8,8,1,7,0,,11,8,1,5,2,,15,15,,10,9,
100118,AdventHealth Palm Coast,60 MEMORIAL MEDICAL PKWY,PALM COAST,FL,32164,FLAGLER,(386) 586-2000,Acute Care Hospitals,Voluntary non-profit - Church,Yes,,5,,8,7,1,6,0,,8,5,2,3,0,,11,8,1,4,3,,15,15,,10,8,
100121,BARTOW REGIONAL MEDICAL CENTER,2200 OSPREY BLVD,BARTOW,FL,33830,POLK,(863) 533-8111,Acute Care Hospitals,Proprietary,Yes,,3,,8,5,0,5,0,,8,3,0,3,0,,11,6,0,4,2,,15,15,,10,7,
100122,NORTH OKALOOSA MEDICAL CENTER,151 REDSTONE AVE SE,CRESTVIEW,FL,32539,OKALOOSA,(850) 689-8100,Acute Care Hospitals,Voluntary non-profit - Private,Yes,Y,3,,8,7,0,7,0,,8,6,1,5,0,,11,9,1,7,1,,15,15,,10,8,
100124,SANTA ROSA MEDICAL CENTER,6002 BERRYHILL RD,MILTON,FL,32570,SANTA ROSA,(850) 626-7762,Acute Care Hospitals,Proprietary,Yes,Y,4,,8,5,0,5,0,,8,6,1,5,0,,11,7,0,6,1,,15,15,,10,8,
100125,HOMESTEAD HOSPITAL,975 BAPTIST WAY,HOMESTEAD,FL,33033,MIAMI-DADE,(786) 243-8000,Acute Care Hospitals,Voluntary non-profit - Private,Yes,Y,4,,8,5,0,5,0,,8,5,1,4,0,,11,6,0,6,0,,15,15,,10,8,
100126,HCA FLORIDA PASADENA HOSPITAL A PART OF HCA FLORID,1501 PASADENA AVE S,SAINT PETERSBURG,FL,33707,PINELLAS,(727) 381-1000,Acute Care Hospitals,Proprietary,Yes,,4,,8,6,0,6,0,,8,5,1,4,0,,11,7,1,5,1,,15,15,,10,7,
100127,MORTON PLANT HOSPITAL,300 PINELLAS ST,CLEARWATER,FL,33756,PINELLAS,(727) 462-7000,Acute Care Hospitals,Voluntary non-profit - Private,Yes,Y,4,,8,8,1,7,0,,8,8,2,6,0,,11,11,1,8,2,,15,15,,10,7,
100128,TAMPA GENERAL HOSPITAL,1 TAMPA GENERAL CIR,TAMPA,FL,33606,HILLSBOROUGH,(813) 844-7000,Acute Care Hospitals,Voluntary non-profit - Private,Yes,Y,3,,8,8,3,5,0,,8,8,3,4,1,,11,11,0,7,4,,15,15,,10,8,
100130,LAKESIDE MEDICAL CENTER,39200 HOOKER HWY,BELLE GLADE,FL,33430,PALM BEACH,(561) 996-6571,Acute Care Hospitals,Government - Hospital District or Authority,Yes,,Not Available,16,8,1,0,1,0,,8,2,0,2,0,,11,1,0,1,0,,15,Not Available,5,10,6,
100131,HCA FLORIDA AVENTURA HOSPITAL,20900 BISCAYNE BLVD,AVENTURA,FL,33180,MIAMI-DADE,(305) 682-7000,Acute Care Hospitals,Voluntary non-profit - Private,Yes,,3,,8,7,2,5,0,,8,7,2,5,0,,11,8,0,6,2,,15,15,,10,7,
100132,SOUTH FLORIDA BAPTIST HOSPITAL,301 N ALEXANDER ST,PLANT CITY,FL,33563,HILLSBOROUGH,(813) 757-1200,Acute Care Hospitals,Voluntary non-profit - Private,Yes,Y,3,,8,6,0,6,0,,8,6,1,5,0,,11,9,2,7,0,,15,15,,10,7,
100134,ED FRASER MEMORIAL HOSPITAL,159 N 3RD ST,MACCLENNY,FL,32063,BAKER,(904) 259-3151,Acute Care Hospitals,Voluntary non-profit - Private,Yes,,1,,8,3,0,3,0,,8,Not Available,Not Available,Not Available,Not Available,5,11,4,0,3,1,,15,5,,10,6,
100135,TALLAHASSEE MEMORIAL HEALTHCARE,1300 MICCOSUKEE RD,TALLAHASSEE,FL,32308,LEON,(850) 431-1155,Acute Care Hospitals,Voluntary non-profit - Private,Yes,Y,3,,8,8,0,8,0,,8,8,3,5,0,,11,11,3,7,1,,15,15,,10,9,
100137,ADVENTHEALTH HEART OF FLORIDA,40100 HWY 27,DAVENPORT,FL,33837,POLK,(863) 422-4971,Acute Care Hospitals,Proprietary,Yes,Y,3,,8,7,0,7,0,,8,7,2,5,0,,11,8,0,6,2,,15,15,,10,7,
10013F,NH Jacksonville,2080 Child St,Jacksonville,FL,32214,DUVAL,(904) 542-7300,Acute Care - Department of Defense,Department of Defense,Yes,,Not Available,22,Not Available,Not Available,Not Available,Not Available,Not Available,22,Not Available,Not Available,Not Available,Not Available,Not Available,22,Not Available,Not Available,Not Available,Not Available,Not Available,22,Not Available,Not Available,22,Not Available,Not Available,22
100140,BAPTIST MEDICAL CENTER - NASSAU,1250 S 18TH ST,FERNANDINA BEACH,FL,32034,NASSAU,(904) 321-3500,Acute Care Hospitals,Voluntary non-profit - Private,Yes,,4,,8,6,0,6,0,,8,3,1,2,0,,11,6,1,5,0,,15,15,,10,9,
100142,JACKSON HOSPITAL,4250 HOSPITAL DR,MARIANNA,FL,32446,JACKSON,(850) 526-2200,Acute Care Hospitals,Government - Hospital District or Authority,Yes,Y,1,,8,5,0,3,2,,8,3,0,3,0,,11,9,0,8,1,,15,15,,10,9,
100150,LOWER KEYS MEDICAL CENTER,5900 COLLEGE ROAD,KEY WEST,FL,33040,MONROE,(305) 294-5531,Acute Care Hospitals,Proprietary,Yes,Y,4,,8,4,1,3,0,,8,5,0,5,0,,11,7,0,6,1,,15,15,,10,9,
100151,MAYO CLINIC,4500 SAN PABLO RD,JACKSONVILLE,FL,32224,DUVAL,(904) 953-2000,Acute Care Hospitals,Voluntary non-profit - Private,Yes,,5,,8,8,6,2,0,,8,7,4,3,0,,11,11,1,9,1,,15,15,,10,8,
100154,SOUTH MIAMI HOSPITAL,6200 SW 73RD ST,MIAMI,FL,33143,MIAMI-DADE,(786) 662-4000,Acute Care Hospitals,Voluntary non-profit - Private,Yes,Y,4,,8,8,1,7,0,,8,7,3,4,0,,11,8,1,5,2,,15,15,,10,9,
100156,HCA FLORIDA LAKE CITY HOSPITAL,340 NW COMMERCE DR,LAKE CITY,FL,32055,COLUMBIA,(386) 719-9000,Acute Care Hospitals,Proprietary,Yes,,3,,8,6,0,6,0,,8,6,1,5,0,,11,7,1,4,2,,15,15,,10,7,
100157,LAKELAND REGIONAL MEDICAL CENTER,1324 LAKELAND HILLS BLVD,LAKELAND,FL,33805,POLK,(863) 687-1100,Acute Care Hospitals,Voluntary non-profit - Private,Yes,Y,1,,8,8,1,6,1,,8,8,3,3,2,,11,11,0,7,4,,15,15,,10,8,
10015F,VA NORTH FLORIDA/SOUTH GEORGIA HEALTHCARE SYSTEM - LAKE CITY,619 SOUTH MARION AVENUE,LAKE CITY,FL,32025,COLUMBIA,(386) 755-3016,Acute Care - Veterans Administration,Veterans Health Administration,Yes,,Not Available,16,8,3,2,1,0,,8,1,0,1,0,,11,4,0,1,3,,15,Not Available,5,10,Not Available,5
100161,CENTRAL FLORIDA LAKE MONROE HOSPITAL,1401 W SEMINOLE BLVD,SANFORD,FL,32771,SEMINOLE,(407) 321-4500,Acute Care Hospitals,Proprietary,Yes,,2,,8,8,0,8,0,,8,7,1,6,0,,11,8,1,5,2,,15,15,,10,7,
100166,HCA FLORIDA SARASOTA DOCTORS HOSPITAL,5731 BEE RIDGE RD,SARASOTA,FL,34233,SARASOTA,(941) 342-1100,Acute Care Hospitals,Proprietary,Yes,,4,,8,7,0,7,0,,8,7,2,5,0,,11,8,0,6,2,,15,15,,10,7,
100167,HCA FLORIDA MERCY HOSPITAL,401 NW 42ND AVE,PLANTATION,FL,33317,BROWARD,(954) 587-5010,Acute Care Hospitals,Voluntary non-profit - Private,Yes,Y,2,,8,7,2,5,0,,8,8,2,6,0,,11,7,0,5,2,,15,15,,10,7,
100168,BOCA RATON REGIONAL HOSPITAL,800 MEADOWS RD,BOCA RATON,FL,33486,PALM BEACH,(561) 955-4200,Acute Care Hospitals,Voluntary non-profit - Private,Yes,Y,2,,8,8,1,7,0,,8,8,2,6,0,,11,11,2,8,1,,15,15,,10,8,
100173,ADVENTHEALTH TAMPA,3100 E FLETCHER AVE,TAMPA,FL,33613,HILLSBOROUGH,(813) 615-7200,Acute Care Hospitals,Voluntary non-profit - Private,Yes,Y,3,,8,8,0,8,0,,8,8,1,7,0,,11,9,1,6,2,,15,15,,10,8,
100175,DESOTO MEMORIAL HOSPITAL,900 N ROBERT AVE,ARCADIA,FL,34266,DE SOTO,(863) 494-3535,Acute Care Hospitals,Voluntary non-profit - Private,Yes,,2,,8,4,0,4,0,,8,2,0,2,0,,11,5,0,5,0,,15,15,,10,9,
100176,PALM BEACH GARDENS MEDICAL CENTER,3360 BURNS RD,PALM BEACH GARDENS,FL,33410,PALM BEACH,(561) 622-1411,Acute Care Hospitals,Proprietary,Yes,,2,,8,8,0,8,0,,8,7,1,6,0,,11,9,0,7,2,,15,15,,10,7,
100177,CAPE CANAVERAL HOSPITAL,701 W COCOA BEACH CAUSEWAY,COCOA BEACH,FL,32931,BREVARD,(321) 799-7111,Acute Care Hospitals,Voluntary non-profit - Private,Yes,,3,,8,7,0,7,0,,8,6,1,5,0,,11,8,2,4,2,,15,15,,10,8,
100179,HCA FLORIDA MEMORIAL HOSPITAL,3625 UNIVERSITY BLVD S,JACKSONVILLE,FL,32216,DUVAL,(904) 702-6111,Acute Care Hospitals,Proprietary,Yes,Y,2,,8,8,0,8,0,,8,7,3,3,1,,11,9,1,7,1,,15,15,,10,7,
100180,HCA FLORIDA ST PETERSBURG HOSPITAL,6500 38TH AVE N,SAINT PETERSBURG,FL,33710,PINELLAS,(727) 384-1414,Acute Care Hospitals,Proprietary,Yes,Y,2,,8,4,0,4,0,,8,5,1,4,0,,11,5,0,3,2,,15,15,,10,7,
100181,LARKIN COMMUNITY HOSPITAL,7031 SW 62ND AVE,SOUTH MIAMI,FL,33143,MIAMI-DADE,(305) 284-7500,Acute Care Hospitals,Proprietary,Yes,,1,,8,3,0,3,0,,8,4,0,4,0,,11,3,0,0,3,,15,5,,10,6,
100183,CORAL GABLES HOSPITAL,3100 DOUGLAS RD,CORAL GABLES,FL,33134,MIAMI-DADE,(305) 445-8461,Acute Care Hospitals,Proprietary,Yes,,3,,8,4,0,4,0,,8,2,0,2,0,,11,5,1,3,1,,15,15,,10,6,
100187,PALMETTO GENERAL HOSPITAL,2001 W 68TH ST,HIALEAH,FL,33016,MIAMI-DADE,(305) 823-5000,Acute Care Hospitals,Proprietary,Yes,Y,2,,8,6,0,6,0,,8,7,3,4,0,,11,7,2,4,1,,15,15,,10,7,
100189,HCA FLORIDA NORTHWEST HOSPITAL,2801 N STATE RD 7,MARGATE,FL,33063,BROWARD,(954) 974-0400,Acute Care Hospitals,Proprietary,Yes,Y,2,,8,7,0,7,0,,8,7,2,5,0,,11,7,0,4,3,,15,15,,10,7,
100191,HCA FLORIDA TRINITY HOSPITAL,9330 SR 54,TRINITY,FL,34655,PASCO,(727) 834-4900,Acute Care Hospitals,Proprietary,Yes,Y,2,,8,7,0,7,0,,8,8,2,6,0,,11,8,0,4,4,,15,15,,10,7,
100200,BROWARD HEALTH IMPERIAL POINT,6401 N FEDERAL HWY,FORT LAUDERDALE,FL,33308,BROWARD,(954) 776-8500,Acute Care Hospitals,Government - Hospital District or Authority,No,,3,,8,4,0,4,0,,8,7,1,6,0,,11,6,0,5,1,,15,15,,10,8,
100204,HCA FLORIDA NORTH FLORIDA HOSPITAL,6500 W NEWBERRY RD,GAINESVILLE,FL,32605,ALACHUA,(352) 333-4100,Acute Care Hospitals,Proprietary,Yes,Y,3,,8,8,0,8,0,,8,8,3,5,0,,11,9,0,7,2,,15,15,,10,7,
100206,HCA FLORIDA SOUTH TAMPA HOSPITAL,2901 W SWANN AVE,TAMPA,FL,33609,HILLSBOROUGH,(813) 873-6400,Acute Care Hospitals,Proprietary,Yes,,5,,8,6,0,6,0,,8,3,1,2,0,,11,6,1,4,1,,15,15,,10,8,
100209,HCA FLORIDA KENDALL HOSPITAL,11750 BIRD RD,MIAMI,FL,33175,MIAMI-DADE,(305) 223-3000,Acute Care Hospitals,Proprietary,Yes,Y,4,,8,7,1,6,0,,8,7,3,4,0,,11,7,1,4,2,,15,15,,10,7,
100211,ADVENTHEALTH DADE CITY,13100 FT KING RD,DADE CITY,FL,33525,PASCO,(352) 568-1100,Acute Care Hospitals,Proprietary,No,,4,,8,6,0,6,0,,8,3,1,2,0,,11,6,1,4,1,,15,15,,10,7,
100212,MARION COMMUNTIY HOSPITAL,1431 SW 1ST AVE,OCALA,FL,34471,MARION,(352) 401-1000,Acute Care Hospitals,Proprietary,Yes,,1,,8,8,0,5,3,,8,7,4,2,1,,11,9,0,6,3,,15,15,,10,7,
100213,HCA FLORIDA BLAKE HOSPITAL,2020 59TH ST W,BRADENTON,FL,34209,MANATEE,(941) 798-6110,Acute Care Hospitals,Proprietary,Yes,,2,,8,8,0,8,0,,8,7,2,5,0,,11,9,0,5,4,,15,15,,10,7,
100217,ORLANDO HEALTH SEBASTIAN RIVER HOSPITAL,13695 US HWY 1,SEBASTIAN,FL,32958,INDIAN RIVER,(772) 589-3187,Acute Care Hospitals,Voluntary non-profit - Private,Yes,,4,,8,7,0,7,0,,8,4,1,3,0,,11,7,3,4,0,,15,15,,10,7,
10021F,96th Medical Group (Eglin AFB),96 MDG 307 Boatner Rd Suite 114,Eglin AFB,FL,32542,OKALOOSA,(850) 883-8600,Acute Care - Department of Defense,Department of Defense,Yes,,Not Available,22,Not Available,Not Available,Not Available,Not Available,Not Available,22,Not Available,Not Available,Not Available,Not Available,Not Available,22,Not Available,Not Available,Not Available,Not Available,Not Available,22,Not Available,Not Available,22,Not Available,Not Available,22
100220,GULF COAST MEDICAL CENTER LEE HEALTH,13681 DOCTORS WAY,FORT MYERS,FL,33912,LEE,(239) 343-1000,Acute Care Hospitals,Government - Hospital District or Authority,Yes,,4,,8,7,3,4,0,,8,8,2,6,0,,11,10,0,7,3,,15,15,,10,8,
100223,HCA FLORIDA FORT WALTON-DESTIN HOSPITAL,1000 MAR-WALT DR,FORT WALTON BEACH,FL,32547,OKALOOSA,(850) 862-1111,Acute Care Hospitals,Proprietary,Yes,Y,3,,8,8,1,7,0,,8,7,1,6,0,,11,9,0,5,4,,15,15,,10,8,
100224,UNIVERSITY HOSPITAL AND MEDICAL CENTER,7201 N UNIVERSITY DR,TAMARAC,FL,33321,BROWARD,(954) 721-2200,Acute Care Hospitals,Proprietary,Yes,,2,,8,5,0,5,0,,8,6,1,5,0,,11,6,0,3,3,,15,15,,10,7,
100226,HCA FLORIDA ORANGE PARK HOSPITAL,2001 KINGSLEY AVE,ORANGE PARK,FL,32073,CLAY,(904) 276-8500,Acute Care Hospitals,Voluntary non-profit - Other,Yes,Y,3,,8,8,0,8,0,,8,7,1,5,1,,11,9,3,5,1,,15,15,,10,7,
100228,WESTSIDE REGIONAL MEDICAL CENTER,8201 W BROWARD BLVD,PLANTATION,FL,33324,BROWARD,(954) 473-6600,Acute Care Hospitals,Proprietary,No,,2,,8,8,0,7,1,,8,6,4,2,0,,11,8,0,6,2,,15,15,,10,7,
100230,MEMORIAL HOSPITAL PEMBROKE,7800 SHERIDAN ST,PEMBROKE PINES,FL,33024,BROWARD,(954) 962-9650,Acute Care Hospitals,Government - Hospital District or Authority,Yes,,4,,8,4,0,4,0,,8,6,1,5,0,,11,5,0,4,1,,15,15,,10,8,
100231,HCA FLORIDA WEST HOSPITAL,8383 N DAVIS HWY,PENSACOLA,FL,32514,ESCAMBIA,(850) 494-4000,Acute Care Hospitals,Proprietary,Yes,Y,3,,8,8,0,8,0,,8,8,2,6,0,,11,9,0,8,1,,15,15,,10,8,
100232,HCA FLORIDA PUTNAM HOSPITAL,611 ZEAGLER DR,PALATKA,FL,32177,PUTNAM,(386) 328-5711,Acute Care Hospitals,Proprietary,Yes,,2,,8,6,0,5,1,,8,5,1,4,0,,11,8,0,6,2,,15,15,,10,7,
100236,HCA FLORIDA FAWCETT HOSPITAL,21298 OLEAN BLVD,PORT CHARLOTTE,FL,33952,CHARLOTTE,(941) 629-1181,Acute Care Hospitals,Proprietary,Yes,,1,,8,8,0,8,0,,8,7,1,6,0,,11,9,0,5,4,,15,15,,10,7,
100238,HCA FLORIDA NORTHSIDE HOSPITAL,6000 49TH ST N,SAINT PETERSBURG,FL,33709,PINELLAS,(727) 521-5121,Acute Care Hospitals,Proprietary,Yes,,1,,8,8,1,7,0,,8,6,2,4,0,,11,9,0,6,3,,15,15,,10,7,
100242,HCA FLORIDA GULF COAST HOSPITAL,449 W 23RD ST,PANAMA CITY,FL,32405,BAY,(850) 747-7926,Acute Care Hospitals,Proprietary,Yes,Y,2,,8,7,0,7,0,,8,7,1,6,0,,11,8,1,7,0,,15,15,,10,9,
100243,HCA FLORIDA BRANDON HOSPITAL,119 OAKFIELD DR,BRANDON,FL,33511,HILLSBOROUGH,(813) 916-0600,Acute Care Hospitals,Proprietary,Yes,Y,3,,8,8,2,6,0,,8,8,1,7,0,,11,9,0,6,3,,15,15,,10,7,
100244,CAPE CORAL HOSPITAL,636 DEL PRADO BLVD,CAPE CORAL,FL,33990,LEE,(239) 424-2000,Acute Care Hospitals,Government - Hospital District or Authority,Yes,Y,3,,8,7,1,6,0,,8,7,3,4,0,,11,7,1,4,2,,15,15,,10,9,
100246,HCA FLORIDA LAWNWOOD HOSPITAL,1700 S 23RD ST,FORT PIERCE,FL,34950,ST. LUCIE,(772) 461-4000,Acute Care Hospitals,Proprietary,Yes,Y,1,,8,8,0,8,0,,8,6,2,4,0,,11,7,0,3,4,,15,15,,10,7,
100248,HCA FLORIDA LARGO HOSPITAL,201 14TH ST SW,LARGO,FL,33770,PINELLAS,(727) 588-5200,Acute Care Hospitals,Proprietary,Yes,,2,,8,8,0,8,0,,8,6,1,5,0,,11,8,0,7,1,,15,15,,10,7,
100249,TAMPA GENERAL HOSPITAL CRYSTAL RIVER,6201 N SUNCOAST BLVD,CRYSTAL RIVER,FL,34428,CITRUS,(352) 795-6560,Acute Care Hospitals,Voluntary non-profit - Private,No,,2,,8,7,0,7,0,,8,5,0,5,0,,11,8,2,5,1,,15,15,,10,6,
100252,HCA FLORIDA RAULERSON HOSPITAL,1796 HWY 441 NORTH,OKEECHOBEE,FL,34972,OKEECHOBEE,(863) 763-2151,Acute Care Hospitals,Proprietary,No,,3,,8,6,0,6,0,,8,3,1,2,0,,11,6,0,5,1,,15,15,,10,8,
100253,JUPITER MEDICAL CENTER,1210 S OLD DIXIE HWY,JUPITER,FL,33458,PALM BEACH,(561) 747-2234,Acute Care Hospitals,Voluntary non-profit - Private,Yes,Y,4,,8,8,1,7,0,,8,8,3,5,0,,11,11,0,8,3,,15,15,,10,8,
100254,HCA FLORIDA CAPITAL HOSPITAL,2626 CAPITAL MEDICAL BLVD,TALLAHASSEE,FL,32308,LEON,(850) 656-5000,Acute Care Hospitals,Proprietary,Yes,Y,2,,8,8,0,8,0,,8,8,2,6,0,,11,9,0,6,3,,15,15,,10,8,
100256,HCA FLORIDA BAYONET POINT HOSPITAL,14000 FIVAY RD,HUDSON,FL,34667,PASCO,(727) 819-2929,Acute Care Hospitals,Proprietary,Yes,,2,,8,8,1,7,0,,8,7,1,6,0,,11,9,0,5,4,,15,15,,10,6,
100258,DELRAY MEDICAL CENTER,5352 LINTON BLVD,DELRAY BEACH,FL,33484,PALM BEACH,(561) 498-4440,Acute Care Hospitals,Proprietary,Yes,,1,,8,8,3,5,0,,8,7,3,3,1,,11,9,0,6,3,,15,15,,10,7,
100259,HCA FLORIDA SOUTH SHORE HOSPITAL,4016 SUN CITY CENTER BLVD,SUN CITY CENTER,FL,33573,HILLSBOROUGH,(813) 634-3301,Acute Care Hospitals,Proprietary,Yes,,2,,8,7,0,7,0,,8,6,1,5,0,,11,8,0,6,2,,15,15,,10,8,
100260,ST LUCIE MEDICAL CENTER,1800 SE TIFFANY AVE,PORT SAINT LUCIE,FL,34952,ST. LUCIE,(772) 335-4000,Acute Care Hospitals,Proprietary,Yes,Y,1,,8,7,0,7,0,,8,8,1,7,0,,11,7,0,1,6,,15,15,,10,6,
100264,HCA FLORIDA OAK HILL HOSPITAL,11375 CORTEZ BLVD,BROOKSVILLE,FL,34613,HERNANDO,(352) 596-6632,Acute Care Hospitals,Proprietary,Yes,Y,1,,8,8,0,8,0,,8,7,3,3,1,,11,9,0,3,6,,15,15,,10,8,
100265,MEASE COUNTRYSIDE HOSPITAL,3231 MCMULLEN BOOTH RD,SAFETY HARBOR,FL,34695,PINELLAS,(727) 734-6950,Acute Care Hospitals,Voluntary non-profit - Private,Yes,Y,4,,8,7,0,7,0,,8,7,1,6,0,,11,9,0,9,0,,15,15,,10,8,
100266,GULF BREEZE HOSPITAL,1110 GULF BREEZE PKWY,GULF BREEZE,FL,32561,SANTA ROSA,(850) 934-2000,Acute Care Hospitals,Voluntary non-profit - Other,Yes,,4,,8,5,0,5,0,,8,4,0,4,0,,11,7,1,5,1,,15,15,,10,9,
100267,HCA FLORIDA ENGLEWOOD HOSPITAL,700 MEDICAL BLVD,ENGLEWOOD,FL,34223,SARASOTA,(941) 475-6571,Acute Care Hospitals,Proprietary,Yes,,3,,8,6,0,6,0,,8,4,0,4,0,,11,8,0,7,1,,15,15,,10,6,
100268,WEST BOCA MEDICAL CENTER,21644 STATE RD 7,BOCA RATON,FL,33428,PALM BEACH,(561) 488-8100,Acute Care Hospitals,Proprietary,Yes,Y,3,,8,5,0,5,0,,8,6,1,5,0,,11,6,0,6,0,,15,15,,10,7,
100269,HCA FLORIDA PALMS WEST HOSPITAL,13001 SOUTHERN BLVD,LOXAHATCHEE,FL,33470,PALM BEACH,(561) 798-3300,Acute Care Hospitals,Proprietary,Yes,Y,2,,8,7,0,7,0,,8,7,2,5,0,,11,6,0,2,4,,15,15,,10,7,
100275,WELLINGTON REGIONAL MEDICAL CENTER,10101 FOREST HILL BLVD,WELLINGTON,FL,33414,PALM BEACH,(561) 798-8500,Acute Care Hospitals,Proprietary,Yes,Y,2,,8,7,0,7,0,,8,7,2,5,0,,11,8,0,4,4,,15,15,,10,7,
100276,BROWARD HEALTH CORAL SPRINGS,3000 CORAL HILLS DR,CORAL SPRINGS,FL,33065,BROWARD,(954) 344-3121,Acute Care Hospitals,Government - Hospital District or Authority,Yes,Y,4,,8,7,1,6,0,,8,7,2,5,0,,11,7,0,6,1,,15,15,,10,8,
100277,DOUGLAS GARDENS HOSPITAL,5200 NE 2ND AVE,MIAMI,FL,33137,MIAMI-DADE,(305) 751-8626,Acute Care Hospitals,Voluntary non-profit - Private,No,,Not Available,16,8,Not Available,Not Available,Not Available,Not Available,5,8,Not Available,Not Available,Not Available,Not Available,5,11,Not Available,Not Available,Not Available,Not Available,5,15,Not Available,5,10,1,
100281,MEMORIAL HOSPITAL WEST,703 N FLAMINGO RD,PEMBROKE PINES,FL,33028,BROWARD,(954) 436-5000,Acute Care Hospitals,Government - Hospital District or Authority,Yes,Y,3,,8,7,1,6,0,,8,8,2,6,0,,11,10,0,7,3,,15,15,,10,7,
100284,KERALTY HOSPITAL,2500 SW 75TH AVE,MIAMI,FL,33155,MIAMI-DADE,(305) 263-9270,Acute Care Hospitals,Proprietary,Yes,,2,,8,3,0,3,0,,8,3,1,2,0,,11,3,0,2,1,,15,Not Available,5,10,7,
100285,MEMORIAL HOSPITAL MIRAMAR,1901 SW 172ND AVE,MIRAMAR,FL,33029,BROWARD,(954) 538-5000,Acute Care Hospitals,Government - Hospital District or Authority,Yes,Y,5,,8,5,0,5,0,,8,7,1,6,0,,11,5,0,4,1,,15,15,,10,8,
100286,PHYSICIANS REGIONAL MEDICAL CENTER - PINE RIDGE,6101 PINE RIDGE ROAD,NAPLES,FL,34119,COLLIER,(239) 304-5145,Acute Care Hospitals,Proprietary,Yes,,2,,8,8,0,7,1,,8,7,3,4,0,,11,9,0,5,4,,15,15,,10,8,
100287,GOOD SAMARITAN MEDICAL CENTER,1309 N FLAGLER DR,WEST PALM BEACH,FL,33401,PALM BEACH,(561) 655-5511,Acute Care Hospitals,Proprietary,Yes,Y,2,,8,7,0,7,0,,8,8,1,7,0,,11,8,0,6,2,,15,15,,10,8,
100288,ST MARY'S MEDICAL CENTER,901 45TH ST,WEST PALM BEACH,FL,33407,PALM BEACH,(561) 840-6202,Acute Care Hospitals,Proprietary,Yes,Y,1,,8,5,0,5,0,,8,6,2,4,0,,11,4,0,2,2,,15,15,,10,6,
100289,CLEVELAND CLINIC HOSPITAL,3100 WESTON RD,WESTON,FL,33331,BROWARD,(954) 689-5000,Acute Care Hospitals,Voluntary non-profit - Private,Yes,,5,,8,8,4,4,0,,8,8,3,4,1,,11,11,1,8,2,,15,15,,10,9,
100290,"VILLAGES REGIONAL HOSPITAL, THE",1451 EL CAMINO REAL,THE VILLAGES,FL,32159,LAKE,(352) 751-8000,Acute Care Hospitals,Voluntary non-profit - Private,Yes,,4,,8,7,0,6,1,,8,7,1,6,0,,11,8,1,6,1,,15,15,,10,8,
100291,ORLANDO HEALTH MELBOURNE HOSPITAL,250 NORTH WICKHAM ROAD,MELBOURNE,FL,32935,BREVARD,(321) 752-1200,Acute Care Hospitals,Voluntary non-profit - Private,Yes,,3,,8,6,0,6,0,,8,4,1,3,0,,11,7,0,6,1,,15,15,,10,7,
100292,SACRED HEART HOSPITAL ON THE EMERALD COAST,7800 US HWY 98 W,MIRAMAR BEACH,FL,32550,WALTON,(850) 278-3600,Acute Care Hospitals,Voluntary non-profit - Other,Yes,Y,3,29,8,6,0,5,1,29,8,2,0,2,0,29,11,7,0,7,0,29,15,10,29,10,8,29
100296,DOCTORS HOSPITAL,5000 UNIVERSITY DR,CORAL GABLES,FL,33146,MIAMI-DADE,(786) 308-3000,Acute Care Hospitals,Voluntary non-profit - Other,Yes,,5,,8,4,1,3,0,,8,6,1,5,0,,11,6,1,4,1,,15,15,,10,7,
100298,FLORIDA STATE HOSPITAL UNIT 31 MED,100 N MAIN ST,CHATTAHOOCHEE,FL,32324,GADSDEN,(850) 663-7536,Acute Care Hospitals,Government - State,No,,Not Available,19,Not Available,Not Available,Not Available,Not Available,Not Available,19,Not Available,Not Available,Not Available,Not Available,Not Available,19,Not Available,Not Available,Not Available,Not Available,Not Available,19,Not Available,Not Available,19,Not Available,Not Available,19
100299,LAKEWOOD RANCH MEDICAL CENTER,8330 LAKEWOOD RANCH BLVD,BRADENTON,FL,34202,MANATEE,(941) 782-2100,Acute Care Hospitals,Proprietary,Yes,Y,4,,8,7,0,7,0,,8,7,1,6,0,,11,8,1,6,1,,15,15,,10,7,
100302,ORLANDO HEALTH ST CLOUD HOSPITAL,2906 17TH STREET,SAINT CLOUD,FL,34769,OSCEOLA,(407) 892-2135,Acute Care Hospitals,Proprietary,Yes,,2,,8,6,0,6,0,,8,2,0,2,0,,11,6,0,5,1,,15,15,,10,7,
100307,ASCENSION ST VINCENT'S SOUTHSIDE,4201 BELFORT RD,JACKSONVILLE,FL,32216,DUVAL,(904) 296-3700,Acute Care Hospitals,Voluntary non-profit - Private,Yes,Y,4,29,8,6,0,6,0,29,8,4,1,3,0,29,11,8,1,6,1,29,15,10,29,10,8,29
100313,ASCENSION SACRED HEART GULF,3801 E HWY 98,PORT SAINT JOE,FL,32456,GULF,(850) 229-5600,Acute Care Hospitals,Voluntary non-profit - Private,Yes,,3,29,8,3,0,3,0,29,8,Not Available,Not Available,Not Available,Not Available,5,11,4,0,3,1,29,15,Not Available,5,10,5,29
100314,WEST KENDALL BAPTIST HOSPITAL,9555 SW 162 AVE,MIAMI,FL,33196,MIAMI-DADE,(786) 467-2000,Acute Care Hospitals,Voluntary non-profit - Private,Yes,Y,5,,8,5,2,3,0,,8,7,2,5,0,,11,6,1,4,1,,15,15,,10,8,
100315,VIERA HOSPITAL,8745 N WICKHAM RD,MELBOURNE,FL,32940,BREVARD,(321) 434-9000,Acute Care Hospitals,Voluntary non-profit - Private,Yes,Y,5,,8,7,0,7,0,,8,7,1,6,0,,11,7,2,4,1,,15,15,,10,9,
100316,PALM BAY HOSPITAL,"1425 MALABAR RD, NE",PALM BAY,FL,32907,BREVARD,(321) 434-8000,Acute Care Hospitals,Proprietary,Yes,,3,,8,6,0,6,0,,8,6,1,5,0,,11,8,1,7,0,,15,15,,10,7,
100319,ADVENTHEALTH WESLEY CHAPEL,2600 BRUCE B DOWNS BLVD,WESLEY CHAPEL,FL,33544,PASCO,(813) 929-5000,Acute Care Hospitals,Voluntary non-profit - Private,Yes,Y,5,,8,7,0,7,0,,8,7,1,6,0,,11,8,2,6,0,,15,15,,10,8,
100320,HCA FLORIDA POINCIANA HOSPITAL,325 CYPRESS PKWY,KISSIMMEE,FL,34758,OSCEOLA,(407) 530-2000,Acute Care Hospitals,Proprietary,Yes,,2,,8,6,0,6,0,,8,2,1,1,0,,11,5,0,3,2,,15,15,,10,7,
100321,ASCENSION ST VINCENT'S CLAY COUNTY,1670 ST VINCENTS WAY,MIDDLEBURG,FL,32068,CLAY,(904) 602-1000,Acute Care Hospitals,Voluntary non-profit - Private,Yes,Y,3,29,8,7,0,7,0,29,8,3,0,3,0,29,11,8,0,7,1,29,15,10,29,10,8,29
100329,OVIEDO MEDICAL CENTER,8300 RED BUG LAKE RD,OVIEDO,FL,32765,SEMINOLE,(615) 850-6055,Acute Care Hospitals,Proprietary,Yes,Y,3,,8,5,0,5,0,,8,5,1,3,1,,11,6,0,4,2,,15,15,,10,6,
100330,HALIFAX HEALTH /UF HEALTH MEDICAL CENTER OF DELTON,3300 HALIFAX CROSSINGS BLVD,DELTONA,FL,32725,VOLUSIA,(386) 425-4806,Acute Care Hospitals,Government - Local,Yes,,Not Available,16,8,2,0,2,0,,8,2,0,2,0,,11,3,1,2,0,,15,10,,10,6,
100350,UCF LAKE NONA HOSPITAL,6700 LAKE NONA BLVD,ORLANDO,FL,32827,ORANGE,(850) 523-2115,Acute Care Hospitals,Proprietary,Yes,Y,3,,8,3,0,3,0,,8,2,1,1,0,,11,4,0,4,0,,15,15,,10,7,
100359,SARASOTA MEMORIAL HOSPITAL - VENICE,2600 LAUREL ROAD EAST,NORTH VENICE,FL,34275,SARASOTA,(941) 917-7299,Acute Care Hospitals,Government - Hospital District or Authority,Yes,Y,5,,8,7,0,7,0,,8,7,3,4,0,,11,8,2,6,0,,15,15,,10,8,
100360,HCA FLORIDA UNIVERSITY HOSPITAL,3476 S UNIVERSITY DR.,DAVIE,FL,33328,BROWARD,(954) 475-4400,Acute Care Hospitals,Proprietary,Yes,Y,3,,8,3,0,3,0,,8,5,1,4,0,,11,4,0,4,0,,15,15,,10,6,
100361,ASCENSION ST VINCENT'S ST JOHNS COUNTY,205 TRINITY WAY,ST. JOHNS,FL,32259,ST. JOHNS,(904) 450-6020,Acute Care Hospitals,Voluntary non-profit - Private,Yes,,4,29,8,3,0,3,0,29,8,1,0,1,0,29,11,5,0,5,0,29,15,10,29,10,6,29
100362,BAYCARE HOSPITAL WESLEY CHAPEL,4501 BRUCE B DOWNS BLVD,WESLEY CHAPEL,FL,33544,PASCO,(813) 914-1000,Acute Care Hospitals,Proprietary,Yes,,Not Available,16,8,2,0,2,0,,8,2,0,2,0,,11,2,0,2,0,,15,15,,10,6,
100363,ADVENTHEALTH PALM COAST PARKWAY,1 ADVENTHEALTH WAY,PALM COAST,FL,32137,FLAGLER,(386) 302-1800,Acute Care Hospitals,Voluntary non-profit - Private,Yes,,4,,8,4,0,4,0,,8,2,1,1,0,,11,4,0,3,1,,15,15,,10,5,
100364,ADVENTHEALTH RIVERVIEW,9330 US HWY 301 S,RIVERVIEW,FL,33578,HILLSBOROUGH,(813) 929-5962,Acute Care Hospitals,Voluntary non-profit - Private,Yes,,Not Available,5,8,Not Available,Not Available,Not Available,Not Available,5,8,Not Available,Not Available,Not Available,Not Available,5,11,Not Available,Not Available,Not Available,Not Available,5,15,Not Available,5,10,Not Available,16
100365,NORTH WALTON DOCTORS HOSPITAL,4413 US HWY 331 S,DEFUNIAK SPRINGS,FL,32435,WALTON,(850) 920-2065,Acute Care Hospitals,Physician,Yes,,Not Available,19,Not Available,Not Available,Not Available,Not Available,Not Available,19,Not Available,Not Available,Not Available,Not Available,Not Available,19,Not Available,Not Available,Not Available,Not Available,Not Available,19,Not Available,Not Available,19,Not Available,Not Available,19
10057F,VA NORTH FLORIDA/SOUTH GEORGIA HEALTHCARE SYSTEM - GAINESVILLE,1601 S W ARCHER ROAD,GAINESVILLE,FL,32608,ALACHUA,(352) 376-1611,Acute Care - Veterans Administration,Veterans Health Administration,Yes,,4,,8,5,3,2,0,,8,4,0,4,0,,11,6,0,4,2,,15,10,,10,5,
10063F,TAMPA VA MEDICAL CENTER,13000 BRUCE B DOWNS BLVD.,TAMPA,FL,33612,HILLSBOROUGH,(813) 972-2000,Acute Care - Veterans Administration,Veterans Health Administration,Yes,,4,,8,5,3,2,0,,8,4,0,4,0,,11,6,1,3,2,,15,10,,10,5,
10064F,MIAMI VA MEDICAL CENTER,1201 N W 16TH STREET,MIAMI,FL,33125,MIAMI-DADE,(305) 324-4455,Acute Care - Veterans Administration,Veterans Health Administration,Yes,,4,,8,4,0,4,0,,8,4,0,3,1,,11,6,0,4,2,,15,10,,10,5,
10065F,W PALM BEACH VA MEDICAL CENTER,7305 N. MILITARY TRAIL,WEST PALM BEACH,FL,33410,PALM BEACH,(561) 422-8600,Acute Care - Veterans Administration,Veterans Health Administration,Yes,,3,,8,5,1,4,0,,8,4,0,4,0,,11,6,0,4,2,,15,10,,10,4,
10099F,ORLANDO VA MEDICAL CENTER,13800 VETERANS WAY,ORLANDO,FL,32827,ORANGE,(407) 631-1000,Acute Care - Veterans Administration,Veterans Health Administration,Yes,,5,,8,5,2,3,0,,8,4,0,4,0,,11,6,1,4,1,,15,10,,10,5,
101300,ADVENTHEALTH WAUCHULA,735 S 5TH AVE,WAUCHULA,FL,33873,HARDEE,(863) 773-3101,Critical Access Hospitals,Voluntary non-profit - Private,Yes,,Not Available,16,8,Not Available,Not Available,Not Available,Not Available,5,8,Not Available,Not Available,Not Available,Not Available,5,11,Not Available,Not Available,Not Available,Not Available,5,15,Not Available,5,10,4,
101303,LAKE BUTLER HOSPITAL,850 E MAIN ST,LAKE BUTLER,FL,32054,UNION,(386) 496-2323,Critical Access Hospitals,Proprietary,Yes,,Not Available,16,8,Not Available,Not Available,Not Available,Not Available,5,8,Not Available,Not Available,Not Available,Not Available,5,11,Not Available,Not Available,Not Available,Not Available,5,15,Not Available,5,10,3,
101304,CALHOUN-LIBERTY HOSPITAL,16257 STATE RD 71S,BLOUNTSTOWN,FL,32424,CALHOUN,(850) 674-5411,Critical Access Hospitals,Voluntary non-profit - Private,Yes,,Not Available,16,8,2,0,2,0,,8,Not Available,Not Available,Not Available,Not Available,5,11,2,1,1,0,,15,Not Available,5,10,5,
101305,GEORGE E WEEMS MEMORIAL HOSPITAL,135 AVE G,APALACHICOLA,FL,32320,FRANKLIN,(850) 653-8853,Critical Access Hospitals,Government - Local,Yes,,Not Available,16,8,Not Available,Not Available,Not Available,Not Available,5,8,Not Available,Not Available,Not Available,Not Available,5,11,Not Available,Not Available,Not Available,Not Available,5,15,Not Available,5,10,Not Available,5
101307,DOCTORS MEMORIAL HOSPITAL,2600 HOSPITAL DR,BONIFAY,FL,32425,HOLMES,(850) 547-1120,Critical Access Hospitals,Government - Hospital District or Authority,No,,2,,8,3,0,2,1,,8,Not Available,Not Available,Not Available,Not Available,5,11,4,0,4,0,,15,Not Available,5,10,3,
101308,NORTHWEST FLORIDA COMMUNITY HOSPITAL,1360 BRICKYARD RD,CHIPLEY,FL,32428,WASHINGTON,(850) 638-1610,Critical Access Hospitals,Voluntary non-profit - Private,Yes,,2,,8,4,0,3,1,,8,Not Available,Not Available,Not Available,Not Available,5,11,5,0,5,0,,15,Not Available,5,10,4,
101309,HENDRY REGIONAL MEDICAL CENTER,524 W SAGAMORE AVE,CLEWISTON,FL,33440,HENDRY,(863) 902-3033,Critical Access Hospitals,Voluntary non-profit - Other,Yes,,Not Available,16,8,1,0,1,0,,8,Not Available,Not Available,Not Available,Not Available,5,11,2,0,2,0,,15,Not Available,5,10,7,
101311,MADISON COUNTY MEMORIAL HOSPITAL,224 NW CRANE AVE,MADISON,FL,32340,MADISON,(850) 973-2271,Critical Access Hospitals,Government - Hospital District or Authority,Yes,,Not Available,16,8,1,0,1,0,,8,Not Available,Not Available,Not Available,Not Available,5,11,1,0,1,0,,15,Not Available,5,10,5,
101312,FISHERMEN'S COMMUNITY HOSPITAL,3301 OVERSEAS HWY,MARATHON,FL,33050,MONROE,(305) 434-1000,Critical Access Hospitals,Voluntary non-profit - Private,Yes,,Not Available,16,8,1,0,1,0,,8,Not Available,Not Available,Not Available,Not Available,5,11,4,0,4,0,,15,5,,10,5,
101313,MARINERS HOSPITAL,91500 OVERSEAS HIGHWAY,TAVERNIER,FL,33070,MONROE,(305) 434-3000,Critical Access Hospitals,Voluntary non-profit - Private,Yes,,5,,8,3,0,3,0,,8,Not Available,Not Available,Not Available,Not Available,5,11,7,1,6,0,,15,5,,10,9,
101314,DOCTORS MEMORIAL HOSPITAL INC,333 N BYRON BUTLER PKWY,PERRY,FL,32347,TAYLOR,(850) 584-0800,Critical Access Hospitals,Voluntary non-profit - Private,Yes,,Not Available,16,8,Not Available,Not Available,Not Available,Not Available,5,8,Not Available,Not Available,Not Available,Not Available,5,11,Not Available,Not Available,Not Available,Not Available,5,15,Not Available,5,10,4,
101315,JAY HOSPITAL,14114 ALABAMA ST,JAY,FL,32565,SANTA ROSA,(850) 675-4532,Critical Access Hospitals,Voluntary non-profit - Private,Yes,,Not Available,16,8,1,0,1,0,,8,Not Available,Not Available,Not Available,Not Available,5,11,1,0,1,0,,15,5,,10,2,
103300,JOHNS HOPKINS ALL CHILDREN'S HOSPITAL,501 SIXTH AVENUE SOUTH,SAINT PETERSBURG,FL,33701,PINELLAS,(713) 898-7451,Childrens,Voluntary non-profit - Private,Yes,,Not Available,19,Not Available,Not Available,Not Available,Not Available,Not Available,19,Not Available,Not Available,Not Available,Not Available,Not Available,19,Not Available,Not Available,Not Available,Not Available,Not Available,19,Not Available,Not Available,19,Not Available,Not Available,19
103301,NICKLAUS CHILDREN'S HOSPITAL,3100 SW 62ND AVE,MIAMI,FL,33155,MIAMI-DADE,(305) 666-6511,Childrens,Voluntary non-profit - Private,Yes,,Not Available,19,Not Available,Not Available,Not Available,Not Available,Not Available,19,Not Available,Not Available,Not Available,Not Available,Not Available,19,Not Available,Not Available,Not Available,Not Available,Not Available,19,Not Available,Not Available,19,Not Available,Not Available,19
103304,"NEMOURS CHILDRENS HOSPITAL, FLORIDA",6535 NEMOURS PKWY,ORLANDO,FL,32827,ORANGE,(407) 567-4000,Childrens,Voluntary non-profit - Private,Yes,,Not Available,19,Not Available,Not Available,Not Available,Not Available,Not Available,19,Not Available,Not Available,Not Available,Not Available,Not Available,19,Not Available,Not Available,Not Available,Not Available,Not Available,19,Not Available,Not Available,19,Not Available,Not Available,19
104000,FLORIDA STATE HOSPITAL UNIT 14 PSYCH,100 N MAIN ST,CHATTAHOOCHEE,FL,32324,GADSDEN,(850) 663-7536,Psychiatric,Government - State,No,,Not Available,19,Not Available,Not Available,Not Available,Not Available,Not Available,19,Not Available,Not Available,Not Available,Not Available,Not Available,19,Not Available,Not Available,Not Available,Not Available,Not Available,19,Not Available,Not Available,19,Not Available,Not Available,19
104001,SOUTH FLORIDA STATE HOSPITAL,800 E CYPRESS DR,PEMBROKE PINES,FL,33025,BROWARD,(305) 967-7000,Psychiatric,Government - Local,Yes,,Not Available,19,Not Available,Not Available,Not Available,Not Available,Not Available,19,Not Available,Not Available,Not Available,Not Available,Not Available,19,Not Available,Not Available,Not Available,Not Available,Not Available,19,Not Available,Not Available,19,Not Available,Not Available,19
104007,NORTHEAST FLORIDA STATE HOSPITAL,7487 S STATE RD 121,MACCLENNY,FL,32063,BAKER,(904) 330-2001,Psychiatric,Government - State,No,,Not Available,19,Not Available,Not Available,Not Available,Not Available,Not Available,19,Not Available,Not Available,Not Available,Not Available,Not Available,19,Not Available,Not Available,Not Available,Not Available,Not Available,19,Not Available,Not Available,19,Not Available,Not Available,19
104016,RIVER POINT BEHAVIORAL HEALTH,6300 BEACH BLVD,JACKSONVILLE,FL,32216,DUVAL,(904) 724-9202,Psychiatric,Proprietary,No,,Not Available,19,Not Available,Not Available,Not Available,Not Available,Not Available,19,Not Available,Not Available,Not Available,Not Available,Not Available,19,Not Available,Not Available,Not Available,Not Available,Not Available,19,Not Available,Not Available,19,Not Available,Not Available,19
104017,WINDMOOR HEALTHCARE OF CLEARWATER,11300 US 19 N,CLEARWATER,FL,33764,PINELLAS,(727) 541-2646,Psychiatric,Proprietary,No,,Not Available,19,Not Available,Not Available,Not Available,Not Available,Not Available,19,Not Available,Not Available,Not Available,Not Available,Not Available,19,Not Available,Not Available,Not Available,Not Available,Not Available,19,Not Available,Not Available,19,Not Available,Not Available,19
104018,LIFESTREAM BEHAVIORAL CENTER,2020 TALLY RD,LEESBURG,FL,34748,LAKE,(352) 315-7800,Psychiatric,Proprietary,No,,Not Available,19,Not Available,Not Available,Not Available,Not Available,Not Available,19,Not Available,Not Available,Not Available,Not Available,Not Available,19,Not Available,Not Available,Not Available,Not Available,Not Available,19,Not Available,Not Available,19,Not Available,Not Available,19
104024,"CIRCLES OF CARE, INC",400 E SHERIDAN RD,MELBOURNE,FL,32901,BREVARD,(321) 984-4900,Psychiatric,Voluntary non-profit - Private,No,,Not Available,19,Not Available,Not Available,Not Available,Not Available,Not Available,19,Not Available,Not Available,Not Available,Not Available,Not Available,19,Not Available,Not Available,Not Available,Not Available,Not Available,19,Not Available,Not Available,19,Not Available,Not Available,19
104026,FORT LAUDERDALE BEHAVIORAL HEALTH CENTER,5757 N DIXIE HWY,OAKLAND PARK,FL,33334,BROWARD,(954) 734-2000,Psychiatric,Proprietary,No,,Not Available,19,Not Available,Not Available,Not Available,Not Available,Not Available,19,Not Available,Not Available,Not Available,Not Available,Not Available,19,Not Available,Not Available,Not Available,Not Available,Not Available,19,Not Available,Not Available,19,Not Available,Not Available,19
104040,CENTERSTONE OF FLORIDA,2020 26TH AVE E,BRADENTON,FL,34208,MANATEE,(941) 782-4299,Psychiatric,Voluntary non-profit - Private,No,,Not Available,19,Not Available,Not Available,Not Available,Not Available,Not Available,19,Not Available,Not Available,Not Available,Not Available,Not Available,19,Not Available,Not Available,Not Available,Not Available,Not Available,19,Not Available,Not Available,19,Not Available,Not Available,19
104049,SOUTHERN WINDS HOSPITAL,4225 W 20TH AVE,HIALEAH,FL,33012,MIAMI-DADE,(305) 558-9700,Psychiatric,Proprietary,No,,Not Available,19,Not Available,Not Available,Not Available,Not Available,Not Available,19,Not Available,Not Available,Not Available,Not Available,Not Available,19,Not Available,Not Available,Not Available,Not Available,Not Available,19,Not Available,Not Available,19,Not Available,Not Available,19
104057,SPRINGBROOK HOSPITAL,7007 GROVE RD,BROOKSVILLE,FL,34609,HERNANDO,(352) 596-4306,Psychiatric,Voluntary non-profit - Private,No,,Not Available,19,Not Available,Not Available,Not Available,Not Available,Not Available,19,Not Available,Not Available,Not Available,Not Available,Not Available,19,Not Available,Not Available,Not Available,Not Available,Not Available,19,Not Available,Not Available,19,Not Available,Not Available,19
104059,EASTSIDE PSYCHIATRIC HOSPITAL,"2634B CAPITAL CIRCLE NE, 2ND FLR",TALLAHASSEE,FL,32308,LEON,(904) 487-2930,Psychiatric,Voluntary non-profit - Private,No,,Not Available,19,Not Available,Not Available,Not Available,Not Available,Not Available,19,Not Available,Not Available,Not Available,Not Available,Not Available,19,Not Available,Not Available,Not Available,Not Available,Not Available,19,Not Available,Not Available,19,Not Available,Not Available,19
104063,"WILLOUGH AT NAPLES, THE",9001 TAMIAMI TRAIL EAST,NAPLES,FL,34113,COLLIER,(239) 775-4500,Psychiatric,Proprietary,No,,Not Available,19,Not Available,Not Available,Not Available,Not Available,Not Available,19,Not Available,Not Available,Not Available,Not Available,Not Available,19,Not Available,Not Available,Not Available,Not Available,Not Available,19,Not Available,Not Available,19,Not Available,Not Available,19
104067,ASPIRE HEALTH PARTNERS,1800 MERCY DR,ORLANDO,FL,32808,ORANGE,(407) 875-3700,Psychiatric,Voluntary non-profit - Private,No,,Not Available,19,Not Available,Not Available,Not Available,Not Available,Not Available,19,Not Available,Not Available,Not Available,Not Available,Not Available,19,Not Available,Not Available,Not Available,Not Available,Not Available,19,Not Available,Not Available,19,Not Available,Not Available,19
104069,WEKIVA SPRINGS,3947 SALISBURY RD,JACKSONVILLE,FL,32216,DUVAL,(904) 296-3533,Psychiatric,Proprietary,No,,Not Available,19,Not Available,Not Available,Not Available,Not Available,Not Available,19,Not Available,Not Available,Not Available,Not Available,Not Available,19,Not Available,Not Available,Not Available,Not Available,Not Available,19,Not Available,Not Available,19,Not Available,Not Available,19
104070,PORT ST LUCIE HOSPITAL,2550 SE WALTON RD,PORT SAINT LUCIE,FL,34952,ST. LUCIE,(772) 335-0400,Psychiatric,Proprietary,Yes,,Not Available,19,Not Available,Not Available,Not Available,Not Available,Not Available,19,Not Available,Not Available,Not Available,Not Available,Not Available,19,Not Available,Not Available,Not Available,Not Available,Not Available,19,Not Available,Not Available,19,Not Available,Not Available,19
104071,THE VINES HOSPITAL,3130 SW 27TH AVE,OCALA,FL,34471,MARION,(352) 671-3130,Psychiatric,Proprietary,No,,Not Available,19,Not Available,Not Available,Not Available,Not Available,Not Available,19,Not Available,Not Available,Not Available,Not Available,Not Available,19,Not Available,Not Available,Not Available,Not Available,Not Available,19,Not Available,Not Available,19,Not Available,Not Available,19
104072,CENTRAL FLORIDA BEHAVIORAL HOSPITAL,6601 CENTRAL FLORIDA PARKWAY,ORLANDO,FL,32821,ORANGE,(407) 370-0111,Psychiatric,Proprietary,No,,Not Available,19,Not Available,Not Available,Not Available,Not Available,Not Available,19,Not Available,Not Available,Not Available,Not Available,Not Available,19,Not Available,Not Available,Not Available,Not Available,Not Available,19,Not Available,Not Available,19,Not Available,Not Available,19
104073,EMERALD COAST BEHAVIORAL HOSPITAL,1940 HARRISON AVE,PANAMA CITY,FL,32405,BAY,(850) 763-0017,Psychiatric,Proprietary,No,,Not Available,19,Not Available,Not Available,Not Available,Not Available,Not Available,19,Not Available,Not Available,Not Available,Not Available,Not Available,19,Not Available,Not Available,Not Available,Not Available,Not Available,19,Not Available,Not Available,19,Not Available,Not Available,19
104074,PARK ROYAL HOSPITAL,9241 PARK ROYAL DR,FORT MYERS,FL,33908,LEE,(239) 332-0125,Psychiatric,Proprietary,No,,Not Available,19,Not Available,Not Available,Not Available,Not Available,Not Available,19,Not Available,Not Available,Not Available,Not Available,Not Available,19,Not Available,Not Available,Not Available,Not Available,Not Available,19,Not Available,Not Available,19,Not Available,Not Available,19
104075,NORTH TAMPA BEHAVIORAL HEALTH,29910 SR 56,WESLEY CHAPEL,FL,33543,PASCO,(813) 333-0000,Psychiatric,Proprietary,No,,Not Available,19,Not Available,Not Available,Not Available,Not Available,Not Available,19,Not Available,Not Available,Not Available,Not Available,Not Available,19,Not Available,Not Available,Not Available,Not Available,Not Available,19,Not Available,Not Available,19,Not Available,Not Available,19
104076,UNIVERSITY BEHAVIORAL CENTER,2500 DISCOVERY DRIVE,ORLANDO,FL,32826,ORANGE,(407) 281-7000,Psychiatric,Voluntary non-profit - Private,No,,Not Available,19,Not Available,Not Available,Not Available,Not Available,Not Available,19,Not Available,Not Available,Not Available,Not Available,Not Available,19,Not Available,Not Available,Not Available,Not Available,Not Available,19,Not Available,Not Available,19,Not Available,Not Available,19
104078,SUNCOAST BEHAVIORAL HEALTH CENTER,4480 51ST ST W,BRADENTON,FL,34210,MANATEE,(941) 251-5000,Psychiatric,Proprietary,No,,Not Available,19,Not Available,Not Available,Not Available,Not Available,Not Available,19,Not Available,Not Available,Not Available,Not Available,Not Available,19,Not Available,Not Available,Not Available,Not Available,Not Available,19,Not Available,Not Available,19,Not Available,Not Available,19
104079,LARKIN COMMUNITY HOSPITAL BEHAVIORAL HEALTH SRVS,1201 N 37TH AVE,HOLLYWOOD,FL,33021,BROWARD,(954) 962-1355,Psychiatric,Proprietary,No,,Not Available,19,Not Available,Not Available,Not Available,Not Available,Not Available,19,Not Available,Not Available,Not Available,Not Available,Not Available,19,Not Available,Not Available,Not Available,Not Available,Not Available,19,Not Available,Not Available,19,Not Available,Not Available,19
104080,CORAL SHORES BEHAVIORAL HEALTH,5995 SE COMMUNITY DRIVE,STUART,FL,34997,MARTIN,(772) 403-4000,Psychiatric,Voluntary non-profit - Other,No,,Not Available,19,Not Available,Not Available,Not Available,Not Available,Not Available,19,Not Available,Not Available,Not Available,Not Available,Not Available,19,Not Available,Not Available,Not Available,Not Available,Not Available,19,Not Available,Not Available,19,Not Available,Not Available,19
104081,BLACKBERRY CENTER - OGLETHORPE OF ORLANDO,91 BEEHIVE CIR,SAINT CLOUD,FL,34769,OSCEOLA,(321) 805-5090,Psychiatric,Voluntary non-profit - Private,No,,Not Available,19,Not Available,Not Available,Not Available,Not Available,Not Available,19,Not Available,Not Available,Not Available,Not Available,Not Available,19,Not Available,Not Available,Not Available,Not Available,Not Available,19,Not Available,Not Available,19,Not Available,Not Available,19
104082,PALM POINT BEHAVIORAL HEALTH,2355 TRUMAN SCARBOROUGH WAY,TITUSVILLE,FL,32796,BREVARD,(321) 603-6550,Psychiatric,Proprietary,No,,Not Available,19,Not Available,Not Available,Not Available,Not Available,Not Available,19,Not Available,Not Available,Not Available,Not Available,Not Available,19,Not Available,Not Available,Not Available,Not Available,Not Available,19,Not Available,Not Available,19,Not Available,Not Available,19
104084,NEUROBEHAVIORAL HOSPITAL OF THE PALM BEACHES-NORTH,993 45TH ST,MAGNONIA PARK,FL,33407,PALM BEACH,(954) 874-7866,Psychiatric,Voluntary non-profit - Private,No,,Not Available,19,Not Available,Not Available,Not Available,Not Available,Not Available,19,Not Available,Not Available,Not Available,Not Available,Not Available,19,Not Available,Not Available,Not Available,Not Available,Not Available,19,Not Available,Not Available,19,Not Available,Not Available,19
104085,NEUROBEHAVIORAL HOSPITAL OF THE PALM BEACHES-SOUTH,4905 PARK RIDGE BLVD,BOYNTON BEACH,FL,33426,PALM BEACH,(954) 354-8632,Psychiatric,Voluntary non-profit - Private,No,,Not Available,19,Not Available,Not Available,Not Available,Not Available,Not Available,19,Not Available,Not Available,Not Available,Not Available,Not Available,19,Not Available,Not Available,Not Available,Not Available,Not Available,19,Not Available,Not Available,19,Not Available,Not Available,19
104087,NORTH PORT BEHAVIORAL HEALTH,4501 CITIZENS PARKWAY,NORTH PORT,FL,34288,SARASOTA,(850) 212-0217,Psychiatric,Proprietary,No,,Not Available,19,Not Available,Not Available,Not Available,Not Available,Not Available,19,Not Available,Not Available,Not Available,Not Available,Not Available,19,Not Available,Not Available,Not Available,Not Available,Not Available,19,Not Available,Not Available,19,Not Available,Not Available,19
110001,HAMILTON MEDICAL CENTER,1200 MEMORIAL DRIVE,DALTON,GA,30720,WHITFIELD,(706) 272-6105,Acute Care Hospitals,Voluntary non-profit - Private,No,Y,3,,8,8,0,7,1,,8,6,2,4,0,,11,10,0,9,1,,15,15,,10,9,
110002,UPSON REGIONAL MEDICAL CENTER,801 W GORDON STREET,THOMASTON,GA,30286,UPSON,(706) 647-8111,Acute Care Hospitals,Voluntary non-profit - Other,Yes,Y,1,,8,6,0,4,2,,8,4,1,3,0,,11,6,0,5,1,,15,15,,10,8,
110003,Memorial Satilla Health,1900 TEBEAU STREET,WAYCROSS,GA,31501,WARE,(912) 287-2500,Acute Care Hospitals,Voluntary non-profit - Private,Yes,,3,,8,6,0,5,1,,8,6,1,5,0,,11,9,0,7,2,,15,15,,10,9,
110005,NORTHSIDE HOSPITAL FORSYTH,1200 NORTHSIDE FORSYTH DRIVE,CUMMING,GA,30041,FORSYTH,(770) 844-3200,Acute Care Hospitals,Voluntary non-profit - Private,Yes,Y,4,,8,7,1,6,0,,8,8,1,6,1,,11,10,2,8,0,,15,15,,10,10,
110006,ST MARY'S HOSPITAL,1230 BAXTER STREET,ATHENS,GA,30606,CLARKE,(706) 389-3000,Acute Care Hospitals,Voluntary non-profit - Private,Yes,Y,1,,8,7,0,7,0,,8,7,1,4,2,,11,8,0,6,2,,15,15,,10,8,
110007,PHOEBE PUTNEY MEMORIAL HOSPITAL,417 THIRD AVENUE,ALBANY,GA,31703,DOUGHERTY,(229) 312-4068,Acute Care Hospitals,Government - Hospital District or Authority,Yes,Y,2,,8,8,0,8,0,,8,8,2,6,0,,11,11,0,11,0,,15,15,,10,9,
110008,NORTHSIDE HOSPITAL CHEROKEE,450 NORTHSIDE CHEROKEE BOULEVARD,CANTON,GA,30115,CHEROKEE,(770) 244-1000,Acute Care Hospitals,Voluntary non-profit - Other,Yes,Y,4,,8,7,2,5,0,,8,8,2,4,2,,11,10,2,7,1,,15,15,,10,10,
110010,EMORY UNIVERSITY HOSPITAL,"1364 CLIFTON ROAD, NE",ATLANTA,GA,30322,DE KALB,(404) 686-8500,Acute Care Hospitals,Voluntary non-profit - Private,Yes,,4,,8,8,3,5,0,,8,8,1,6,1,,11,11,1,8,2,,15,15,,10,9,
110011,TANNER MEDICAL CENTER - CARROLLTON,705 DIXIE STREET,CARROLLTON,GA,30117,CARROLL,(770) 836-9580,Acute Care Hospitals,Government - Hospital District or Authority,No,Y,2,,8,7,0,7,0,,8,6,1,4,1,,11,7,0,4,3,,15,15,,10,9,
110015,TANNER MEDICAL CENTER VILLA RICA,601 DALLAS HIGHWAY,VILLA RICA,GA,30180,CARROLL,(770) 456-3101,Acute Care Hospitals,Government - Hospital District or Authority,Yes,Y,3,,8,6,0,6,0,,8,3,0,3,0,,11,9,0,6,3,,15,15,,10,9,
110016,WELLSTAR WEST GEORGIA MEDICAL CENTER,1514 VERNON ROAD,LAGRANGE,GA,30240,TROUP,(706) 882-1411,Acute Care Hospitals,Voluntary non-profit - Private,Yes,Y,5,,8,7,0,7,0,,8,6,1,5,0,,11,9,0,9,0,,15,15,,10,9,
110018,PIEDMONT NEWTON HOSPITAL,5126 HOSPITAL DRIVE NE,COVINGTON,GA,30014,NEWTON,(770) 786-7053,Acute Care Hospitals,Voluntary non-profit - Private,Yes,Y,3,,8,6,0,6,0,,8,7,1,6,0,,11,9,0,9,0,,15,15,,10,10,
110023,ADVENTHEALTH GORDON,1035 RED BUD ROAD,CALHOUN,GA,30701,GORDON,(706) 629-2895,Acute Care Hospitals,Voluntary non-profit - Church,No,Y,3,,8,7,0,7,0,,8,5,0,4,1,,11,8,2,6,0,,15,15,,10,8,
110024,CANDLER HOSPITAL,5353 REYNOLDS STREET,SAVANNAH,GA,31405,CHATHAM,(912) 819-5290,Acute Care Hospitals,Voluntary non-profit - Other,Yes,Y,2,,8,6,0,5,1,,8,7,2,4,1,,11,8,0,7,1,,15,15,,10,7,
110025,SOUTHEAST GEORGIA HEALTH SYSTEM- BRUNSWICK CAMPUS,2415 PARKWOOD DRIVE,BRUNSWICK,GA,31520,GLYNN,(912) 466-7000,Acute Care Hospitals,Government - Hospital District or Authority,No,,2,,8,7,0,7,0,,8,8,1,6,1,,11,10,1,8,1,,15,15,,10,10,
110027,"TY COBB REGIONAL MEDICAL CENTER, LLC",367 CLEAR CREEK PARKWAY,LAVONIA,GA,30553,FRANKLIN,(706) 356-7800,Acute Care Hospitals,Voluntary non-profit - Private,Yes,Y,3,,8,5,0,5,0,,8,2,0,2,0,,11,6,1,4,1,,15,15,,10,8,
110028,PIEDMONT AUGUSTA HOSPITAL,1350 WALTON WAY,AUGUSTA,GA,30901,RICHMOND,(706) 722-9011,Acute Care Hospitals,Government - Hospital District or Authority,Yes,Y,2,,8,8,0,8,0,,8,8,2,6,0,,11,9,1,6,2,,15,15,,10,9,
110029,"NORTHEAST GEORGIA MEDICAL CENTER, INC",743 SPRING STREET,GAINESVILLE,GA,30501,HALL,(770) 535-3553,Acute Care Hospitals,Government - Local,Yes,Y,3,,8,8,0,8,0,,8,8,3,4,1,,11,11,1,8,2,,15,15,,10,10,
110030,PIEDMONT CARTERSVILLE MEDICAL CENTER,960 JOE FRANK HARRIS PARKWAY,CARTERSVILLE,GA,30120,BARTOW,(470) 490-1000,Acute Care Hospitals,Voluntary non-profit - Private,Yes,Y,3,,8,7,1,6,0,,8,6,1,5,0,,11,7,0,6,1,,15,15,,10,7,
110031,WELLSTAR SPALDING MEDICAL CENTER,601 SOUTH 8TH STREET,GRIFFIN,GA,30223,SPALDING,(770) 228-2721,Acute Care Hospitals,Proprietary,Yes,Y,2,,8,6,0,6,0,,8,7,1,6,0,,11,7,1,5,1,,15,15,,10,8,
110032,STEPHENS COUNTY HOSPITAL,163 HOSPITAL DRIVE,TOCCOA,GA,30577,STEPHENS,(706) 282-4250,Acute Care Hospitals,Government - Hospital District or Authority,Yes,,2,,8,4,0,4,0,,8,2,0,2,0,,11,6,1,4,1,,15,15,,10,7,
110034,"WELLSTAR MCG HEALTH, AFFILIATED WITH MED COL",1120 15TH STREET,AUGUSTA,GA,30912,RICHMOND,(706) 721-6569,Acute Care Hospitals,Voluntary non-profit - Other,Yes,Y,1,,8,8,0,6,2,,8,7,1,3,3,,11,10,1,7,2,,15,15,,10,8,
110035,WELLSTAR KENNESTONE REGIONAL MEDICAL CENTER,677 CHURCH STREET,MARIETTA,GA,30060,COBB,(770) 793-5000,Acute Care Hospitals,Government - Hospital District or Authority,Yes,Y,4,,8,8,3,5,0,,8,8,4,4,0,,11,11,1,9,1,,15,15,,10,9,
110036,SAVANNAH HEALTH SERVICES LLC DBA MEMORIAL HEALTH UNIVERSITY MEDICAL CENTER,4700 WATERS AVENUE,SAVANNAH,GA,31404,CHATHAM,(912) 350-3691,Acute Care Hospitals,Voluntary non-profit - Other,Yes,Y,1,,8,8,0,7,1,,8,8,4,3,1,,11,9,0,6,3,,15,15,,10,8,
110038,ARCHBOLD MEMORIAL HOSPITAL,915 GORDON AVENUE & MIMOSA DRIVE,THOMASVILLE,GA,31792,THOMAS,(229) 228-2880,Acute Care Hospitals,Voluntary non-profit - Private,Yes,Y,2,,8,7,0,7,0,,8,6,1,5,0,,11,10,1,8,1,,15,15,,10,8,
110041,NORTHEAST GEORGIA MEDICAL CENTER HABERSHAM,541 HISTORIC HIGHWAY 441-NORTH,DEMOREST,GA,30535,HABERSHAM,(706) 754-2161,Acute Care Hospitals,Government - Hospital District or Authority,Yes,Y,3,,8,4,0,4,0,,8,2,0,2,0,,11,6,1,5,0,,15,15,,10,8,
110042,WELLSTAR PAULDING MEDICAL CENTER,2518 JIMMY LEE SMITH PARKWAY,HIRAM,GA,30141,PAULDING,(470) 644-7000,Acute Care Hospitals,Voluntary non-profit - Other,No,,4,,8,7,0,7,0,,8,6,1,5,0,,11,7,0,6,1,,15,15,,10,9,
110043,ST JOSEPH'S HOSPITAL - SAVANNAH,11705 MERCY BOULEVARD,SAVANNAH,GA,31419,CHATHAM,(912) 819-4100,Acute Care Hospitals,Voluntary non-profit - Private,Yes,,2,,8,8,0,7,1,,8,7,1,5,1,,11,9,0,8,1,,15,15,,10,9,
110044,PHOEBE SUMTER MEDICAL CENTER,126 HIGHWAY 280 W,AMERICUS,GA,31719,SUMTER,(229) 931-1280,Acute Care Hospitals,Government - Hospital District or Authority,Yes,Y,3,,8,5,0,5,0,,8,4,1,3,0,,11,8,0,7,1,,15,15,,10,8,
110045,"NGMC BARROW, LLC",316 NORTH BROAD STREET,WINDER,GA,30680,BARROW,(770) 848-8611,Acute Care Hospitals,Proprietary,Yes,,4,,8,4,0,4,0,,8,2,0,2,0,,11,5,1,4,0,,15,15,,10,8,
110046,PIEDMONT WALTON HOSPITAL,2151 W SPRING STREET,MONROE,GA,30655,WALTON,(770) 267-8461,Acute Care Hospitals,Proprietary,Yes,Y,4,,8,6,0,6,0,,8,4,1,3,0,,11,6,0,6,0,,15,15,,10,9,
110050,ADVENTHEALTH MURRAY,"707 OLD DALTON ELLIJAY ROAD, PO BOX 1406",CHATSWORTH,GA,30705,MURRAY,(706) 517-2031,Acute Care Hospitals,Voluntary non-profit - Private,No,,5,,8,3,1,2,0,,8,Not Available,Not Available,Not Available,Not Available,5,11,4,2,2,0,,15,15,,10,7,
110051,UNION GENERAL HOSPITAL,35 HOSPITAL ROAD,BLAIRSVILLE,GA,30512,UNION,(706) 745-2111,Acute Care Hospitals,Government - Local,No,Y,3,,8,4,0,4,0,,8,4,1,3,0,,11,7,0,5,2,,15,15,,10,9,
110054,ATRIUM HEALTH FLOYD MEDICAL CENTER,304 TURNER MCCALL BOULEVARD,ROME,GA,30162,FLOYD,(706) 509-6900,Acute Care Hospitals,Government - Hospital District or Authority,No,Y,2,,8,7,0,5,2,,8,8,2,5,1,,11,8,0,6,2,,15,15,,10,9,
110064,PIEDMONT COLUMBUS REGIONAL MIDTOWN,710 CENTER STREET,COLUMBUS,GA,31901,MUSCOGEE,(706) 571-1000,Acute Care Hospitals,Voluntary non-profit - Other,Yes,Y,2,,8,7,0,6,1,,8,7,2,3,2,,11,9,1,6,2,,15,15,,10,7,
110069,EMORY HOUSTON HOSPITAL WARNER ROBINS,1601 WATSON BOULEVARD,WARNER ROBINS,GA,31093,HOUSTON,(478) 922-4281,Acute Care Hospitals,Voluntary non-profit - Private,Yes,Y,2,,8,7,0,6,1,,8,7,2,5,0,,11,10,0,7,3,,15,15,,10,8,
110071,APPLING HEALTHCARE,163 E TOLLISON STREET,BAXLEY,GA,31513,APPLING,(912) 367-9841,Acute Care Hospitals,Government - Hospital District or Authority,Yes,,Not Available,16,8,2,0,2,0,,8,Not Available,Not Available,Not Available,Not Available,5,11,2,0,1,1,,15,Not Available,5,10,5,
110073,DORMINY MEDICAL CENTER,"200 PERRY HOUSE ROAD, BOX 1447",FITZGERALD,GA,31750,BEN HILL,(229) 424-7100,Acute Care Hospitals,Government - Local,Yes,,Not Available,16,8,2,0,2,0,,8,1,0,1,0,,11,4,1,3,0,,15,5,,10,8,
110074,PIEDMONT ATHENS REGIONAL MEDICAL CENTER,1199 PRINCE AVENUE,ATHENS,GA,30606,CLARKE,(706) 475-7000,Acute Care Hospitals,Voluntary non-profit - Other,No,Y,4,,8,8,0,8,0,,8,7,3,4,0,,11,10,2,8,0,,15,15,,10,10,
110075,EAST GEORGIA REGIONAL MEDICAL CENTER,1499 FAIR ROAD,STATESBORO,GA,30458,BULLOCH,(912) 486-1500,Acute Care Hospitals,Proprietary,Yes,Y,3,,8,7,0,7,0,,8,7,1,6,0,,11,8,1,6,1,,15,15,,10,8,
110076,EMORY DECATUR HOSPITAL,2701 N DECATUR ROAD,DECATUR,GA,30033,DE KALB,(404) 501-1000,Acute Care Hospitals,Voluntary non-profit - Private,No,Y,2,,8,7,0,7,0,,8,8,1,6,1,,11,10,0,8,2,,15,15,,10,9,
110078,EMORY UNIVERSITY HOSPITAL MIDTOWN,"550 PEACHTREE STREET,  NE",ATLANTA,GA,30308,FULTON,(404) 686-2450,Acute Care Hospitals,Voluntary non-profit - Private,Yes,Y,2,,8,8,0,8,0,,8,7,2,3,2,,11,10,1,8,1,,15,15,,10,9,
110079,GRADY MEMORIAL HOSPITAL,"80 JESSE HILL, JR DRIVE SE",ATLANTA,GA,30303,FULTON,(404) 616-1000,Acute Care Hospitals,Voluntary non-profit - Private,Yes,Y,2,,8,7,0,7,0,,8,7,3,3,1,,11,8,0,7,1,,15,15,,10,8,
110082,"SAINT JOSEPH'S HOSPITAL OF ATLANTA, INC",5665 PEACHTREE DUNWOODY ROAD,ATLANTA,GA,30342,FULTON,(678) 843-7001,Acute Care Hospitals,Voluntary non-profit - Private,Yes,,3,,8,8,1,7,0,,8,6,2,3,1,,11,8,1,5,2,,15,15,,10,9,
110083,"PIEDMONT HOSPITAL, INC",1968 PEACHTREE RD NW,ATLANTA,GA,30309,FULTON,(404) 605-5000,Acute Care Hospitals,Government - Federal,No,Y,4,,8,8,3,5,0,,8,8,4,4,0,,11,11,0,11,0,,15,15,,10,8,
110086,WASHINGTON COUNTY REGIONAL MEDICAL CENTER,610 SPARTA ROAD,SANDERSVILLE,GA,31082,WASHINGTON,(478) 240-2100,Acute Care Hospitals,Government - Hospital District or Authority,No,,Not Available,16,8,2,0,2,0,,8,Not Available,Not Available,Not Available,Not Available,5,11,3,0,3,0,,15,5,,10,6,
110087,NORTHSIDE HOSPITAL GWINNETT,1000 MEDICAL CENTER BOULEVARD,LAWRENCEVILLE,GA,30045,GWINNETT,(678) 312-4310,Acute Care Hospitals,Government - Hospital District or Authority,Yes,Y,3,,8,8,0,8,0,,8,8,3,5,0,,11,11,1,8,2,,15,15,,10,10,
110089,"COFFEE REGIONAL MEDICAL CENTER, INC",1101 OCILLA ROAD,DOUGLAS,GA,31642,ATKINSON,(912) 384-1900,Acute Care Hospitals,Government - Hospital District or Authority,Yes,Y,3,,8,6,0,5,1,,8,4,0,4,0,,11,8,0,7,1,,15,15,,10,9,
110091,PIEDMONT ROCKDALE HOSPITAL,"1412 MILSTEAD AVENUE, NE",CONYERS,GA,30012,ROCKDALE,(770) 918-3000,Acute Care Hospitals,Proprietary,No,Y,3,,8,7,0,7,0,,8,6,1,5,0,,11,9,0,8,1,,15,15,,10,9,
110092,DODGE COUNTY HOSPITAL,901 GRIFFIN AVE,EASTMAN,GA,31023,DODGE,(478) 448-4067,Acute Care Hospitals,Government - Hospital District or Authority,Yes,,Not Available,16,8,2,0,2,0,,8,2,0,2,0,,11,3,0,3,0,,15,15,,10,7,
110095,TIFT REGIONAL MEDICAL CENTER,901 E 18TH STREET,TIFTON,GA,31794,TIFT,(229) 382-7120,Acute Care Hospitals,Government - Hospital District or Authority,No,Y,3,,8,7,0,7,0,,8,6,1,5,0,,11,9,0,7,2,,15,15,,10,10,
110100,JEFFERSON HOSPITAL,1067 PEACHTREE ST,LOUISVILLE,GA,30434,JEFFERSON,(478) 625-7000,Acute Care Hospitals,Government - Hospital District or Authority,Yes,,Not Available,16,8,1,0,1,0,,8,Not Available,Not Available,Not Available,Not Available,5,11,2,0,2,0,,15,10,,10,5,
110101,"SOUTHWELL MEDICAL, A CAMPUS OF TRMC",260 MJ TAYLOR ROAD,ADEL,GA,31620,COOK,(229) 896-8077,Acute Care Hospitals,Proprietary,No,,Not Available,16,8,1,0,1,0,,8,1,0,1,0,,11,3,1,2,0,,15,5,,10,5,
110104,CRISP REGIONAL HOSPITAL,902 7TH STREET NORTH,CORDELE,GA,31015,CRISP,(229) 276-3100,Acute Care Hospitals,Proprietary,Yes,Y,2,,8,5,0,5,0,,8,3,0,3,0,,11,6,0,5,1,,15,15,,10,8,
110105,COLQUITT REGIONAL MEDICAL CENTER,3131 SOUTH MAIN STREET,MOULTRIE,GA,31768,COLQUITT,(229) 985-3420,Acute Care Hospitals,Government - Hospital District or Authority,No,Y,4,,8,5,0,5,0,,8,7,2,5,0,,11,9,0,7,2,,15,15,,10,8,
110107,ATRIUM HEALTH NAVICENT THE MEDICAL CENTER,777 HEMLOCK STREET,MACON,GA,31201,BIBB,(478) 633-1000,Acute Care Hospitals,Government - Hospital District or Authority,Yes,Y,2,,8,8,0,7,1,,8,8,2,6,0,,11,11,0,8,3,,15,15,,10,9,
110109,EMANUEL MEDICAL CENTER,117 KITE ROAD,SWAINSBORO,GA,30401,EMANUEL,(478) 289-1304,Acute Care Hospitals,Government - Hospital District or Authority,Yes,,4,,8,4,0,4,0,,8,1,0,1,0,,11,5,2,3,0,,15,15,,10,7,
110111,UNIVERSITY MCDUFFIE COUNTY REGIONAL MEDICAL CENTER,2460 WASHINGTON ROAD,THOMSON,GA,30824,MC DUFFIE,(706) 595-1411,Acute Care Hospitals,Government - Hospital District or Authority,Yes,,Not Available,16,8,2,0,2,0,,8,2,0,2,0,,11,5,0,3,2,,15,15,,10,7,
110113,BURKE MEDICAL CENTER,351 SOUTH LIBERTY STREET,WAYNESBORO,GA,30830,BURKE,(706) 554-4435,Acute Care Hospitals,Proprietary,No,,Not Available,16,8,1,0,1,0,,8,1,0,1,0,,11,3,1,2,0,,15,10,,10,6,
110121,GRADY GENERAL HOSPITAL,"1155 5TH STREET, SE",CAIRO,GA,39828,GRADY,(229) 377-0251,Acute Care Hospitals,Voluntary non-profit - Private,No,Y,Not Available,16,8,2,0,2,0,,8,1,0,1,0,,11,4,0,4,0,,15,5,,10,7,
110122,SGMC HEALTH,"2501 NORTH PATTERSON STREET, PO BOX 1727",VALDOSTA,GA,31602,LOWNDES,(229) 333-1020,Acute Care Hospitals,Government - Hospital District or Authority,Yes,Y,2,,8,8,0,7,1,,8,7,3,4,0,,11,10,1,6,3,,15,15,,10,9,
110124,WAYNE MEMORIAL HOSPITAL,865 SOUTH FIRST STREET,JESUP,GA,31545,WAYNE,(912) 427-6811,Acute Care Hospitals,Government - Hospital District or Authority,Yes,Y,3,,8,4,0,4,0,,8,3,0,3,0,,11,8,0,7,1,,15,15,,10,8,
110125,FAIRVIEW PARK HOSPITAL,200 INDUSTRIAL BOULEVARD,DUBLIN,GA,31021,LAURENS,(478) 274-3100,Acute Care Hospitals,Proprietary,Yes,Y,4,,8,7,0,7,0,,8,5,3,2,0,,11,7,1,4,2,,15,15,,10,8,
110128,MEMORIAL HEALTH MEADOWS HOSPITAL,ONE MEADOWS PARKWAY,VIDALIA,GA,30474,TOOMBS,(912) 535-5828,Acute Care Hospitals,Proprietary,Yes,,5,,8,6,0,6,0,,8,3,1,2,0,,11,7,1,6,0,,15,15,,10,9,
110129,ST FRANCIS HOSPITAL- EMORY HEALTHCARE,2122 MANCHESTER EXPRESSWAY,COLUMBUS,GA,31995,MUSCOGEE,(706) 596-4020,Acute Care Hospitals,Voluntary non-profit - Private,No,Y,3,,8,8,0,8,0,,8,7,1,6,0,,11,10,1,9,0,,15,15,,10,8,
110132,MEMORIAL HOSPITAL AND MANOR,1500 E SHOTWELL STREET,BAINBRIDGE,GA,39819,DECATUR,(229) 246-3500,Acute Care Hospitals,Government - Hospital District or Authority,Yes,Y,1,,8,3,0,2,1,,8,2,0,2,0,,11,4,0,2,2,,15,5,,10,5,
110142,EVANS MEMORIAL HOSPITAL,200 N RIVER STREET,CLAXTON,GA,30417,EVANS,(912) 739-5105,Acute Care Hospitals,Government - Hospital District or Authority,Yes,,Not Available,16,8,2,0,2,0,,8,1,0,1,0,,11,3,0,2,1,,15,15,,10,7,
110143,WELLSTAR COBB MEDICAL CENTER,3950 AUSTELL RD,AUSTELL,GA,30106,COBB,(770) 732-4000,Acute Care Hospitals,Voluntary non-profit - Other,No,Y,3,,8,7,1,6,0,,8,8,2,6,0,,11,9,0,8,1,,15,15,,10,9,
110146,SOUTHEAST GEORGIA HEALTH SYSTEM -- CAMDEN CAMPUS,2000 DAN PROCTOR DRIVE,SAINT MARYS,GA,31558,CAMDEN,(912) 576-6401,Acute Care Hospitals,Government - Hospital District or Authority,Yes,,4,,8,3,0,3,0,,8,2,0,2,0,,11,7,1,6,0,,15,15,,10,8,
110150,NAVICENT HEALTH BALDWIN,821 NORTH COBB STREET,MILLEDGEVILLE,GA,31061,BALDWIN,(478) 454-3550,Acute Care Hospitals,Proprietary,Yes,Y,2,,8,4,0,4,0,,8,2,0,2,0,,11,6,1,5,0,,15,15,,10,7,
110161,NORTHSIDE HOSPITAL,"1000 JOHNSON FERRY ROAD, NE",ATLANTA,GA,30342,FULTON,(404) 851-8000,Acute Care Hospitals,Voluntary non-profit - Private,Yes,Y,3,,8,7,0,7,0,,8,8,1,5,2,,11,10,0,6,4,,15,15,,10,9,
110164,"COLISEUM MEDICAL CENTERS, LLC, DBA",350 HOSPITAL DRIVE,MACON,GA,31217,BIBB,(478) 765-7000,Acute Care Hospitals,Voluntary non-profit - Private,Yes,Y,3,,8,8,0,8,0,,8,7,1,6,0,,11,8,1,5,2,,15,15,,10,8,
110165,SOUTHERN REGIONAL MEDICAL CENTER,"11 UPPER RIVERDALE ROAD, SW",RIVERDALE,GA,30274,CLAYTON,(770) 991-8160,Acute Care Hospitals,Voluntary non-profit - Private,Yes,,1,,8,4,0,4,0,,8,5,1,4,0,,11,5,0,3,2,,15,15,,10,8,
110168,ADVENTHEALTH REDMOND,501 REDMOND ROAD NW,ROME,GA,30165,FLOYD,(706) 802-3012,Acute Care Hospitals,Proprietary,No,,4,,8,8,0,8,0,,8,7,1,6,0,,11,9,0,6,3,,15,15,,10,9,
110177,DOCTORS HOSPITAL,3651 WHEELER ROAD,AUGUSTA,GA,30909,RICHMOND,(706) 651-6008,Acute Care Hospitals,Proprietary,Yes,Y,3,,8,7,0,7,0,,8,8,3,5,0,,11,8,1,7,0,,15,15,,10,9,
110184,WELLSTAR DOUGLAS MEDICAL CENTER,8954 HOSPITAL DRIVE,DOUGLASVILLE,GA,30134,DOUGLAS,(770) 949-1500,Acute Care Hospitals,Voluntary non-profit - Private,Yes,Y,3,,8,6,1,5,0,,8,6,1,4,1,,11,6,1,5,0,,15,15,,10,9,
110190,FLINT RIVER COMMUNITY HOSPITAL,"509 SUMTER STREET, BOX 770",MONTEZUMA,GA,31063,DOOLY,(478) 472-3100,Acute Care Hospitals,Voluntary non-profit - Private,No,,Not Available,16,8,Not Available,Not Available,Not Available,Not Available,5,8,Not Available,Not Available,Not Available,Not Available,5,11,Not Available,Not Available,Not Available,Not Available,5,15,Not Available,5,10,1,
110191,PIEDMONT HENRY HOSPITAL,1133 EAGLE'S LANDING PARKWAY,STOCKBRIDGE,GA,30281,HENRY,(678) 604-1000,Acute Care Hospitals,Government - Hospital District or Authority,No,Y,2,,8,7,0,7,0,,8,8,2,5,1,,11,8,0,7,1,,15,15,,10,9,
110192,PIEDMONT EASTSIDE MEDICAL CENTER,1700 MEDICAL WAY,SNELLVILLE,GA,30078,GWINNETT,(770) 979-0200,Acute Care Hospitals,Proprietary,Yes,Y,2,,8,7,0,7,0,,8,7,1,6,0,,11,8,0,7,1,,15,15,,10,9,
110194,DONALSONVILLE HOSPITAL INC,102 HOSPITAL CIR,DONALSONVILLE,GA,39845,SEMINOLE,(229) 524-5217,Acute Care Hospitals,Voluntary non-profit - Private,No,,Not Available,16,8,2,0,2,0,,8,1,0,1,0,,11,3,1,2,0,,15,5,,10,6,
110198,WELLSTAR NORTH FULTON MEDICAL CENTER,3000 HOSPITAL BOULEVARD,ROSWELL,GA,30076,FULTON,(770) 751-2500,Acute Care Hospitals,Proprietary,No,Y,2,,8,7,0,7,0,,8,6,1,3,2,,11,7,1,5,1,,15,15,,10,8,
110200,PIEDMONT COLUMBUS REGIONAL NORTHSIDE,100 FRIST COURT,COLUMBUS,GA,31909,MUSCOGEE,(706) 494-2101,Acute Care Hospitals,Proprietary,No,,5,,8,6,0,6,0,,8,6,1,5,0,,11,7,2,5,0,,15,15,,10,7,
110201,PIEDMONT MACON NORTH HOSPITAL,400 CHARTER BOULEVARD,MACON,GA,31210,BIBB,(478) 757-5990,Acute Care Hospitals,Proprietary,Yes,,4,,8,4,0,4,0,,8,2,0,2,0,,11,5,1,4,0,,15,15,,10,7,
110209,TURNING POINT HOSPITAL,3015 VETERANS PARKWAY,MOULTRIE,GA,31788,COLQUITT,(229) 985-4815,Acute Care Hospitals,Proprietary,No,,Not Available,16,8,1,0,1,0,,8,1,0,1,0,,11,1,0,1,0,,15,Not Available,5,10,1,
110215,PIEDMONT FAYETTE HOSPITAL,1255 HIGHWAY 54 WEST,FAYETTEVILLE,GA,30214,FAYETTE,(770) 719-7000,Acute Care Hospitals,Voluntary non-profit - Private,Yes,Y,3,,8,7,1,6,0,,8,8,3,5,0,,11,10,1,8,1,,15,15,,10,9,
110225,PIEDMONT MOUNTAINSIDE HOSPITAL INC,1266 HIGHWAY 515 SOUTH,JASPER,GA,30143,PICKENS,(706) 692-2441,Acute Care Hospitals,Voluntary non-profit - Other,No,Y,4,,8,5,1,4,0,,8,4,1,3,0,,11,6,1,4,1,,15,15,,10,9,
110226,EMORY HILLANDALE HOSPITAL,2801 DEKALB MEDICAL PARKWAY,LITHONIA,GA,30058,DE KALB,(404) 501-8040,Acute Care Hospitals,Government - Hospital District or Authority,Yes,,1,,8,4,0,4,0,,8,6,1,5,0,,11,5,0,3,2,,15,15,,10,7,
110229,"PIEDMONT NEWNAN HOSPITAL, INC",745 POPLAR ROAD,NEWNAN,GA,30265,COWETA,(770) 400-2300,Acute Care Hospitals,Voluntary non-profit - Private,Yes,Y,4,,8,7,0,7,0,,8,7,1,6,0,,11,8,1,7,0,,15,15,,10,9,
110230,EMORY JOHNS CREEK HOSPITAL,6325 HOSPITAL PARKWAY,JOHNS CREEK,GA,30097,GWINNETT,(678) 474-7000,Acute Care Hospitals,Proprietary,Yes,Y,4,,8,7,2,5,0,,8,7,1,6,0,,11,8,2,6,0,,15,15,,10,8,
110233,"SOUTHEASTERN REGIONAL MEDICAL CENTER, INC",600 CELEBRATE LIFE PARKWAY NORTH,NEWNAN,GA,30265,COWETA,(404) 844-8334,Acute Care Hospitals,Proprietary,No,,5,,8,1,0,1,0,,8,4,0,4,0,,11,5,1,4,0,,15,15,,10,5,
110234,SGMC BERRIEN CAMPUS,1221 E MCPHERSON AVENUE,NASHVILLE,GA,31639,BERRIEN,(229) 543-7100,Acute Care Hospitals,Government - Hospital District or Authority,Yes,,Not Available,16,8,Not Available,Not Available,Not Available,Not Available,5,8,Not Available,Not Available,Not Available,Not Available,5,11,Not Available,Not Available,Not Available,Not Available,5,15,Not Available,5,10,5,
110236,CHI MEMORIAL HOSPITAL- GEORGIA,4710 BATTLEFIELD PARKWAY,RINGGOLD,GA,30736,CATOOSA,(770) 874-5400,Acute Care Hospitals,Voluntary non-profit - Private,Yes,,3,,8,3,0,3,0,,8,Not Available,Not Available,Not Available,Not Available,5,11,4,0,3,1,,15,Not Available,5,10,7,
110237,NORTHEAST GEORGIA MEDICAL CENTER LUMPKIN,227 MOUNTAIN DRIVE,DAHLONEGA,GA,30533,LUMPKIN,(770) 219-7146,Acute Care Hospitals,Voluntary non-profit - Other,Yes,,5,,8,4,0,4,0,,8,1,0,1,0,,11,4,0,4,0,,15,15,,10,6,
110252,NORTHSIDE HOSPITAL DULUTH,3620 HOWELL FERRY ROAD,DULUTH,GA,30096,GWINNETT,(678) 312-1000,Acute Care Hospitals,Voluntary non-profit - Private,Yes,Y,4,,8,5,0,5,0,,8,5,1,4,0,,11,6,0,5,1,,15,15,,10,8,
110253,SOUTH GEORGIA SPECIALTY HOSPITAL,2000 PALMYRA RD 3RD FLOOR,ALBANY,GA,31701,DOUGHERTY,(706) 392-5556,Acute Care Hospitals,Proprietary,No,,Not Available,19,Not Available,Not Available,Not Available,Not Available,Not Available,19,Not Available,Not Available,Not Available,Not Available,Not Available,19,Not Available,Not Available,Not Available,Not Available,Not Available,19,Not Available,Not Available,19,Not Available,Not Available,19
110256,TAYLOR REGIONAL HOSPITAL,222 PERRY HWY,HAWKINSVILLE,GA,31036,PULASKI,(478) 783-0200,Acute Care Hospitals,Voluntary non-profit - Private,Yes,,Not Available,5,Not Available,Not Available,Not Available,Not Available,Not Available,5,Not Available,Not Available,Not Available,Not Available,Not Available,5,Not Available,Not Available,Not Available,Not Available,Not Available,5,Not Available,Not Available,5,Not Available,Not Available,5
11029F,DECATUR (ATLANTA) VA MEDICAL CENTER,1670 CLAIRMONT ROAD,DECATUR,GA,30033,DE KALB,(404) 321-6111,Acute Care - Veterans Administration,Veterans Health Administration,Yes,,3,,8,5,3,2,0,,8,4,0,4,0,,11,6,1,4,1,,15,10,,10,5,
11030F,AUGUSTA VA MEDICAL CENTER,1 FREEDOM WAY,AUGUSTA,GA,30904,RICHMOND,(706) 823-2201,Acute Care - Veterans Administration,Veterans Health Administration,Yes,,4,,8,5,2,3,0,,8,4,0,4,0,,11,6,0,6,0,,15,10,,10,4,
11031F,DUBLIN VA MEDICAL CENTER,1826 VETERANS BOULEVARD,DUBLIN,GA,31021,LAURENS,(478) 277-2701,Acute Care - Veterans Administration,Veterans Health Administration,Yes,,Not Available,16,8,3,0,3,0,,8,Not Available,Not Available,Not Available,Not Available,5,11,4,2,2,0,,15,Not Available,5,10,2,
11032F,Martin ACH (FT Benning),6600 Van Aalst Blvd,Fort Benning,GA,31905,CHATTAHOOCHEE,(762) 408-2604,Acute Care - Department of Defense,Department of Defense,Yes,,Not Available,22,Not Available,Not Available,Not Available,Not Available,Not Available,22,Not Available,Not Available,Not Available,Not Available,Not Available,22,Not Available,Not Available,Not Available,Not Available,Not Available,22,Not Available,Not Available,22,Not Available,Not Available,22
11033F,Dwight Eisenhower AMC (FT Gordon),300 East Hospital Rd,Fort Gordon,GA,30905,RICHMOND,(706) 787-5811,Acute Care - Department of Defense,Department of Defense,Yes,,Not Available,22,Not Available,Not Available,Not Available,Not Available,Not Available,22,Not Available,Not Available,Not Available,Not Available,Not Available,22,Not Available,Not Available,Not Available,Not Available,Not Available,22,Not Available,Not Available,22,Not Available,Not Available,22
11035F,Winn ACH (FT Stewart),1061 Harmon Ave,Fort Stewart,GA,31314,LIBERTY,(912) 435-6633,Acute Care - Department of Defense,Department of Defense,Yes,,Not Available,22,Not Available,Not Available,Not Available,Not Available,Not Available,22,Not Available,Not Available,Not Available,Not Available,Not Available,22,Not Available,Not Available,Not Available,Not Available,Not Available,22,Not Available,Not Available,22,Not Available,Not Available,22
110779,IRWIN COUNTY HOSPITAL,710 N IRWIN AVENUE,OCILLA,GA,31774,IRWIN,(229) 468-3845,Rural Emergency Hospital,Government - Hospital District or Authority,Yes,,Not Available,19,Not Available,Not Available,Not Available,Not Available,Not Available,19,Not Available,Not Available,Not Available,Not Available,Not Available,19,Not Available,Not Available,Not Available,Not Available,Not Available,19,Not Available,Not Available,19,Not Available,Not Available,19
111302,BLECKLEY MEMORIAL HOSPITAL,145 PEACOCK STREET,COCHRAN,GA,31014,BLECKLEY,(478) 934-6211,Critical Access Hospitals,Government - Hospital District or Authority,Yes,,Not Available,16,8,Not Available,Not Available,Not Available,Not Available,5,8,1,1,0,0,,11,1,0,1,0,,15,Not Available,5,10,4,
111303,JASPER MEMORIAL HOSPITAL,898 COLLEGE STREET,MONTICELLO,GA,31064,JASPER,(706) 468-6411,Critical Access Hospitals,Government - Local,Yes,,Not Available,16,8,Not Available,Not Available,Not Available,Not Available,5,8,Not Available,Not Available,Not Available,Not Available,5,11,Not Available,Not Available,Not Available,Not Available,5,15,Not Available,5,10,3,
111304,MORGAN MEDICAL CENTER,1740 LIONS CLUB ROAD,MADISON,GA,30650,MORGAN,(706) 342-1667,Critical Access Hospitals,Government - Hospital District or Authority,Yes,,Not Available,16,8,1,0,1,0,,8,1,0,1,0,,11,2,0,2,0,,15,Not Available,5,10,6,
111305,MILLER COUNTY HOSPITAL,209 N CUTHBERT STREET,COLQUITT,GA,39837,MILLER,(229) 758-4231,Critical Access Hospitals,Government - Hospital District or Authority,Yes,,Not Available,16,8,1,0,1,0,,8,1,0,1,0,,11,1,0,1,0,,15,Not Available,5,10,7,
111306,EFFINGHAM HEALTH SYSTEM,459 GA HIGHWAY 119 SOUTH,SPRINGFIELD,GA,31329,EFFINGHAM,(912) 754-0160,Critical Access Hospitals,Government - Hospital District or Authority,Yes,,Not Available,16,8,1,0,1,0,,8,Not Available,Not Available,Not Available,Not Available,5,11,6,1,5,0,,15,5,,10,8,
111308,CLINCH MEMORIAL HOSPITAL,1050 VALDOSTA HIGHWAY,HOMERVILLE,GA,31634,CLINCH,(912) 487-5211,Critical Access Hospitals,Government - Hospital District or Authority,Yes,,Not Available,16,8,Not Available,Not Available,Not Available,Not Available,5,8,Not Available,Not Available,Not Available,Not Available,5,11,Not Available,Not Available,Not Available,Not Available,5,15,Not Available,5,10,3,
111310,ATRIUM HEALTH NAVICENT PEACH,1960 HIGHWAY 247 CONNECTOR,BYRON,GA,31008,PEACH,(478) 654-2000,Critical Access Hospitals,Voluntary non-profit - Private,Yes,,1,,8,4,0,4,0,,8,1,0,1,0,,11,4,0,4,0,,15,10,,10,6,
111311,JENKINS COUNTY MEDICAL CENTER,931 EAST WINTHROPE AVENUE,MILLEN,GA,30442,JENKINS,(478) 982-4221,Critical Access Hospitals,Proprietary,Yes,,Not Available,16,8,Not Available,Not Available,Not Available,Not Available,5,8,Not Available,Not Available,Not Available,Not Available,5,11,Not Available,Not Available,Not Available,Not Available,5,15,Not Available,5,10,3,
111312,OPTIM MEDICAL CENTER - SCREVEN,215 MIMS ROAD,SYLVANIA,GA,30467,SCREVEN,(912) 564-7426,Critical Access Hospitals,Proprietary,Yes,,Not Available,16,8,Not Available,Not Available,Not Available,Not Available,5,8,Not Available,Not Available,Not Available,Not Available,5,11,1,0,1,0,,15,5,,10,6,
111313,PUTNAM GENERAL HOSPITAL,101 LAKE OCONEE PARKWAY,EATONTON,GA,31024,PUTNAM,(706) 485-2711,Critical Access Hospitals,Government - Hospital District or Authority,Yes,,Not Available,16,8,2,0,2,0,,8,Not Available,Not Available,Not Available,Not Available,5,11,4,0,3,1,,15,Not Available,5,10,6,
111314,LIFEBRITE COMMUNITY HOSPITAL OF EARLY,11740 COLUMBIA STREET,BLAKELY,GA,39823,EARLY,(229) 723-4241,Critical Access Hospitals,Voluntary non-profit - Private,Yes,,Not Available,16,8,Not Available,Not Available,Not Available,Not Available,5,8,Not Available,Not Available,Not Available,Not Available,5,11,Not Available,Not Available,Not Available,Not Available,5,15,Not Available,5,10,3,
111316,WARM SPRINGS MEDICAL CENTER,5995 SPRING STREET,WARM SPRINGS,GA,31830,MERIWETHER,(706) 655-9351,Critical Access Hospitals,Voluntary non-profit - Other,No,,Not Available,16,8,Not Available,Not Available,Not Available,Not Available,5,8,Not Available,Not Available,Not Available,Not Available,5,11,Not Available,Not Available,Not Available,Not Available,5,15,Not Available,5,10,3,
111318,MONROE COUNTY HOSPITAL,88 MARTIN LUTHER KING JR DRIVE,FORSYTH,GA,31029,MONROE,(478) 994-2521,Critical Access Hospitals,Government - Hospital District or Authority,Yes,,Not Available,16,8,Not Available,Not Available,Not Available,Not Available,5,8,Not Available,Not Available,Not Available,Not Available,5,11,1,0,1,0,,15,Not Available,5,10,5,
111319,WELLSTAR SYLVAN GROVE MEDICAL CENTER,1050 MCDONOUGH ROAD,JACKSON,GA,30233,BUTTS,(770) 775-7861,Critical Access Hospitals,Government - Hospital District or Authority,No,,Not Available,16,8,Not Available,Not Available,Not Available,Not Available,5,8,1,0,1,0,,11,Not Available,Not Available,Not Available,Not Available,5,15,Not Available,5,10,4,
111320,HIGGINS GENERAL HOSPITAL,200 ALLEN MEMORIAL DRIVE,BREMEN,GA,30110,HARALSON,(770) 812-2000,Critical Access Hospitals,Government - Hospital District or Authority,No,,Not Available,16,8,Not Available,Not Available,Not Available,Not Available,5,8,1,0,1,0,,11,2,0,2,0,,15,15,,10,7,
111323,OPTIM MEDICAL CENTER - TATTNALL,247 S MAIN STREET,REIDSVILLE,GA,30453,TATTNALL,(912) 557-1000,Critical Access Hospitals,Proprietary,Yes,,Not Available,16,8,1,0,1,0,,8,1,0,1,0,,11,3,1,2,0,,15,15,,10,4,
111324,CHATUGE REGIONAL HOSPITAL,110 S MAIN STREET,HIAWASSEE,GA,30546,TOWNS,(706) 896-2222,Critical Access Hospitals,Government - Hospital District or Authority,Yes,,Not Available,16,8,2,0,1,1,,8,Not Available,Not Available,Not Available,Not Available,5,11,2,0,1,1,,15,Not Available,5,10,3,
111325,WILLS MEMORIAL HOSPITAL,120 GORDON STREET,WASHINGTON,GA,30673,WILKES,(706) 678-9212,Critical Access Hospitals,Government - Hospital District or Authority,Yes,,Not Available,16,8,1,0,1,0,,8,Not Available,Not Available,Not Available,Not Available,5,11,1,0,1,0,,15,Not Available,5,10,4,
111326,SGMC HEALTH LANIER,116 WEST THIGPEN AVENUE,LAKELAND,GA,31635,LANIER,(229) 482-8402,Critical Access Hospitals,Government - Hospital District or Authority,Yes,,Not Available,16,8,Not Available,Not Available,Not Available,Not Available,5,8,1,0,1,0,,11,Not Available,Not Available,Not Available,Not Available,5,15,Not Available,5,10,5,
111327,BACON COUNTY HOSPITAL,302 SOUTH WAYNE STREET,ALMA,GA,31510,BACON,(912) 632-8961,Critical Access Hospitals,Voluntary non-profit - Other,No,,Not Available,16,8,2,0,2,0,,8,Not Available,Not Available,Not Available,Not Available,5,11,3,0,2,1,,15,10,,10,7,
111328,PHOEBE WORTH MEDICAL CENTER,807 SOUTH ISABELLA STREET,SYLVESTER,GA,31791,WORTH,(229) 777-3851,Critical Access Hospitals,Voluntary non-profit - Private,Yes,,Not Available,16,8,Not Available,Not Available,Not Available,Not Available,5,8,Not Available,Not Available,Not Available,Not Available,5,11,1,0,1,0,,15,Not Available,5,10,5,
111329,ST MARYS GOOD SAMARITAN HOSPITAL,5401 LAKE OCONEE PARKWAY,GREENSBORO,GA,30642,GREENE,(706) 453-7331,Critical Access Hospitals,Proprietary,Yes,,4,,8,5,0,5,0,,8,2,0,2,0,,11,6,0,5,1,,15,10,,10,7,
111330,ATRIUM HEALTH FLOYD POLK MEDICAL CENTER,2360 ROCKMART HIGHWAY,CEDARTOWN,GA,30125,POLK,(770) 748-2500,Critical Access Hospitals,Voluntary non-profit - Private,Yes,,Not Available,16,8,Not Available,Not Available,Not Available,Not Available,5,8,1,0,1,0,,11,1,0,1,0,,15,Not Available,5,10,5,
111331,ARCHBOLD MITCHELL,90  E STEPHENS STREET,CAMILLA,GA,31730,MITCHELL,(229) 336-5284,Critical Access Hospitals,Government - Hospital District or Authority,Yes,,Not Available,16,8,Not Available,Not Available,Not Available,Not Available,5,8,1,0,1,0,,11,Not Available,Not Available,Not Available,Not Available,5,15,Not Available,5,10,4,
111332,ARCHBOLD BROOKS,903 N COURT STREET,QUITMAN,GA,31643,BROOKS,(912) 263-4171,Critical Access Hospitals,Government - Hospital District or Authority,Yes,,Not Available,16,8,Not Available,Not Available,Not Available,Not Available,5,8,1,0,1,0,,11,Not Available,Not Available,Not Available,Not Available,5,15,Not Available,5,10,2,
111333,JEFF DAVIS HOSPITAL,163 SOUTH TALLAHASSEE STREET,HAZLEHURST,GA,31539,JEFF DAVIS,(912) 375-7781,Critical Access Hospitals,Government - Hospital District or Authority,Yes,,Not Available,16,8,2,0,2,0,,8,1,0,1,0,,11,3,0,3,0,,15,Not Available,5,10,7,
111334,CANDLER COUNTY HOSPITAL,400 CEDAR STREET,METTER,GA,30439,CANDLER,(912) 685-5741,Critical Access Hospitals,Proprietary,Yes,,Not Available,16,8,1,0,1,0,,8,Not Available,Not Available,Not Available,Not Available,5,11,2,0,2,0,,15,Not Available,5,10,7,
111335,LIBERTY REGIONAL MEDICAL CENTER,462 E G MILES PARKWAY,HINESVILLE,GA,31313,LIBERTY,(912) 369-9400,Critical Access Hospitals,Government - Hospital District or Authority,Yes,,Not Available,16,8,2,0,2,0,,8,Not Available,Not Available,Not Available,Not Available,5,11,3,1,2,0,,15,Not Available,5,10,6,
111336,MOUNTAIN LAKES MEDICAL CENTER,162 LEGACY POINT,CLAYTON,GA,30525,RABUN,(706) 782-3100,Critical Access Hospitals,Proprietary,Yes,,Not Available,16,8,1,0,1,0,,8,Not Available,Not Available,Not Available,Not Available,5,11,2,0,2,0,,15,Not Available,5,10,5,
111337,ELBERT MEMORIAL HOSPITAL,4 MEDICAL DRIVE,ELBERTON,GA,30635,ELBERT,(706) 213-2535,Critical Access Hospitals,Government - Hospital District or Authority,No,,Not Available,16,8,2,0,2,0,,8,Not Available,Not Available,Not Available,Not Available,5,11,3,0,3,0,,15,Not Available,5,10,5,
111338,BLUE RIDGE MEDICAL CENTER,2855 OLD HIGHWAY 5 NORTH,BLUE RIDGE,GA,30513,FANNIN,(706) 632-3711,Critical Access Hospitals,Voluntary non-profit - Other,Yes,,Not Available,19,Not Available,Not Available,Not Available,Not Available,Not Available,19,Not Available,Not Available,Not Available,Not Available,Not Available,19,Not Available,Not Available,Not Available,Not Available,Not Available,19,Not Available,Not Available,19,Not Available,Not Available,19
113300,ATHUR M BLANK HOSPITAL,2220 NORTH DRUID HILLS ROAD NE,ATLANTA,GA,30329,DE KALB,(404) 785-4577,Childrens,Voluntary non-profit - Private,Yes,,Not Available,19,Not Available,Not Available,Not Available,Not Available,Not Available,19,Not Available,Not Available,Not Available,Not Available,Not Available,19,Not Available,Not Available,Not Available,Not Available,Not Available,19,Not Available,Not Available,19,Not Available,Not Available,19
113301,CHILDREN'S HEALTHCARE OF ATLANTA AT SCOTTISH RITE,1001 JOHNSON FERRY ROAD,ATLANTA,GA,30342,FULTON,(404) 785-5252,Childrens,Voluntary non-profit - Other,Yes,,Not Available,19,Not Available,Not Available,Not Available,Not Available,Not Available,19,Not Available,Not Available,Not Available,Not Available,Not Available,19,Not Available,Not Available,Not Available,Not Available,Not Available,19,Not Available,Not Available,19,Not Available,Not Available,19
114004,SUMMITRIDGE CENTER- PSYCHIATRY & ADDICTIVE MED,250 SCENIC HIGHWAY,LAWRENCEVILLE,GA,30046,GWINNETT,(678) 442-5800,Psychiatric,Proprietary,No,,Not Available,19,Not Available,Not Available,Not Available,Not Available,Not Available,19,Not Available,Not Available,Not Available,Not Available,Not Available,19,Not Available,Not Available,Not Available,Not Available,Not Available,19,Not Available,Not Available,19,Not Available,Not Available,19
114008,COASTAL HARBOR TREATMENT CENTER,1150 CORNELL AVE,SAVANNAH,GA,31406,CHATHAM,(912) 354-3911,Psychiatric,Proprietary,No,,Not Available,19,Not Available,Not Available,Not Available,Not Available,Not Available,19,Not Available,Not Available,Not Available,Not Available,Not Available,19,Not Available,Not Available,Not Available,Not Available,Not Available,19,Not Available,Not Available,19,Not Available,Not Available,19
114010,PEACHFORD BEHAVIORAL HEALTH SYSTEM OF ATLANTA,2151 PEACHFORD ROAD,ATLANTA,GA,30338,DE KALB,(770) 455-3200,Psychiatric,Proprietary,Yes,,Not Available,19,Not Available,Not Available,Not Available,Not Available,Not Available,19,Not Available,Not Available,Not Available,Not Available,Not Available,19,Not Available,Not Available,Not Available,Not Available,Not Available,19,Not Available,Not Available,19,Not Available,Not Available,19
114012,RIDGEVIEW INSTITUTE,"3995 S COBB DRIVE, SE",SMYRNA,GA,30080,COBB,(770) 434-4567,Psychiatric,Proprietary,No,,Not Available,19,Not Available,Not Available,Not Available,Not Available,Not Available,19,Not Available,Not Available,Not Available,Not Available,Not Available,19,Not Available,Not Available,Not Available,Not Available,Not Available,19,Not Available,Not Available,19,Not Available,Not Available,19
114013,WEST CENTRAL GEORGIA REGIONAL HOSPITAL,3000 SCHATULGA RD BOX 12435,COLUMBUS,GA,31917,MUSCOGEE,(706) 568-5203,Psychiatric,Government - State,No,,Not Available,19,Not Available,Not Available,Not Available,Not Available,Not Available,19,Not Available,Not Available,Not Available,Not Available,Not Available,19,Not Available,Not Available,Not Available,Not Available,Not Available,19,Not Available,Not Available,19,Not Available,Not Available,19
114016,ST SIMONS-BY-THE-SEA,2927 DEMERE ROAD,SAINT SIMONS ISLAND,GA,31522,GLYNN,(912) 638-1999,Psychiatric,Government - Federal,No,,Not Available,19,Not Available,Not Available,Not Available,Not Available,Not Available,19,Not Available,Not Available,Not Available,Not Available,Not Available,19,Not Available,Not Available,Not Available,Not Available,Not Available,19,Not Available,Not Available,19,Not Available,Not Available,19
114019,GEORGIA REGIONAL HOSPITAL ATLANTA,3073 PANTHERSVILLE ROAD,DECATUR,GA,30034,DE KALB,(404) 243-2100,Psychiatric,Government - State,No,,Not Available,19,Not Available,Not Available,Not Available,Not Available,Not Available,19,Not Available,Not Available,Not Available,Not Available,Not Available,19,Not Available,Not Available,Not Available,Not Available,Not Available,19,Not Available,Not Available,19,Not Available,Not Available,19
114028,GEORGIA REGIONAL HOSP SAVANNAH,1915 EISENHOWER DRIVE,SAVANNAH,GA,31416,CHATHAM,(912) 356-2045,Psychiatric,Government - State,Yes,,Not Available,19,Not Available,Not Available,Not Available,Not Available,Not Available,19,Not Available,Not Available,Not Available,Not Available,Not Available,19,Not Available,Not Available,Not Available,Not Available,Not Available,19,Not Available,Not Available,19,Not Available,Not Available,19
114029,EAST CENTRAL REGIONAL HOSPITAL,3405 MIKE PADGETT HWY,AUGUSTA,GA,30906,RICHMOND,(706) 792-7006,Psychiatric,Government - State,No,,Not Available,19,Not Available,Not Available,Not Available,Not Available,Not Available,19,Not Available,Not Available,Not Available,Not Available,Not Available,19,Not Available,Not Available,Not Available,Not Available,Not Available,19,Not Available,Not Available,19,Not Available,Not Available,19
114032,SO CRESCENT BEH HLTH SYS - ANCHOR HOSPITAL CAMPUS,5454 YORKTOWNE DRIVE,COLLEGE PARK,GA,30349,FULTON,(770) 991-6044,Psychiatric,Government - Hospital District or Authority,No,,Not Available,19,Not Available,Not Available,Not Available,Not Available,Not Available,19,Not Available,Not Available,Not Available,Not Available,Not Available,19,Not Available,Not Available,Not Available,Not Available,Not Available,19,Not Available,Not Available,19,Not Available,Not Available,19
114035,RIVERWOODS BEHAVIORAL HEALTH SYSTEM,223 MEDICAL CENTER DRIVE,RIVERDALE,GA,30274,CLAYTON,(770) 991-8500,Psychiatric,Proprietary,No,,Not Available,19,Not Available,Not Available,Not Available,Not Available,Not Available,19,Not Available,Not Available,Not Available,Not Available,Not Available,19,Not Available,Not Available,Not Available,Not Available,Not Available,19,Not Available,Not Available,19,Not Available,Not Available,19
114036,GREENLEAF CENTER,2209 PINEVIEW DRIVE,VALDOSTA,GA,31602,LOWNDES,(229) 671-6601,Psychiatric,Proprietary,No,,Not Available,19,Not Available,Not Available,Not Available,Not Available,Not Available,19,Not Available,Not Available,Not Available,Not Available,Not Available,19,Not Available,Not Available,Not Available,Not Available,Not Available,19,Not Available,Not Available,19,Not Available,Not Available,19
114037,RIDGEVIEW INSTITUTE MONROE,709 BREEDLOVE DRIVE,MONROE,GA,30655,WALTON,(678) 635-8730,Psychiatric,Proprietary,No,,Not Available,19,Not Available,Not Available,Not Available,Not Available,Not Available,19,Not Available,Not Available,Not Available,Not Available,Not Available,19,Not Available,Not Available,Not Available,Not Available,Not Available,19,Not Available,Not Available,19,Not Available,Not Available,19
120001,THE QUEENS MEDICAL CENTER,1301 PUNCHBOWL ST,HONOLULU,HI,96813,HONOLULU,(808) 538-9011,Acute Care Hospitals,Voluntary non-profit - Private,Yes,Y,3,,8,8,1,7,0,,8,8,3,3,2,,11,11,0,9,2,,15,15,,10,8,
120002,MAUI MEMORIAL MEDICAL CENTER,221 MAHALANI STREET,WAILUKU,HI,96793,MAUI,(808) 244-9056,Acute Care Hospitals,Government - State,No,Y,2,,8,7,0,5,2,,8,6,1,5,0,,11,9,1,6,2,,15,15,,10,9,
120005,HILO BENIOFF MEDICAL CENTER,1190 WAIANUENUE AVENUE,HILO,HI,96720,HAWAII,(808) 932-3000,Acute Care Hospitals,Government - State,Yes,Y,3,,8,7,0,7,0,,8,6,2,4,0,,11,9,0,6,3,,15,15,,10,9,
120006,ADVENTIST HEALTH CASTLE,640 ULUKAHIKI ST,KAILUA,HI,96734,HONOLULU,(808) 263-5015,Acute Care Hospitals,Voluntary non-profit - Church,Yes,Y,4,,8,7,0,7,0,,8,7,1,6,0,,11,10,1,8,1,,15,15,,10,9,
120007,KUAKINI MEDICAL CENTER,347 NORTH KUAKINI STREET,HONOLULU,HI,96817,HONOLULU,(808) 536-2236,Acute Care Hospitals,Voluntary non-profit - Private,Yes,,4,,8,5,1,4,0,,8,7,1,6,0,,11,8,1,6,1,,15,15,,10,7,
120011,KAISER FOUNDATION HOSPITAL,3288 MOANALUA RD,HONOLULU,HI,96819,HONOLULU,(808) 432-0000,Acute Care Hospitals,Voluntary non-profit - Private,Yes,Y,4,,8,3,0,3,0,,8,6,0,6,0,,11,5,0,4,1,,15,15,,10,4,
120014,WILCOX MEMORIAL HOSPITAL,3-3420 KUHIO HIGHWAY,LIHUE,HI,96766,KAUAI,(808) 245-1100,Acute Care Hospitals,Government - Federal,Yes,Y,2,,8,4,0,4,0,,8,4,1,3,0,,11,7,1,5,1,,15,10,,10,9,
120019,KONA COMMUNITY HOSPITAL,79-1019 HAUKAPILA STREET,KEALAKEKUA,HI,96750,HAWAII,(808) 322-9311,Acute Care Hospitals,Government - State,Yes,Y,2,,8,5,0,4,1,,8,5,0,5,0,,11,8,0,8,0,,15,15,,10,8,
12001F,Tripler AMC (FT Shafter),1 Jarrett White Rd,Honolulu,HI,96859,HONOLULU,(808) 433-2778,Acute Care - Department of Defense,Department of Defense,Yes,,Not Available,22,Not Available,Not Available,Not Available,Not Available,Not Available,22,Not Available,Not Available,Not Available,Not Available,Not Available,22,Not Available,Not Available,Not Available,Not Available,Not Available,22,Not Available,Not Available,22,Not Available,Not Available,22
120022,STRAUB CLINIC AND HOSPITAL,888 S KING STREET,HONOLULU,HI,96813,HONOLULU,(808) 522-4000,Acute Care Hospitals,Proprietary,Yes,,4,,8,8,0,8,0,,8,7,1,5,1,,11,11,2,7,2,,15,15,,10,8,
120026,PALI MOMI MEDICAL CENTER,98-1079 MOANALUA ROAD,AIEA,HI,96701,HONOLULU,(808) 486-6000,Acute Care Hospitals,Proprietary,Yes,,4,,8,7,1,6,0,,8,6,1,5,0,,11,9,0,7,2,,15,15,,10,8,
120028,"NORTH HAWAII COMMUNITY HOSPITAL, INC",67 1125 MAMALAHOA HIGHWAY,KAMUELA,HI,96743,HAWAII,(808) 885-4444,Acute Care Hospitals,Voluntary non-profit - Private,Yes,Y,3,,8,4,0,4,0,,8,2,0,2,0,,11,7,1,6,0,,15,15,,10,9,
121300,KAUAI VETERANS MEMORIAL HOSPITAL,4643 WAIMEA CANYON DRIVE,WAIMEA,HI,96796,KAUAI,(808) 338-9431,Critical Access Hospitals,Government - State,Yes,Y,Not Available,16,8,1,0,1,0,,8,1,0,1,0,,11,2,0,2,0,,15,10,,10,7,
121301,KAU HOSPITAL,1 KAMANI STREET,PAHALA,HI,96777,HAWAII,(808) 932-4200,Critical Access Hospitals,Government - State,Yes,,Not Available,16,8,Not Available,Not Available,Not Available,Not Available,5,8,Not Available,Not Available,Not Available,Not Available,5,11,Not Available,Not Available,Not Available,Not Available,5,15,Not Available,5,10,3,
121302,KOHALA HOSPITAL,54-383 HOSPITAL ROAD,KAPAAU,HI,96755,HAWAII,(808) 889-6211,Critical Access Hospitals,Government - State,Yes,,Not Available,16,8,Not Available,Not Available,Not Available,Not Available,5,8,Not Available,Not Available,Not Available,Not Available,5,11,Not Available,Not Available,Not Available,Not Available,5,15,Not Available,5,10,4,
121303,MOLOKAI GENERAL HOSPITAL,280 HOME OLU PLACE,KAUNAKAKAI,HI,96748,MAUI,(808) 553-5331,Critical Access Hospitals,Voluntary non-profit - Private,Yes,,Not Available,16,8,Not Available,Not Available,Not Available,Not Available,5,8,Not Available,Not Available,Not Available,Not Available,5,11,Not Available,Not Available,Not Available,Not Available,5,15,Not Available,5,10,4,
121304,KAHUKU MEDICAL CENTER,56-117 PUALALEA STREET,KAHUKU,HI,96731,HONOLULU,(808) 293-6200,Critical Access Hospitals,Voluntary non-profit - Other,Yes,,Not Available,16,8,Not Available,Not Available,Not Available,Not Available,5,8,Not Available,Not Available,Not Available,Not Available,5,11,Not Available,Not Available,Not Available,Not Available,5,15,Not Available,5,10,3,
121305,LANAI COMMUNITY HOSPITAL,628 7TH STREET,LANAI CITY,HI,96763,MAUI,(808) 565-8450,Critical Access Hospitals,Voluntary non-profit - Private,Yes,,Not Available,16,8,Not Available,Not Available,Not Available,Not Available,5,8,Not Available,Not Available,Not Available,Not Available,5,11,Not Available,Not Available,Not Available,Not Available,5,15,Not Available,5,10,2,
121306,SAMUEL MAHELONA MEMORIAL HOSPITAL,4800 KAWAIHAU ROAD,KAPAA,HI,96746,KAUAI,(808) 822-4961,Critical Access Hospitals,Government - State,Yes,,Not Available,16,8,Not Available,Not Available,Not Available,Not Available,5,8,Not Available,Not Available,Not Available,Not Available,5,11,Not Available,Not Available,Not Available,Not Available,5,15,Not Available,5,10,3,
121307,HONOKA'A HOSPITAL AND SKILLED NURSING,45-547 PLUMERIA STREET,HONOKAA,HI,96727,HAWAII,(808) 932-4000,Critical Access Hospitals,Government - State,Yes,,Not Available,16,8,Not Available,Not Available,Not Available,Not Available,5,8,Not Available,Not Available,Not Available,Not Available,5,11,Not Available,Not Available,Not Available,Not Available,5,15,Not Available,5,10,3,
121308,KULA HOSPITAL,100 KEOKEA PLACE,KULA,HI,96790,MAUI,(808) 878-1221,Critical Access Hospitals,Voluntary non-profit - Private,Yes,,Not Available,16,8,Not Available,Not Available,Not Available,Not Available,5,8,Not Available,Not Available,Not Available,Not Available,5,11,Not Available,Not Available,Not Available,Not Available,5,15,Not Available,5,10,3,
123300,KAPIOLANI MEDICAL CENTER FOR WOMEN & CHILDREN,1319 PUNAHOU STREET,HONOLULU,HI,96826,HONOLULU,(808) 983-6000,Childrens,Voluntary non-profit - Private,Yes,,Not Available,19,Not Available,Not Available,Not Available,Not Available,Not Available,19,Not Available,Not Available,Not Available,Not Available,Not Available,19,Not Available,Not Available,Not Available,Not Available,Not Available,19,Not Available,Not Available,19,Not Available,Not Available,19
123301,SHRINERS HOSPITAL FOR CHILDREN,1310 PUNAHOU STREET,HONOLULU,HI,96826,HONOLULU,(808) 941-4466,Childrens,Voluntary non-profit - Private,No,,Not Available,19,Not Available,Not Available,Not Available,Not Available,Not Available,19,Not Available,Not Available,Not Available,Not Available,Not Available,19,Not Available,Not Available,Not Available,Not Available,Not Available,19,Not Available,Not Available,19,Not Available,Not Available,19
124001,KAHI MOHALA,91-2301 FORT WEAVER ROAD,EWA BEACH,HI,96706,HONOLULU,(808) 671-8511,Psychiatric,Voluntary non-profit - Private,No,,Not Available,19,Not Available,Not Available,Not Available,Not Available,Not Available,19,Not Available,Not Available,Not Available,Not Available,Not Available,19,Not Available,Not Available,Not Available,Not Available,Not Available,19,Not Available,Not Available,19,Not Available,Not Available,19
130002,ST LUKES MAGIC VALLEY MEDICAL CENTER,801 POLE LINE ROAD WEST,TWIN FALLS,ID,83301,TWIN FALLS,(208) 814-1000,Acute Care Hospitals,Voluntary non-profit - Private,Yes,Y,4,,8,7,0,7,0,,8,6,1,5,0,,11,7,2,5,0,,15,15,,10,10,
130003,ST JOSEPH REGIONAL MEDICAL CENTER,415 SIXTH STREET,LEWISTON,ID,83501,NEZ PERCE,(208) 799-5300,Acute Care Hospitals,Voluntary non-profit - Private,Yes,Y,2,,8,7,0,7,0,,8,4,0,4,0,,11,9,1,7,1,,15,15,,10,8,
130006,ST LUKE'S REGIONAL MEDICAL CENTER,190 EAST BANNOCK STREET,BOISE,ID,83712,ADA,(208) 381-2222,Acute Care Hospitals,Voluntary non-profit - Private,Yes,Y,5,,8,8,1,6,1,,8,8,2,6,0,,11,11,5,6,0,,15,15,,10,10,
130007,SAINT ALPHONSUS REGIONAL MEDICAL CENTER,1055 NORTH CURTIS ROAD,BOISE,ID,83706,ADA,(208) 367-2121,Acute Care Hospitals,Voluntary non-profit - Church,Yes,Y,3,,8,8,0,7,1,,8,7,2,5,0,,11,11,3,8,0,,15,15,,10,8,
130013,SAINT ALPHONSUS MEDICAL CENTER - NAMPA,4300 E FLAMINGO AVE,NAMPA,ID,83687,CANYON,(208) 463-5000,Acute Care Hospitals,Voluntary non-profit - Church,Yes,Y,3,,8,7,0,7,0,,8,7,1,6,0,,11,10,1,9,0,,15,15,,10,10,
130014,WEST VALLEY MEDICAL CENTER,1717 ARLINGTON STREET,CALDWELL,ID,83605,CANYON,(208) 459-4641,Acute Care Hospitals,Proprietary,Yes,,5,,8,4,0,4,0,,8,2,1,1,0,,11,5,2,3,0,,15,15,,10,9,
130018,EASTERN IDAHO REGIONAL MEDICAL CENTER,3100 CHANNING WAY,IDAHO FALLS,ID,83404,BONNEVILLE,(208) 529-6111,Acute Care Hospitals,Proprietary,Yes,Y,3,,8,8,0,8,0,,8,7,3,4,0,,11,11,3,8,0,,15,15,,10,8,
130025,MADISON MEMORIAL HOSPITAL,450 EAST MAIN STREET,REXBURG,ID,83440,MADISON,(208) 359-6488,Acute Care Hospitals,Government - Local,Yes,,Not Available,16,8,2,0,2,0,,8,2,0,2,0,,11,7,0,7,0,,15,15,,10,8,
130028,PORTNEUF MEDICAL CENTER,777 HOSPITAL WAY,POCATELLO,ID,83201,BANNOCK,(208) 239-1000,Acute Care Hospitals,Proprietary,Yes,Y,4,,8,8,0,8,0,,8,7,1,6,0,,11,11,2,7,2,,15,15,,10,9,
13003F,BOISE VA MEDICAL CENTER,500 W. FORT STREET,BOISE,ID,83702,ADA,(208) 422-1000,Acute Care - Veterans Administration,Veterans Health Administration,Yes,,5,,8,4,1,3,0,,8,4,0,4,0,,11,5,2,3,0,,15,10,,10,4,
130049,KOOTENAI HEALTH,2003 KOOTENAI HEALTH WAY,COEUR D'ALENE,ID,83814,KOOTENAI,(208) 625-4000,Acute Care Hospitals,Government - Hospital District or Authority,Yes,Y,4,,8,8,0,7,1,,8,7,4,3,0,,11,11,3,8,0,,15,15,,10,10,
130063,TREASURE VALLEY HOSPITAL,8800 WEST EMERALD STREET,BOISE,ID,83704,ADA,(208) 373-5000,Acute Care Hospitals,Proprietary,No,,Not Available,16,8,1,0,1,0,,8,1,0,1,0,,11,2,1,1,0,,15,15,,10,3,
130065,MOUNTAIN VIEW HOSPITAL,2325 CORONADO STREET,IDAHO FALLS,ID,83404,BONNEVILLE,(208) 557-2700,Acute Care Hospitals,Physician,Yes,Y,3,,8,1,0,1,0,,8,5,0,5,0,,11,6,0,6,0,,15,15,,10,8,
130066,NORTHWEST SPECIALTY HOSPITAL,1593 EAST POLSTON AVENUE,POST FALLS,ID,83854,KOOTENAI,(208) 262-2300,Acute Care Hospitals,Proprietary,No,,Not Available,16,8,1,0,1,0,,8,2,0,2,0,,11,4,1,3,0,,15,15,,10,6,
130071,ST LUKE'S NAMPA MEDICAL CENTER,9850 WEST ST LUKES DRIVE,NAMPA,ID,83687,CANYON,(208) 505-2000,Acute Care Hospitals,Voluntary non-profit - Private,Yes,Y,5,,8,6,0,6,0,,8,5,1,4,0,,11,8,0,8,0,,15,15,,10,9,
130073,GROVE CREEK MEDICAL CENTER,350 NORTH MERIDIAN STREET,BLACKFOOT,ID,83221,BINGHAM,(208) 782-2900,Acute Care Hospitals,Voluntary non-profit - Private,No,Y,Not Available,16,8,Not Available,Not Available,Not Available,Not Available,5,8,Not Available,Not Available,Not Available,Not Available,5,11,Not Available,Not Available,Not Available,Not Available,5,15,Not Available,5,10,1,
130074,"IDAHO FALLS COMMUNITY HOSPITAL, LLC",2327 CORONADO ST,IDAHO FALLS,ID,83404,BONNEVILLE,(208) 528-1000,Acute Care Hospitals,Proprietary,Yes,,4,,8,6,0,6,0,,8,5,0,5,0,,11,6,1,5,0,,15,10,,10,8,
130779,CASCADE MEDICAL CENTER,402 LAKE CASCADE PARKWAY,CASCADE,ID,83611,VALLEY,(208) 382-4242,Rural Emergency Hospital,Government - Hospital District or Authority,Yes,,Not Available,19,Not Available,Not Available,Not Available,Not Available,Not Available,19,Not Available,Not Available,Not Available,Not Available,Not Available,19,Not Available,Not Available,Not Available,Not Available,Not Available,19,Not Available,Not Available,19,Not Available,Not Available,19
131301,BOUNDARY COMMUNITY HOSPITAL,6640 KANIKSU STREET,BONNERS FERRY,ID,83805,BOUNDARY,(208) 267-3141,Critical Access Hospitals,Voluntary non-profit - Other,Yes,,Not Available,16,8,1,0,1,0,,8,Not Available,Not Available,Not Available,Not Available,5,11,2,0,2,0,,15,Not Available,5,10,4,
131302,NORTH CANYON MEDICAL CENTER,267 NORTH CANYON DR,GOODING,ID,83330,GOODING,(208) 934-4433,Critical Access Hospitals,Voluntary non-profit - Private,No,,Not Available,16,8,1,0,1,0,,8,Not Available,Not Available,Not Available,Not Available,5,11,2,1,1,0,,15,5,,10,4,
131303,NELL J REDFIELD MEMORIAL HOSPITAL,150 NORTH 200 WEST,MALAD CITY,ID,83252,ONEIDA,(208) 766-2231,Critical Access Hospitals,Government - Local,Yes,,Not Available,16,8,2,0,2,0,,8,Not Available,Not Available,Not Available,Not Available,5,11,2,0,2,0,,15,Not Available,5,10,4,
131304,POWER COUNTY HOSPITAL DISTRICT,510 ROOSEVELT STREET,AMERICAN FALLS,ID,83211,POWER,(208) 226-3200,Critical Access Hospitals,Government - Hospital District or Authority,Yes,,Not Available,16,8,Not Available,Not Available,Not Available,Not Available,5,8,Not Available,Not Available,Not Available,Not Available,5,11,Not Available,Not Available,Not Available,Not Available,5,15,Not Available,5,10,3,
131305,STEELE MEMORIAL MEDICAL CENTER,203 SOUTH DAISY STREET,SALMON,ID,83467,LEMHI,(208) 756-5600,Critical Access Hospitals,Government - Local,Yes,,3,,8,3,0,3,0,,8,1,0,1,0,,11,6,0,6,0,,15,5,,10,3,
131307,WEISER MEMORIAL HOSPITAL,645 EAST 5TH STREET,WEISER,ID,83672,WASHINGTON,(208) 549-0370,Critical Access Hospitals,Government - Hospital District or Authority,Yes,,Not Available,16,8,1,0,1,0,,8,Not Available,Not Available,Not Available,Not Available,5,11,2,0,2,0,,15,5,,10,4,
131309,CARIBOU MEDICAL CENTER,300 SOUTH 3RD WEST,SODA SPRINGS,ID,83276,CARIBOU,(208) 547-3341,Critical Access Hospitals,Government - Local,Yes,,Not Available,16,8,1,0,1,0,,8,Not Available,Not Available,Not Available,Not Available,5,11,1,0,1,0,,15,Not Available,5,10,5,
131310,ST LUKE'S JEROME,709 NORTH LINCOLN AVENUE,JEROME,ID,83338,JEROME,(208) 324-4301,Critical Access Hospitals,Voluntary non-profit - Private,Yes,,Not Available,16,8,Not Available,Not Available,Not Available,Not Available,5,8,Not Available,Not Available,Not Available,Not Available,5,11,1,0,1,0,,15,Not Available,5,10,5,
131311,ST LUKE'S ELMORE MEDICAL CENTER,895 NORTH 6TH EAST,MOUNTAIN HOME,ID,83647,ELMORE,(208) 587-8401,Critical Access Hospitals,Voluntary non-profit - Private,Yes,Y,5,,8,3,0,3,0,,8,Not Available,Not Available,Not Available,Not Available,5,11,4,0,4,0,,15,10,,10,5,
131312,ST LUKE'S MCCALL,1000 STATE STREET,MCCALL,ID,83638,VALLEY,(208) 630-2395,Critical Access Hospitals,Proprietary,Yes,Y,Not Available,16,8,2,0,2,0,,8,Not Available,Not Available,Not Available,Not Available,5,11,4,0,4,0,,15,10,,10,5,
131313,TETON VALLEY HOSPITAL,120 EAST HOWARD AVE,DRIGGS,ID,83422,TETON,(208) 354-2383,Critical Access Hospitals,Voluntary non-profit - Private,Yes,,Not Available,16,8,1,0,1,0,,8,Not Available,Not Available,Not Available,Not Available,5,11,1,0,1,0,,15,5,,10,3,
131314,SHOSHONE MEDICAL CENTER,25 JACOBS GULCH ROAD,KELLOGG,ID,83837,SHOSHONE,(208) 784-1221,Critical Access Hospitals,Government - Hospital District or Authority,Yes,,3,,8,3,0,3,0,,8,Not Available,Not Available,Not Available,Not Available,5,11,4,1,3,0,,15,Not Available,5,10,4,
131315,SYRINGA GENERAL HOSPITAL,607 W MAIN STREET,GRANGEVILLE,ID,83530,IDAHO,(208) 983-1700,Critical Access Hospitals,Voluntary non-profit - Private,Yes,,Not Available,16,8,2,0,2,0,,8,Not Available,Not Available,Not Available,Not Available,5,11,2,0,2,0,,15,Not Available,5,10,6,
131316,BEAR LAKE MEMORIAL HOSPITAL,164 SOUTH FIFTH STREET,MONTPELIER,ID,83254,BEAR LAKE,(208) 847-1630,Critical Access Hospitals,Government - Local,Yes,Y,Not Available,16,8,2,0,2,0,,8,Not Available,Not Available,Not Available,Not Available,5,11,2,1,1,0,,15,Not Available,5,10,5,
131317,BENEWAH COMMUNITY HOSPITAL,229 SOUTH 7TH STREET,SAINT MARIES,ID,83861,BENEWAH,(208) 245-5551,Critical Access Hospitals,Government - Local,Yes,,Not Available,16,8,1,0,1,0,,8,Not Available,Not Available,Not Available,Not Available,5,11,1,0,1,0,,15,Not Available,5,10,4,
131318,VALOR HEALTH,1202 EAST LOCUST STREET,EMMETT,ID,83617,GEM,(208) 365-3561,Critical Access Hospitals,Government - Local,Yes,,Not Available,16,8,Not Available,Not Available,Not Available,Not Available,5,8,Not Available,Not Available,Not Available,Not Available,5,11,Not Available,Not Available,Not Available,Not Available,5,15,5,,10,3,
131319,MINIDOKA MEMORIAL HOSPITAL,1224 8TH STREET,RUPERT,ID,83350,MINIDOKA,(208) 436-0481,Critical Access Hospitals,Government - Local,Yes,,Not Available,16,8,2,0,2,0,,8,Not Available,Not Available,Not Available,Not Available,5,11,3,0,3,0,,15,5,,10,4,
131320,CLEARWATER VALLEY HOSPITAL & CLINICS,301 CEDAR STREET,OROFINO,ID,83544,CLEARWATER,(208) 476-4555,Critical Access Hospitals,Voluntary non-profit - Private,Yes,,2,,8,5,0,5,0,,8,Not Available,Not Available,Not Available,Not Available,5,11,4,0,4,0,,15,5,,10,4,
131321,ST MARY'S HOSPITAL,701 LEWISTON ST,COTTONWOOD,ID,83522,IDAHO,(208) 962-3251,Critical Access Hospitals,Voluntary non-profit - Private,Yes,,Not Available,16,8,2,0,2,0,,8,Not Available,Not Available,Not Available,Not Available,5,11,2,0,1,1,,15,5,,10,4,
131322,FRANKLIN COUNTY MEDICAL CENTER,44 NORTH FIRST EAST,PRESTON,ID,83263,FRANKLIN,(208) 852-0137,Critical Access Hospitals,Voluntary non-profit - Other,Yes,,3,,8,3,0,3,0,,8,Not Available,Not Available,Not Available,Not Available,5,11,4,1,2,1,,15,Not Available,5,10,5,
131323,ST LUKE'S WOOD RIVER MEDICAL CENTER,100 HOSPITAL DRIVE,KETCHUM,ID,83340,BLAINE,(208) 727-8800,Critical Access Hospitals,Voluntary non-profit - Private,Yes,Y,4,,8,3,0,3,0,,8,Not Available,Not Available,Not Available,Not Available,5,11,7,0,7,0,,15,10,,10,6,
131324,LOST RIVERS MEDICAL CENTER,551 HIGHLAND DRIVE,ARCO,ID,83213,BUTTE,(208) 252-7654,Critical Access Hospitals,Government - Hospital District or Authority,Yes,,Not Available,16,8,Not Available,Not Available,Not Available,Not Available,5,8,Not Available,Not Available,Not Available,Not Available,5,11,1,0,1,0,,15,Not Available,5,10,4,
131325,BINGHAM MEMORIAL HOSPITAL,98 POPLAR STREET,BLACKFOOT,ID,83221,BINGHAM,(208) 785-4100,Critical Access Hospitals,Voluntary non-profit - Private,Yes,,Not Available,16,8,2,0,2,0,,8,2,0,2,0,,11,7,1,6,0,,15,10,,10,4,
131326,CASSIA REGIONAL HOSPITAL,1501 HILAND AVENUE,BURLEY,ID,83318,CASSIA,(208) 678-4444,Critical Access Hospitals,Voluntary non-profit - Private,Yes,Y,3,,8,3,0,3,0,,8,1,0,1,0,,11,5,0,5,0,,15,15,,10,7,
131327,GRITMAN MEDICAL CENTER,700 SOUTH MAIN STREET,MOSCOW,ID,83843,LATAH,(208) 882-4511,Critical Access Hospitals,Voluntary non-profit - Private,Yes,,3,,8,4,0,4,0,,8,Not Available,Not Available,Not Available,Not Available,5,11,7,1,6,0,,15,15,,10,5,
131328,BONNER GENERAL HOSPITAL,520 NORTH THIRD AVENUE,SANDPOINT,ID,83864,BONNER,(208) 263-1441,Critical Access Hospitals,Voluntary non-profit - Private,Yes,,2,,8,4,0,3,1,,8,2,0,2,0,,11,4,1,3,0,,15,10,,10,7,
134002,INTERMOUNTAIN HOSPITAL,303 NORTH ALLUMBAUGH STREET,BOISE,ID,83704,ADA,(208) 377-8400,Psychiatric,Proprietary,No,,Not Available,19,Not Available,Not Available,Not Available,Not Available,Not Available,19,Not Available,Not Available,Not Available,Not Available,Not Available,19,Not Available,Not Available,Not Available,Not Available,Not Available,19,Not Available,Not Available,19,Not Available,Not Available,19
134009,LIFEWAYS HOSPITAL,8050 WEST NORTHVIEW STREET,BOISE,ID,83704,ADA,(208) 327-0504,Psychiatric,Voluntary non-profit - Private,No,,Not Available,19,Not Available,Not Available,Not Available,Not Available,Not Available,19,Not Available,Not Available,Not Available,Not Available,Not Available,19,Not Available,Not Available,Not Available,Not Available,Not Available,19,Not Available,Not Available,19,Not Available,Not Available,19
134010,STATE HOSPITAL SOUTH,700 EAST ALICE STREET,BLACKFOOT,ID,83221,BINGHAM,(208) 785-1200,Psychiatric,Government - State,No,,Not Available,19,Not Available,Not Available,Not Available,Not Available,Not Available,19,Not Available,Not Available,Not Available,Not Available,Not Available,19,Not Available,Not Available,Not Available,Not Available,Not Available,19,Not Available,Not Available,19,Not Available,Not Available,19
134017,COTTONWOOD CREEK BEHAVIORAL HOSPITAL,2131 s bonito way,MERIDIAN,ID,83642,ADA,(208) 202-4700,Psychiatric,Proprietary,No,,Not Available,19,Not Available,Not Available,Not Available,Not Available,Not Available,19,Not Available,Not Available,Not Available,Not Available,Not Available,19,Not Available,Not Available,Not Available,Not Available,Not Available,19,Not Available,Not Available,19,Not Available,Not Available,19
140001,GRAHAM HOSPITAL ASSOCIATION,210 WEST WALNUT STREET,CANTON,IL,61520,FULTON,(309) 647-5240,Acute Care Hospitals,Voluntary non-profit - Private,Yes,Y,3,,8,4,0,4,0,,8,3,0,3,0,,11,7,0,6,1,,15,10,,10,9,
140002,ALTON MEMORIAL HOSPITAL,ONE MEMORIAL DRIVE,ALTON,IL,62002,MADISON,(314) 286-2227,Acute Care Hospitals,Voluntary non-profit - Private,Yes,Y,4,,8,6,0,6,0,,8,7,1,6,0,,11,10,0,8,2,,15,15,,10,10,
140007,SAINT JOSEPH MEDICAL CENTER,333 N MADISON ST,JOLIET,IL,60435,WILL,(815) 725-7133,Acute Care Hospitals,Voluntary non-profit - Church,Yes,Y,1,29,8,8,0,8,0,29,8,6,0,4,2,29,11,9,0,5,4,29,15,10,29,10,6,29
140008,LOYOLA GOTTLIEB MEMORIAL HOSPITAL,701 WEST NORTH AVE,MELROSE PARK,IL,60160,COOK,(708) 681-3200,Acute Care Hospitals,Voluntary non-profit - Private,Yes,,3,,8,7,0,7,0,,8,5,2,3,0,,11,7,0,4,3,,15,15,,10,8,
140010,NORTHSHORE UNIVERSITY HEALTHSYSTEM - EVANSTON HOSPITAL,2650 RIDGE AVE,EVANSTON,IL,60201,COOK,(847) 570-2000,Acute Care Hospitals,Voluntary non-profit - Other,Yes,Y,5,,8,8,7,1,0,,8,8,5,3,0,,11,11,1,6,4,,15,15,,10,10,
140011,HERRIN HOSPITAL,201 S 14TH ST,HERRIN,IL,62948,WILLIAMSON,(618) 942-2171,Acute Care Hospitals,Voluntary non-profit - Private,Yes,,1,,8,7,0,7,0,,8,6,0,6,0,,11,7,0,4,3,,15,15,,10,10,
140012,OSF SAINT KATHARINE MEDICAL CENTER,403 E 1ST ST,DIXON,IL,61021,LEE,(815) 288-5531,Acute Care Hospitals,Voluntary non-profit - Private,Yes,Y,2,,8,5,0,5,0,,8,2,0,2,0,,11,7,1,6,0,,15,15,,10,9,
140013,CARLE HEALTH PROCTOR HOSPITAL,5409 N KNOXVILLE AVE,PEORIA,IL,61354,LA SALLE,(309) 691-1000,Acute Care Hospitals,Voluntary non-profit - Private,Yes,,3,,8,6,0,6,0,,8,4,0,4,0,,11,6,2,4,0,,15,15,,10,6,
140015,BLESSING HOSPITAL,1005 BROADWAY ST,QUINCY,IL,62301,ADAMS,(217) 223-1200,Acute Care Hospitals,Voluntary non-profit - Private,Yes,Y,4,,8,8,0,8,0,,8,7,2,5,0,,11,11,0,11,0,,15,15,,10,9,
140018,MT SINAI HOSPITAL MEDICAL CENTER,15TH STREET AT CALIFORNIA,CHICAGO,IL,60608,COOK,(773) 542-2000,Acute Care Hospitals,Voluntary non-profit - Private,Yes,Y,1,,8,7,0,7,0,,8,7,1,5,1,,11,7,0,6,1,,15,15,,10,7,
140029,COPLEY MEMORIAL HOSPITAL,2000 OGDEN AVENUE,AURORA,IL,60504,KANE,(630) 978-6200,Acute Care Hospitals,Voluntary non-profit - Private,Yes,Y,4,,8,8,1,7,0,,8,8,3,5,0,,11,11,0,8,3,,15,15,,10,10,
140030,ADVOCATE SHERMAN HOSPITAL,1425 NORTH RANDALL ROAD,ELGIN,IL,60123,KANE,(847) 742-9800,Acute Care Hospitals,Voluntary non-profit - Private,Yes,Y,4,,8,8,2,6,0,,8,6,1,5,0,,11,8,0,8,0,,15,15,,10,9,
140032,ST ANTHONYS MEMORIAL HOSPITAL,503 N MAPLE STREET,EFFINGHAM,IL,62401,EFFINGHAM,(217) 342-2121,Acute Care Hospitals,Voluntary non-profit - Church,Yes,Y,3,,8,6,0,6,0,,8,4,0,4,0,,11,6,0,4,2,,15,15,,10,10,
140034,SSM HEALTH ST MARY'S HOSPITAL -CENTRALIA,400 NORTH PLEASANT AVENUE,CENTRALIA,IL,62801,MARION,(618) 436-8000,Acute Care Hospitals,Voluntary non-profit - Church,Yes,,3,,8,5,0,5,0,,8,2,0,2,0,,11,6,1,4,1,,15,15,,10,9,
14003F,JESSE BROWN VA MEDICAL CENTER - VA CHICAGO HEALTHCARE SYSTEM,820 S DAMEN STREET,CHICAGO,IL,60612,COOK,(312) 569-8387,Acute Care - Veterans Administration,Veterans Health Administration,Yes,,4,,8,5,3,2,0,,8,4,0,4,0,,11,6,0,6,0,,15,10,,10,3,
140043,CGH MEDICAL CENTER,100 EAST LEFEVRE ROAD,STERLING,IL,61081,WHITESIDE,(815) 625-0400,Acute Care Hospitals,Government - Local,Yes,Y,1,,8,6,0,5,1,,8,5,0,5,0,,11,10,1,7,2,,15,15,,10,9,
140046,GOOD SAMARITAN REGIONAL HLTH CENTER,1 GOOD SAMARITAN WAY,MOUNT VERNON,IL,62864,JEFFERSON,(618) 899-2201,Acute Care Hospitals,Voluntary non-profit - Private,Yes,Y,4,,8,7,0,7,0,,8,7,1,6,0,,11,10,0,7,3,,15,15,,10,8,
140048,ADVOCATE TRINITY HOSPITAL,2320 E 93RD ST,CHICAGO,IL,60617,COOK,(773) 967-5002,Acute Care Hospitals,Voluntary non-profit - Church,Yes,Y,2,,8,7,2,5,0,,8,7,1,6,0,,11,10,0,7,3,,15,15,,10,10,
140049,WEST SUBURBAN MEDICAL CENTER,3 ERIE COURT,OAK PARK,IL,60302,COOK,(708) 383-6200,Acute Care Hospitals,Voluntary non-profit - Other,No,Y,1,,8,5,0,5,0,,8,5,1,4,0,,11,6,0,5,1,,15,15,,10,7,
14004F,VA ILLIANA HEALTHCARE SYSTEM - DANVILLE,1900 E. MAIN,DANVILLE,IL,61832,VERMILION,(217) 554-3000,Acute Care - Veterans Administration,Veterans Health Administration,No,,Not Available,16,8,2,0,2,0,,8,Not Available,Not Available,Not Available,Not Available,5,11,3,1,2,0,,15,Not Available,5,10,2,
140052,OSF SAINT ANTHONY'S HEALTH CENTER,ST ANTHONY'S WAY,ALTON,IL,62002,MADISON,(618) 465-2571,Acute Care Hospitals,Voluntary non-profit - Church,No,,4,,8,6,0,6,0,,8,2,1,1,0,,11,8,1,7,0,,15,15,,10,8,
140053,ST JOHNS HOSPITAL,800 E CARPENTER ST,SPRINGFIELD,IL,62769,SANGAMON,(217) 544-6464,Acute Care Hospitals,Voluntary non-profit - Church,Yes,Y,2,,8,8,0,8,0,,8,6,3,2,1,,11,10,1,6,3,,15,15,,10,8,
140054,MACNEAL  HOSPITAL,3249 SOUTH OAK PARK AVENUE,BERWYN,IL,60402,COOK,(708) 783-9100,Acute Care Hospitals,Proprietary,Yes,Y,3,,8,7,0,7,0,,8,6,1,5,0,,11,9,0,6,3,,15,15,,10,9,
140059,JERSEY COMMUNITY HOSPITAL,400 MAPLE SUMMIT ROAD,JERSEYVILLE,IL,62052,JERSEY,(618) 498-6402,Acute Care Hospitals,Government - Local,Yes,,3,,8,4,0,3,1,,8,2,0,2,0,,11,7,0,7,0,,15,15,,10,8,
140062,PALOS COMMUNITY HOSPITAL,12251 SOUTH 80TH AVENUE,PALOS HEIGHTS,IL,60463,COOK,(708) 923-4000,Acute Care Hospitals,Voluntary non-profit - Private,Yes,Y,4,,8,8,3,5,0,,8,8,1,6,1,,11,11,0,7,4,,15,15,,10,9,
140063,RUSH OAK PARK HOSPITAL,520 S MAPLE AVE,OAK PARK,IL,60304,COOK,(708) 383-9300,Acute Care Hospitals,Voluntary non-profit - Church,Yes,,4,,8,6,2,4,0,,8,5,1,4,0,,11,8,0,6,2,,15,15,,10,8,
140064,ST MARY MEDICAL CENTER,3333 NORTH SEMINARY,GALESBURG,IL,61401,KNOX,(309) 344-3161,Acute Care Hospitals,Voluntary non-profit - Church,Yes,Y,2,,8,6,0,6,0,,8,4,1,3,0,,11,6,0,4,2,,15,15,,10,9,
140065,UCHICAGO MEDICINE ADVENTHEALTH LA GRANGE,5101 S WILLOW SPRINGS RD,LA GRANGE,IL,60525,COOK,(708) 352-1200,Acute Care Hospitals,Voluntary non-profit - Church,Yes,,5,,8,7,0,7,0,,8,7,1,6,0,,11,7,4,3,0,,15,15,,10,7,
140067,SAINT FRANCIS MEDICAL CENTER,530 NE GLEN OAK AVE,PEORIA,IL,61637,PEORIA,(309) 655-2000,Acute Care Hospitals,Voluntary non-profit - Private,Yes,Y,2,,8,8,1,6,1,,8,8,2,5,1,,11,11,0,7,4,,15,15,,10,9,
140068,ROSELAND COMMUNITY HOSPITAL,45 W 111TH STREET,CHICAGO,IL,60628,COOK,(773) 995-3000,Acute Care Hospitals,Voluntary non-profit - Private,Yes,Y,1,,8,4,0,4,0,,8,2,0,2,0,,11,4,0,3,1,,15,10,,10,6,
140077,TOUCHETTE REGIONAL HOSPITAL INC,5900 BOND AVENUE,CENTREVILLE,IL,62207,ST. CLAIR,(618) 332-3060,Acute Care Hospitals,Voluntary non-profit - Private,Yes,,Not Available,16,8,Not Available,Not Available,Not Available,Not Available,5,8,1,0,1,0,,11,Not Available,Not Available,Not Available,Not Available,5,15,5,,10,6,
14007F,HINES VA MEDICAL CENTER,5000 SOUTH 5TH AVENUE,HINES,IL,60141,COOK,(708) 202-8387,Acute Care - Veterans Administration,Veterans Health Administration,Yes,,3,,8,5,2,3,0,,8,4,0,3,1,,11,6,0,4,2,,15,10,,10,5,
140080,SAINT FRANCIS HOSPITAL-EVANSTON,355 RIDGE AVE,EVANSTON,IL,60202,COOK,(847) 316-4000,Acute Care Hospitals,Voluntary non-profit - Church,Yes,,2,29,8,7,0,7,0,29,8,4,0,4,0,29,11,9,0,6,3,29,15,10,29,10,6,29
140082,LOUIS A WEISS MEMORIAL HOSPITAL,4646 N MARINE DRIVE,CHICAGO,IL,60640,COOK,(773) 878-8700,Acute Care Hospitals,Proprietary,Yes,,1,,8,6,0,6,0,,8,5,0,5,0,,11,7,0,7,0,,15,15,,10,7,
140083,LORETTO HOSPITAL,645 SOUTH CENTRAL AVE,CHICAGO,IL,60644,COOK,(773) 626-4300,Acute Care Hospitals,Voluntary non-profit - Other,Yes,,Not Available,16,8,1,0,1,0,,8,2,1,1,0,,11,2,0,2,0,,15,Not Available,5,10,6,
140084,VISTA MEDICAL CENTER EAST,1324 NORTH SHERIDAN ROAD,WAUKEGAN,IL,60085,LAKE,(847) 360-3000,Acute Care Hospitals,Proprietary,Yes,,2,,8,6,0,6,0,,8,4,1,3,0,,11,7,1,5,1,,15,15,,10,7,
140088,THE UNIVERSITY OF CHICAGO MEDICAL CENTER,5841 SOUTH MARYLAND,CHICAGO,IL,60637,COOK,(773) 702-9785,Acute Care Hospitals,Voluntary non-profit - Private,Yes,Y,4,,8,8,2,6,0,,8,7,4,3,0,,11,10,1,4,5,,15,15,,10,10,
140089,MC DONOUGH DISTRICT HOSPITAL,525 EAST GRANT STREET,MACOMB,IL,61455,MC DONOUGH,(309) 833-4101,Acute Care Hospitals,Government - Hospital District or Authority,Yes,Y,3,,8,4,0,4,0,,8,2,0,2,0,,11,5,0,4,1,,15,15,,10,8,
14008F,MARION IL VA MEDICAL CENTER,2401 WEST MAIN,MARION,IL,62959,WILLIAMSON,(618) 997-5311,Acute Care - Veterans Administration,Veterans Health Administration,Yes,,3,,8,3,0,3,0,,8,1,0,1,0,,11,4,0,1,3,,15,10,,10,3,
140091,CARLE FOUNDATION HOSPITAL,611 WEST PARK STREET,URBANA,IL,61801,CHAMPAIGN,(217) 383-3311,Acute Care Hospitals,Voluntary non-profit - Private,Yes,Y,2,,8,8,0,8,0,,8,7,2,4,1,,11,11,1,7,3,,15,15,,10,9,
140093,OSF SACRED HEART MEDICAL CENTER,812 N LOGAN AVE,DANVILLE,IL,61832,VERMILION,(217) 443-5000,Acute Care Hospitals,Voluntary non-profit - Church,Yes,Y,2,,8,6,0,6,0,,8,3,0,3,0,,11,8,0,7,1,,15,15,,10,8,
140095,SAINT ANTHONY HOSPITAL,2875 WEST 19TH STREET,CHICAGO,IL,60623,COOK,(773) 521-1710,Acute Care Hospitals,Voluntary non-profit - Private,Yes,Y,2,,8,1,0,1,0,,8,3,1,2,0,,11,3,0,3,0,,15,15,,10,6,
140100,"MIDWESTERN REGION MED CENTER, INC",2520 ELISHA AVENUE,ZION,IL,60099,LAKE,(847) 872-4561,Acute Care Hospitals,Proprietary,Yes,,4,,8,1,0,1,0,,8,3,0,3,0,,11,5,0,4,1,,15,15,,10,5,
140101,MORRIS HOSPITAL & HEALTHCARE CENTERS,150 W HIGH ST,MORRIS,IL,60450,GRUNDY,(815) 942-2932,Acute Care Hospitals,Voluntary non-profit - Private,Yes,Y,4,,8,6,0,6,0,,8,5,1,4,0,,11,8,1,5,2,,15,15,,10,9,
140103,ST BERNARD HOSPITAL,326 W 64TH ST,CHICAGO,IL,60621,COOK,(773) 962-3900,Acute Care Hospitals,Voluntary non-profit - Church,Yes,,1,,8,3,0,3,0,,8,5,0,5,0,,11,4,0,3,1,,15,5,,10,7,
140110,OSF SAINT ELIZABETH MDL CTR,925 WEST STREET,PERU,IL,61354,LA SALLE,(815) 433-3100,Acute Care Hospitals,Voluntary non-profit - Private,Yes,Y,3,,8,5,0,5,0,,8,4,1,3,0,,11,8,1,7,0,,15,15,,10,9,
140113,OSF HEART OF MARY MEDICAL CENTER,1400 WEST PARK AVENUE,URBANA,IL,61801,CHAMPAIGN,(217) 337-2000,Acute Care Hospitals,Voluntary non-profit - Church,Yes,,3,,8,7,0,7,0,,8,4,0,4,0,,11,8,0,7,1,,15,15,,10,7,
140114,SWEDISH HOSPITAL,5145 N CALIFORNIA AVE,CHICAGO,IL,60625,COOK,(773) 878-8200,Acute Care Hospitals,Voluntary non-profit - Church,Yes,Y,3,,8,7,0,7,0,,8,6,1,5,0,,11,9,2,5,2,,15,15,,10,10,
140115,THOREK MEMORIAL HOSPITAL,850 W IRVING PARK RD,CHICAGO,IL,60613,COOK,(773) 975-6867,Acute Care Hospitals,Voluntary non-profit - Private,Yes,,Not Available,16,8,2,0,2,0,,8,2,0,2,0,,11,5,0,4,1,,15,15,,10,7,
140116,NORTHWESTERN MEDICINE MCHENRY,4201 MEDICAL CENTER DRIVE,MCHENRY,IL,60050,MC HENRY,(815) 344-5000,Acute Care Hospitals,Voluntary non-profit - Other,Yes,Y,5,,8,8,4,4,0,,8,7,2,5,0,,11,11,0,11,0,,15,15,,10,10,
140117,AMITA HEALTH RESURRECTION MEDICAL CENTER,7435 W TALCOTT AVENUE,CHICAGO,IL,60631,COOK,(773) 774-8000,Acute Care Hospitals,Voluntary non-profit - Church,Yes,Y,3,29,8,8,0,8,0,29,8,6,0,6,0,29,11,11,1,9,1,29,15,10,29,10,7,29
140119,RUSH UNIVERSITY MEDICAL CENTER,1653 WEST CONGRESS PARKWAY,CHICAGO,IL,60612,COOK,(312) 942-5000,Acute Care Hospitals,Voluntary non-profit - Private,Yes,Y,5,,8,8,3,5,0,,8,8,4,4,0,,11,11,1,7,3,,15,15,,10,9,
140120,CARLE HEALTH PEKIN HOSPITAL,600 SOUTH 13TH STREET,PEKIN,IL,61554,TAZEWELL,(309) 347-1151,Acute Care Hospitals,Voluntary non-profit - Private,Yes,,3,,8,6,0,6,0,,8,2,0,2,0,,11,6,1,5,0,,15,15,,10,9,
140122,UCHICAGO MEDICINE ADVENTHEALTH HINSDALE,120 NORTH OAK ST,HINSDALE,IL,60521,DU PAGE,(630) 856-9000,Acute Care Hospitals,Voluntary non-profit - Private,Yes,Y,5,,8,8,1,7,0,,8,7,1,6,0,,11,10,2,7,1,,15,15,,10,8,
140124,JOHN H STROGER JR HOSPITAL,1901 W HARRISON ST,CHICAGO,IL,60612,COOK,(312) 864-6000,Acute Care Hospitals,Government - Local,Yes,Y,2,,8,6,0,6,0,,8,7,1,6,0,,11,8,0,7,1,,15,15,,10,8,
140125,GATEWAY REGIONAL MEDICAL CENTER,2100 MADISON AVENUE,GRANITE CITY,IL,62040,MADISON,(618) 798-3000,Acute Care Hospitals,Voluntary non-profit - Other,Yes,,2,,8,4,0,4,0,,8,3,0,3,0,,11,5,1,4,0,,15,5,,10,7,
140127,CARLE BROMENN MEDICAL CENTER,1304 FRANKLIN AVENUE,NORMAL,IL,61761,MC LEAN,(309) 454-1400,Acute Care Hospitals,Voluntary non-profit - Church,Yes,Y,3,,8,8,0,8,0,,8,7,1,6,0,,11,9,1,7,1,,15,15,,10,9,
140130,NORTHWESTERN LAKE FOREST HOSPITAL,1000 N WESTMORELAND ROAD,LAKE FOREST,IL,60045,LAKE,(847) 234-5600,Acute Care Hospitals,Voluntary non-profit - Other,Yes,Y,5,,8,7,4,3,0,,8,7,1,6,0,,11,10,2,6,2,,15,15,,10,8,
140133,HOLY CROSS HOSPITAL,2701 W 68TH STREET,CHICAGO,IL,60629,COOK,(773) 884-9000,Acute Care Hospitals,Voluntary non-profit - Private,Yes,,2,,8,5,1,4,0,,8,5,1,4,0,,11,5,0,4,1,,15,15,,10,7,
140135,DECATUR MEMORIAL HOSPITAL,2300 NORTH EDWARD STREET,DECATUR,IL,62526,MACON,(217) 876-8121,Acute Care Hospitals,Voluntary non-profit - Other,Yes,Y,3,,8,7,0,7,0,,8,6,2,4,0,,11,9,1,6,2,,15,15,,10,10,
140137,HSHS HOLY FAMILY HOSPITAL INC,200 HEALTH CARE DR,GREENVILLE,IL,62246,BOND,(618) 664-1230,Acute Care Hospitals,Voluntary non-profit - Church,Yes,,3,,8,3,0,3,0,,8,Not Available,Not Available,Not Available,Not Available,5,11,4,0,3,1,,15,5,,10,7,
140145,ST JOSEPHS HOSPITAL,9515 HOLY CROSS LN,BREESE,IL,62230,CLINTON,(618) 526-4511,Acute Care Hospitals,Voluntary non-profit - Church,Yes,Y,4,,8,5,1,4,0,,8,2,0,2,0,,11,6,0,6,0,,15,15,,10,9,
140148,MEMORIAL MEDICAL CENTER,701 N FIRST ST,SPRINGFIELD,IL,62702,SANGAMON,(217) 788-3000,Acute Care Hospitals,Voluntary non-profit - Private,Yes,Y,3,,8,8,0,8,0,,8,8,2,5,1,,11,10,1,7,2,,15,15,,10,9,
140150,UNIVERSITY OF ILLINOIS HOSPITAL AND CLINICS,1740 WEST TAYLOR ST SUITE 1400,CHICAGO,IL,60612,COOK,(312) 996-3900,Acute Care Hospitals,Government - State,Yes,Y,4,,8,7,2,5,0,,8,8,2,6,0,,11,9,0,9,0,,15,15,,10,8,
140155,PRESENCE ST MARYS HOSPITAL,500 W COURT ST,KANKAKEE,IL,60901,KANKAKEE,(815) 937-2490,Acute Care Hospitals,Voluntary non-profit - Church,Yes,Y,4,29,8,7,0,7,0,29,8,3,0,3,0,29,11,10,1,8,1,29,15,10,29,10,7,29
140158,INSIGHT HOSPITAL AND MEDICAL CENTER CHICAGO,2525 S MICHIGAN AVE,CHICAGO,IL,60616,COOK,(312) 567-2000,Acute Care Hospitals,Voluntary non-profit - Private,Yes,,1,,8,3,0,3,0,,8,2,0,2,0,,11,4,0,3,1,,15,15,,10,6,
140160,FHN MEMORIAL HOSPITAL,1045 WEST STEPHENSON STREET,FREEPORT,IL,61032,STEPHENSON,(815) 599-6000,Acute Care Hospitals,Voluntary non-profit - Private,Yes,Y,3,,8,6,0,6,0,,8,4,0,4,0,,11,8,1,7,0,,15,15,,10,9,
140161,SAINT JAMES HOSPITAL,2500 WEST REYNOLDS STREET,PONTIAC,IL,61764,LIVINGSTON,(815) 842-2828,Acute Care Hospitals,Voluntary non-profit - Church,No,,4,,8,5,0,5,0,,8,3,0,3,0,,11,6,1,5,0,,15,15,,10,9,
140162,ST JOSEPH MEDICAL CENTER,2200 E WASHINGTON,BLOOMINGTON,IL,61701,MC LEAN,(309) 662-3311,Acute Care Hospitals,Voluntary non-profit - Church,Yes,Y,2,,8,8,0,7,1,,8,7,1,6,0,,11,8,0,6,2,,15,15,,10,7,
140164,MEMORIAL HOSPITAL OF CARBONDALE,405 W JACKSON,CARBONDALE,IL,62901,JACKSON,(618) 549-0721,Acute Care Hospitals,Voluntary non-profit - Private,Yes,Y,1,,8,8,0,7,1,,8,6,1,5,0,,11,10,0,8,2,,15,15,,10,8,
140166,ST MARYS HOSPITAL,1800 E LAKE SHORE DR,DECATUR,IL,62521,MACON,(217) 464-2966,Acute Care Hospitals,Voluntary non-profit - Private,Yes,,1,,8,7,0,7,0,,8,3,0,2,1,,11,9,0,7,2,,15,15,,10,9,
140172,FRANCISCAN HEALTH OLYMPIA & CHICAGO HEIGHTS,20201 S CRAWFORD AVENUE,OLYMPIA FIELDS,IL,60461,COOK,(708) 747-4000,Acute Care Hospitals,Voluntary non-profit - Church,Yes,Y,3,,8,7,1,6,0,,8,7,1,6,0,,11,10,0,8,2,,15,15,,10,9,
140174,PRESENCE MERCY MEDICAL CENTER,1325 N HIGHLAND AVENUE,AURORA,IL,60506,KANE,(630) 859-2222,Acute Care Hospitals,Voluntary non-profit - Private,Yes,Y,3,29,8,6,0,6,0,29,8,2,0,2,0,29,11,9,2,6,1,29,15,10,29,10,6,29
140177,JACKSON PARK HOSPITAL,7531 S STONY ISLAND AVE,CHICAGO,IL,60649,COOK,(773) 947-7500,Acute Care Hospitals,Voluntary non-profit - Private,Yes,,1,,8,3,0,3,0,,8,3,0,3,0,,11,3,0,2,1,,15,5,,10,6,
140179,OSF LITTLE COMPANY OF MARY MEDICAL CENTER,2800 W 95TH ST,EVERGREEN PARK,IL,60805,COOK,(708) 422-6200,Acute Care Hospitals,Voluntary non-profit - Other,Yes,Y,2,,8,7,2,5,0,,8,6,1,5,0,,11,9,0,5,4,,15,15,,10,8,
140180,PRESENCE SAINTS MARY AND ELIZABETH MEDICAL CENTER,2233 W DIVISION ST,CHICAGO,IL,60622,COOK,(312) 770-2000,Acute Care Hospitals,Voluntary non-profit - Church,Yes,Y,3,29,8,6,0,6,0,29,8,4,1,3,0,29,11,8,0,8,0,29,15,10,29,10,6,29
140181,SOUTH SHORE HOSPITAL,8012 SOUTH CRANDON AVENUE,CHICAGO,IL,60617,COOK,(773) 356-5000,Acute Care Hospitals,Voluntary non-profit - Private,Yes,,Not Available,16,8,2,0,2,0,,8,3,0,3,0,,11,2,0,1,1,,15,Not Available,5,10,5,
140182,ADVOCATE ILLINOIS MASONIC MEDICAL CENTER,836 WEST WELLINGTON AVENUE,CHICAGO,IL,60657,COOK,(773) 975-1600,Acute Care Hospitals,Voluntary non-profit - Private,Yes,Y,3,,8,7,1,6,0,,8,7,1,5,1,,11,9,0,6,3,,15,15,,10,8,
140184,HEARTLAND REGIONAL MEDICAL CENTER,3333 W DEYOUNG,MARION,IL,62959,WILLIAMSON,(618) 998-7000,Acute Care Hospitals,Proprietary,Yes,,2,,8,5,0,5,0,,8,3,0,3,0,,11,7,1,4,2,,15,10,,10,9,
140185,MEMORIAL HOSPITAL,4500 MEMORIAL DRIVE,BELLEVILLE,IL,62226,ST. CLAIR,(618) 233-7750,Acute Care Hospitals,Voluntary non-profit - Private,Yes,Y,5,,8,8,2,6,0,,8,7,2,5,0,,11,11,1,9,1,,15,15,,10,10,
140186,RIVERSIDE MEDICAL CENTER,350 N WALL ST,KANKAKEE,IL,60901,KANKAKEE,(815) 933-1671,Acute Care Hospitals,Voluntary non-profit - Private,Yes,Y,4,,8,8,0,8,0,,8,6,2,4,0,,11,10,0,10,0,,15,15,,10,10,
140187,HSHS ST ELIZABETH'S HOSPITAL,ONE ST ELIZABETH BOULEVARD,O FALLON,IL,62269,ST. CLAIR,(618) 234-2120,Acute Care Hospitals,Voluntary non-profit - Church,Yes,Y,4,,8,8,0,8,0,,8,7,2,5,0,,11,11,1,8,2,,15,15,,10,9,
140189,SARAH BUSH LINCOLN HEALTH CENTER,1000 HEALTH CENTER DRIVE P O BOX 372,MATTOON,IL,61938,COLES,(217) 258-2513,Acute Care Hospitals,Voluntary non-profit - Private,Yes,Y,3,,8,7,0,7,0,,8,7,1,6,0,,11,10,1,7,2,,15,15,,10,10,
140191,INGALLS MEMORIAL HOSPITAL,1 INGALLS DRIVE,HARVEY,IL,60426,COOK,(708) 333-2300,Acute Care Hospitals,Physician,Yes,Y,2,,8,7,1,6,0,,8,7,1,6,0,,11,9,0,7,2,,15,15,,10,10,
140197,METHODIST HOSPITAL OF CHICAGO,5025 N PAULINA STREET,CHICAGO,IL,60640,COOK,(773) 271-9040,Acute Care Hospitals,Voluntary non-profit - Private,Yes,,Not Available,16,8,Not Available,Not Available,Not Available,Not Available,5,8,Not Available,Not Available,Not Available,Not Available,5,11,1,0,1,0,,15,5,,10,4,
140200,ELMHURST MEMORIAL HOSPITAL,155 EAST BRUSH HILL ROAD,ELMHURST,IL,60126,DU PAGE,(331) 221-1000,Acute Care Hospitals,Proprietary,Yes,Y,3,,8,8,1,7,0,,8,8,3,5,0,,11,11,0,7,4,,15,15,,10,10,
140202,ADVOCATE CONDELL MEDICAL CENTER,801 S MILWAUKEE AVE,LIBERTYVILLE,IL,60048,LAKE,(847) 362-2900,Acute Care Hospitals,Voluntary non-profit - Private,Yes,Y,4,,8,8,2,6,0,,8,7,1,6,0,,11,9,1,7,1,,15,15,,10,9,
140206,HUMBOLDT PARK HEALTH,1044 N FRANCISCO AVE,CHICAGO,IL,60622,COOK,(773) 292-8200,Acute Care Hospitals,Voluntary non-profit - Private,Yes,Y,1,,8,3,0,3,0,,8,4,0,4,0,,11,5,0,3,2,,15,15,,10,7,
140208,ADVOCATE CHRIST HOSPITAL & MEDICAL CENTER,4440 W 95TH STREET,OAK LAWN,IL,60453,COOK,(708) 684-8000,Acute Care Hospitals,Voluntary non-profit - Church,Yes,Y,3,,8,8,4,4,0,,8,8,2,5,1,,11,11,0,9,2,,15,15,,10,9,
140209,CARLE HEALTH METHODIST HOSPITAL,221 N E GLEN OAK AVE,PEORIA,IL,61636,PEORIA,(309) 672-5522,Acute Care Hospitals,Voluntary non-profit - Private,Yes,Y,2,,8,8,0,8,0,,8,6,2,4,0,,11,8,0,7,1,,15,15,,10,9,
140210,HARRISBURG MEDICAL CENTER,100 DOCTOR WARREN TUTTLE DR,HARRISBURG,IL,62946,SALINE,(618) 253-7671,Acute Care Hospitals,Voluntary non-profit - Other,Yes,,2,,8,4,0,4,0,,8,1,0,1,0,,11,6,0,6,0,,15,5,,10,8,
140211,NORTHWESTERN MEDICINE DELNOR COMMUNITY HOSPITAL,300 RANDALL RD,GENEVA,IL,60134,KANE,(630) 208-3000,Acute Care Hospitals,Voluntary non-profit - Private,Yes,Y,5,,8,7,2,5,0,,8,7,2,5,0,,11,10,1,8,1,,15,15,,10,10,
140213,SILVER CROSS HOSPITAL  AND MEDICAL CENTERS,1900 SILVER CROSS BLVD,NEW LENOX,IL,60451,WILL,(815) 300-1100,Acute Care Hospitals,Voluntary non-profit - Private,Yes,Y,5,,8,8,0,8,0,,8,8,1,7,0,,11,9,1,7,1,,15,15,,10,10,
140217,SAINT JOSEPH HOSPITAL-ELGIN,77 N AIRLITE STREET,ELGIN,IL,60123,KANE,(847) 695-3200,Acute Care Hospitals,Voluntary non-profit - Church,Yes,,4,29,8,6,0,6,0,29,8,3,0,3,0,29,11,7,1,6,0,29,15,10,29,10,7,29
140223,ADVOCATE LUTHERAN GENERAL HOSPITAL,1775 DEMPSTER ST,PARK RIDGE,IL,60068,COOK,(847) 723-2210,Acute Care Hospitals,Voluntary non-profit - Church,Yes,Y,4,,8,8,5,3,0,,8,8,3,5,0,,11,11,0,10,1,,15,15,,10,9,
140224,PRESENCE SAINT JOSEPH HOSPITAL - CHICAGO,2900 NORTH LAKE SHORE DRIVE,CHICAGO,IL,60657,COOK,(773) 665-3000,Acute Care Hospitals,Voluntary non-profit - Church,Yes,Y,4,29,8,6,0,6,0,29,8,4,0,4,0,29,11,7,0,6,1,29,15,10,29,10,7,29
140228,UW HEALTH,1401 EAST STATE STREET,ROCKFORD,IL,61104,WINNEBAGO,(815) 968-4400,Acute Care Hospitals,Voluntary non-profit - Private,Yes,Y,3,,8,8,0,8,0,,8,7,2,5,0,,11,10,1,6,3,,15,15,,10,9,
140231,EDWARD HOSPITAL,801 SOUTH WASHINGTON,NAPERVILLE,IL,60540,DU PAGE,(630) 527-3000,Acute Care Hospitals,Voluntary non-profit - Private,Yes,Y,3,,8,8,0,8,0,,8,8,3,5,0,,11,11,0,6,5,,15,15,,10,9,
140233,SAINT ANTHONY MEDICAL CENTER,5666 EAST STATE STREET,ROCKFORD,IL,61108,WINNEBAGO,(815) 226-2000,Acute Care Hospitals,Voluntary non-profit - Church,Yes,Y,2,,8,8,0,7,1,,8,7,2,5,0,,11,11,0,8,3,,15,15,,10,8,
140239,JAVON BEA HOSPITAL,2400 NORTH ROCKTON AVENUE,ROCKFORD,IL,61103,WINNEBAGO,(815) 968-6861,Acute Care Hospitals,Voluntary non-profit - Private,Yes,Y,3,,8,8,0,8,0,,8,6,2,4,0,,11,10,1,9,0,,15,15,,10,9,
140242,NORTHWESTERN MEDICINE CENTRAL DUPAGE HOSPITAL,25 NORTH WINFIELD ROAD,WINFIELD,IL,60190,DU PAGE,(630) 682-1600,Acute Care Hospitals,Voluntary non-profit - Private,Yes,Y,5,,8,8,3,5,0,,8,8,3,5,0,,11,11,1,7,3,,15,15,,10,9,
140251,COMMUNITY FIRST MEDICAL CENTER,5645 W ADDISON STREET,CHICAGO,IL,60634,COOK,(773) 282-7000,Acute Care Hospitals,Proprietary,Yes,,2,,8,6,0,6,0,,8,5,1,4,0,,11,7,0,6,1,,15,5,,10,7,
140252,NORTHWEST COMMUNITY HOSPITAL 1,800 W CENTRAL ROAD,ARLINGTON HEIGHTS,IL,60005,COOK,(847) 618-1000,Acute Care Hospitals,Voluntary non-profit - Private,Yes,Y,4,,8,8,0,8,0,,8,8,3,5,0,,11,11,2,8,1,,15,15,,10,10,
140258,ALEXIAN BROTHERS MEDICAL CENTER 1,800 BIESTERFIELD RD,ELK GROVE VILLAGE,IL,60007,COOK,(847) 437-5500,Acute Care Hospitals,Voluntary non-profit - Private,Yes,Y,3,29,8,8,1,7,0,29,8,7,1,6,0,29,11,11,0,9,2,29,15,10,29,10,8,29
140275,GENESIS HLTH SYSTEM DBA GENESIS MDL CTR-ILLINI,801 ILLINI DR,SILVIS,IL,61282,ROCK ISLAND,(309) 281-4000,Acute Care Hospitals,Government - Local,Yes,Y,2,,8,6,0,6,0,,8,5,0,5,0,,11,9,1,8,0,,15,15,,10,8,
140276,LOYOLA UNIVERSITY MEDICAL CENTER,2160 S 1ST AVENUE,MAYWOOD,IL,60153,COOK,(708) 216-9000,Acute Care Hospitals,Voluntary non-profit - Private,Yes,Y,2,,8,8,1,7,0,,8,8,2,5,1,,11,11,0,7,4,,15,15,,10,9,
140280,TRINITY ROCK ISLAND,2701 17TH ST,ROCK ISLAND,IL,61201,ROCK ISLAND,(309) 779-5000,Acute Care Hospitals,Voluntary non-profit - Private,Yes,Y,3,,8,8,0,8,0,,8,7,1,6,0,,11,11,1,9,1,,15,15,,10,8,
140281,NORTHWESTERN MEMORIAL HOSPITAL,251 E HURON ST,CHICAGO,IL,60611,COOK,(312) 926-2000,Acute Care Hospitals,Voluntary non-profit - Private,Yes,Y,5,,8,8,4,4,0,,8,8,5,3,0,,11,11,0,8,3,,15,15,,10,9,
140286,NORTHWESTERN MEDICINE KISHWAUKEE HOSPITAL,ONE  KISH HOSPITAL DRIVE,DEKALB,IL,60115,DE KALB,(815) 756-1521,Acute Care Hospitals,Voluntary non-profit - Private,Yes,Y,5,,8,7,3,4,0,,8,6,1,5,0,,11,9,2,7,0,,15,15,,10,9,
140288,ADVOCATE GOOD SAMARITAN HOSPITAL,3815 HIGHLAND AVENUE,DOWNERS GROVE,IL,60515,DU PAGE,(630) 275-5900,Acute Care Hospitals,Voluntary non-profit - Private,Yes,Y,4,,8,8,2,6,0,,8,8,1,7,0,,11,11,0,11,0,,15,15,,10,9,
140289,ANDERSON HOSPITAL,6800 STATE ROUTE 162,MARYVILLE,IL,62062,MADISON,(618) 288-5711,Acute Care Hospitals,Voluntary non-profit - Private,Yes,Y,3,,8,6,0,4,2,,8,8,2,6,0,,11,10,0,9,1,,15,15,,10,9,
140290,ST ALEXIUS MEDICAL CENTER,1555 N BARRINGTON RD,HOFFMAN ESTATES,IL,60169,COOK,(847) 843-2000,Acute Care Hospitals,Voluntary non-profit - Church,Yes,Y,5,29,8,7,2,5,0,29,8,6,1,5,0,29,11,10,2,7,1,29,15,10,29,10,8,29
140291,ADVOCATE GOOD SHEPHERD HOSPITAL,450 WEST HIGHWAY 22,BARRINGTON,IL,60010,LAKE,(847) 381-9600,Acute Care Hospitals,Voluntary non-profit - Private,Yes,Y,5,,8,8,3,5,0,,8,7,1,6,0,,11,9,1,7,1,,15,15,,10,8,
140292,UCHICAGO MEDICINE ADVENTHEALTH GLENOAKS,701 WINTHROP AVENUE,GLENDALE HEIGHTS,IL,60139,DU PAGE,(630) 545-8000,Acute Care Hospitals,Voluntary non-profit - Other,Yes,,3,,8,6,0,6,0,,8,3,0,3,0,,11,6,0,5,1,,15,15,,10,7,
140294,DEACONESS ILLINOIS CROSSROADS,8 DOCTORS PARK RD,MOUNT VERNON,IL,62864,JEFFERSON,(618) 244-5500,Acute Care Hospitals,Proprietary,Yes,,Not Available,16,8,2,0,2,0,,8,2,0,2,0,,11,5,0,4,1,,15,10,,10,7,
140300,PROVIDENT HOSPITAL OF CHICAGO,500 E 51ST ST,CHICAGO,IL,60615,COOK,(312) 572-2000,Acute Care Hospitals,Government - Local,Yes,,Not Available,16,8,1,0,1,0,,8,1,0,1,0,,11,1,0,1,0,,15,5,,10,7,
140304,UCHICAGO MEDICINE ADVENTHEALTH BOLINGBROOK,500 REMINGTON BOULEVARD,BOLINGBROOK,IL,60440,WILL,(630) 312-5000,Acute Care Hospitals,Voluntary non-profit - Private,Yes,Y,3,,8,6,0,6,0,,8,5,0,5,0,,11,8,0,7,1,,15,15,,10,8,
140308,MERCYHEALTH HOSPITAL & PHYSICIAN CLINIC-CRYSTAL LA,875 S ROUTE 31,CRYSTAL LAKE,IL,60014,MC HENRY,(792) 220-5500,Acute Care Hospitals,Voluntary non-profit - Private,Yes,,Not Available,16,8,1,0,1,0,,8,1,0,1,0,,11,2,0,2,0,,15,5,,10,8,
14034F,NORTH CHICAGO VA MEDICAL CENTER,3001 GREENBAY ROAD,NORTH CHICAGO,IL,60064,LAKE,(847) 688-1900,Acute Care - Veterans Administration,Veterans Health Administration,Yes,,4,,8,3,2,1,0,,8,1,0,1,0,,11,4,0,3,1,,15,10,,10,4,
141300,THOMAS H BOYD MEMORIAL HOSPITAL,800 SCHOOL ST,CARROLLTON,IL,62016,GREENE,(217) 942-6946,Critical Access Hospitals,Government - Local,Yes,,Not Available,16,8,2,0,2,0,,8,Not Available,Not Available,Not Available,Not Available,5,11,2,0,2,0,,15,Not Available,5,10,2,
141301,KIRBY MEDICAL CENTER,1000 MEDICAL CENTER DRIVE,MONTICELLO,IL,61856,PIATT,(217) 762-2115,Critical Access Hospitals,Voluntary non-profit - Private,Yes,,Not Available,16,8,1,0,1,0,,8,Not Available,Not Available,Not Available,Not Available,5,11,4,0,3,1,,15,5,,10,6,
141302,MIDWEST MEDICAL CENTER,1 MEDICAL CENTER DRIVE,GALENA,IL,61036,JO DAVIESS,(815) 777-1340,Critical Access Hospitals,Voluntary non-profit - Private,Yes,,Not Available,16,8,1,0,1,0,,8,1,0,1,0,,11,2,0,2,0,,15,10,,10,2,
141303,WARNER HOSPITAL AND HEALTH SERVICES,422 W WHITE ST,CLINTON,IL,61727,DE WITT,(217) 935-9571,Critical Access Hospitals,Government - Local,Yes,,Not Available,16,8,Not Available,Not Available,Not Available,Not Available,5,8,Not Available,Not Available,Not Available,Not Available,5,11,1,0,1,0,,15,Not Available,5,10,1,
141304,"GENESIS MEDICAL CENTER, ALEDO",409 NW 9TH AVENUE,ALEDO,IL,61231,MERCER,(309) 582-9100,Critical Access Hospitals,Voluntary non-profit - Private,Yes,,Not Available,16,8,Not Available,Not Available,Not Available,Not Available,5,8,Not Available,Not Available,Not Available,Not Available,5,11,2,0,2,0,,15,Not Available,5,10,5,
141305,MEMORIAL HOSPITAL,1454 N COUNTY ROAD 2050 E,CARTHAGE,IL,62321,HANCOCK,(217) 357-8500,Critical Access Hospitals,Voluntary non-profit - Private,Yes,,4,,8,4,0,4,0,,8,1,0,1,0,,11,6,0,5,1,,15,10,,10,5,
141306,COMMUNITY HOSPITAL OF STAUNTON,400 N CALDWELL ST,STAUNTON,IL,62088,MACOUPIN,(618) 635-2200,Critical Access Hospitals,Voluntary non-profit - Private,Yes,,Not Available,16,8,1,0,1,0,,8,Not Available,Not Available,Not Available,Not Available,5,11,1,0,1,0,,15,Not Available,5,10,3,
141307,PINCKNEYVILLE COMMUNITY HOSPITAL,5383 STATE ROUTE 154,PINCKNEYVILLE,IL,62274,PERRY,(618) 357-2187,Critical Access Hospitals,Government - Hospital District or Authority,Yes,,Not Available,16,8,2,0,2,0,,8,Not Available,Not Available,Not Available,Not Available,5,11,2,0,2,0,,15,5,,10,6,
141308,WASHINGTON COUNTY HOSPITAL,705 S GRAND AVE,NASHVILLE,IL,62263,WASHINGTON,(618) 327-8236,Critical Access Hospitals,Government - Hospital District or Authority,Yes,,Not Available,16,8,Not Available,Not Available,Not Available,Not Available,5,8,Not Available,Not Available,Not Available,Not Available,5,11,Not Available,Not Available,Not Available,Not Available,5,15,Not Available,5,10,4,
141309,CARLE EUREKA  HOSPITAL,101 S MAJOR ST,EUREKA,IL,61530,WOODFORD,(309) 467-2371,Critical Access Hospitals,Voluntary non-profit - Private,Yes,,Not Available,16,8,2,0,2,0,,8,Not Available,Not Available,Not Available,Not Available,5,11,2,0,2,0,,15,Not Available,5,10,5,
141310,OSF SAINT PAUL MEDICAL CENTER,1401 E 12TH STREET,MENDOTA,IL,61342,LA SALLE,(815) 539-7461,Critical Access Hospitals,Voluntary non-profit - Church,Yes,,3,,8,4,0,4,0,,8,1,0,1,0,,11,5,1,3,1,,15,15,,10,4,
141311,FAIRFIELD MEMORIAL HOSPITAL 1,303 N W 11TH STREET,FAIRFIELD,IL,62837,WAYNE,(618) 842-2611,Critical Access Hospitals,Voluntary non-profit - Private,Yes,,3,,8,4,0,4,0,,8,1,0,1,0,,11,6,1,4,1,,15,Not Available,5,10,8,
141312,ROCHELLE COMMUNITY HOSPITAL,900 N 2ND ST,ROCHELLE,IL,61068,OGLE,(815) 562-2181,Critical Access Hospitals,Voluntary non-profit - Private,Yes,,Not Available,16,8,2,0,2,0,,8,Not Available,Not Available,Not Available,Not Available,5,11,5,0,5,0,,15,Not Available,5,10,4,
141313,MASON DISTRICT HOSPITAL,"615 NORTH PROMENADE STREET,P O BOX 530",HAVANA,IL,62644,MASON,(309) 543-4431,Critical Access Hospitals,Government - Hospital District or Authority,Yes,,Not Available,16,8,1,0,1,0,,8,Not Available,Not Available,Not Available,Not Available,5,11,3,0,2,1,,15,Not Available,5,10,5,
141315,ILLINI COMMUNITY HOSPITAL,640 W WASHINGTON,PITTSFIELD,IL,62363,PIKE,(217) 285-2113,Critical Access Hospitals,Voluntary non-profit - Private,Yes,,3,,8,4,0,4,0,,8,Not Available,Not Available,Not Available,Not Available,5,11,5,1,4,0,,15,Not Available,5,10,6,
141316,CARLE HOOPESTON REGIONAL HEALTH CENTER,701 EAST ORANGE STREET,HOOPESTON,IL,60942,VERMILION,(217) 283-5531,Critical Access Hospitals,Voluntary non-profit - Private,Yes,,Not Available,16,8,2,0,2,0,,8,Not Available,Not Available,Not Available,Not Available,5,11,3,1,2,0,,15,10,,10,2,
141317,GIBSON COMMUNITY HOSPITAL,1120 N MELVIN STREET,GIBSON CITY,IL,60936,FORD,(217) 784-4251,Critical Access Hospitals,Voluntary non-profit - Private,Yes,Y,4,,8,4,0,4,0,,8,2,0,2,0,,11,7,1,6,0,,15,15,,10,5,
141318,OSF HOLY FAMILY MEDICAL CENTER,1000 W HARLEM AVENUE,MONMOUTH,IL,61462,WARREN,(309) 734-3141,Critical Access Hospitals,Voluntary non-profit - Church,Yes,,4,,8,3,0,3,0,,8,Not Available,Not Available,Not Available,Not Available,5,11,4,0,4,0,,15,15,,10,7,
141319,HAMMOND HENRY HOSPITAL,600 N COLLEGE AVENUE,GENESEO,IL,61254,HENRY,(309) 944-6431,Critical Access Hospitals,Government - Hospital District or Authority,Yes,,Not Available,16,8,2,0,2,0,,8,Not Available,Not Available,Not Available,Not Available,5,11,5,0,4,1,,15,10,,10,5,
141320,PARIS COMMUNITY HOSPITAL,721 E COURT STREET,PARIS,IL,61944,EDGAR,(217) 465-4141,Critical Access Hospitals,Voluntary non-profit - Private,Yes,,3,,8,3,0,3,0,,8,1,0,1,0,,11,7,0,6,1,,15,10,,10,8,
141321,FRANKLIN HOSPITAL,201 BAILEY LANE,BENTON,IL,62812,FRANKLIN,(618) 439-3161,Critical Access Hospitals,Government - Hospital District or Authority,Yes,,Not Available,16,8,2,0,2,0,,8,Not Available,Not Available,Not Available,Not Available,5,11,2,0,1,1,,15,Not Available,5,10,5,
141322,ABRAHAM LINCOLN MEMORIAL HOSPITAL,200 STAHLHUT DRIVE,LINCOLN,IL,62656,LOGAN,(217) 732-2161,Critical Access Hospitals,Voluntary non-profit - Private,Yes,,4,,8,4,0,4,0,,8,1,0,1,0,,11,6,1,5,0,,15,5,,10,5,
141323,MASSAC MEMORIAL HOSPITAL,"28 CHICK STREET, PO BOX 850",METROPOLIS,IL,62960,MASSAC,(618) 524-2176,Critical Access Hospitals,Government - Hospital District or Authority,Yes,,2,,8,3,0,3,0,,8,Not Available,Not Available,Not Available,Not Available,5,11,5,1,3,1,,15,Not Available,5,10,4,
141324,FERRELL HOSPITAL COMMUNITY FOUNDATIONS,1201 PINE STREET,ELDORADO,IL,62930,SALINE,(618) 273-3361,Critical Access Hospitals,Voluntary non-profit - Private,Yes,,1,,8,4,0,2,2,,8,2,0,2,0,,11,7,0,7,0,,15,Not Available,5,10,3,
141325,OSF SAINT LUKE MEDICAL CENTER,1051 WEST SOUTH STREET,KEWANEE,IL,61443,HENRY,(309) 853-3361,Critical Access Hospitals,Voluntary non-profit - Private,Yes,,4,,8,3,0,3,0,,8,Not Available,Not Available,Not Available,Not Available,5,11,4,1,3,0,,15,5,,10,8,
141326,HAMILTON MEMORIAL HOSPITAL,611 S MARSHALL AVENUE,MCLEANSBORO,IL,62859,HAMILTON,(618) 643-2361,Critical Access Hospitals,Government - Hospital District or Authority,Yes,,3,,8,4,0,4,0,,8,Not Available,Not Available,Not Available,Not Available,5,11,5,0,5,0,,15,Not Available,5,10,5,
141327,WABASH GENERAL HOSPITAL 1,1418 COLLEGE DRIVE,MOUNT CARMEL,IL,62863,WABASH,(618) 262-8621,Critical Access Hospitals,Government - Hospital District or Authority,Yes,,Not Available,5,8,Not Available,Not Available,Not Available,Not Available,5,8,Not Available,Not Available,Not Available,Not Available,5,11,Not Available,Not Available,Not Available,Not Available,5,15,Not Available,5,10,Not Available,5
141328,HARDIN COUNTY GENERAL HOSPITAL & CLINIC,FERRELL ROAD,ROSICLARE,IL,62982,HARDIN,(618) 285-6634,Critical Access Hospitals,Voluntary non-profit - Private,Yes,,1,,8,3,0,3,0,,8,Not Available,Not Available,Not Available,Not Available,5,11,3,0,3,0,,15,Not Available,5,10,4,
141329,MORRISON COMMUNITY HOSPITAL,303 N JACKSON STREET,MORRISON,IL,61270,WHITESIDE,(815) 772-4003,Critical Access Hospitals,Government - Hospital District or Authority,Yes,,Not Available,16,8,Not Available,Not Available,Not Available,Not Available,5,8,Not Available,Not Available,Not Available,Not Available,5,11,1,0,1,0,,15,Not Available,5,10,3,
141330,HOPEDALE HOSPITAL,107 TREMONT STREET,HOPEDALE,IL,61747,TAZEWELL,(309) 449-3321,Critical Access Hospitals,Voluntary non-profit - Private,Yes,,Not Available,16,8,1,0,1,0,,8,Not Available,Not Available,Not Available,Not Available,5,11,3,0,3,0,,15,Not Available,5,10,3,
141331,MARSHALL BROWNING HOSPITAL,900 NORTH WASHINGTON STREET,DU QUOIN,IL,62832,PERRY,(618) 542-2146,Critical Access Hospitals,Voluntary non-profit - Private,Yes,,Not Available,16,8,2,0,2,0,,8,2,0,2,0,,11,4,0,4,0,,15,Not Available,5,10,3,
141332,HILLSBORO AREA HOSPITAL,1200 E TREMONT STREET,HILLSBORO,IL,62049,MONTGOMERY,(217) 532-6111,Critical Access Hospitals,Voluntary non-profit - Private,Yes,,Not Available,16,8,2,0,2,0,,8,Not Available,Not Available,Not Available,Not Available,5,11,3,0,3,0,,15,Not Available,5,10,5,
141333,SARAH D CULBERTSON MEMORIAL HOSPITAL,238 SOUTH CONGRESS STREET,RUSHVILLE,IL,62681,SCHUYLER,(217) 322-4321,Critical Access Hospitals,Government - Hospital District or Authority,Yes,,Not Available,16,8,2,0,2,0,,8,Not Available,Not Available,Not Available,Not Available,5,11,2,0,1,1,,15,Not Available,5,10,4,
141334,ST JOSEPH MEMORIAL HOSPITAL,2 SOUTH HOSPITAL DRIVE,MURPHYSBORO,IL,62966,JACKSON,(618) 684-3156,Critical Access Hospitals,Voluntary non-profit - Private,Yes,,Not Available,16,8,1,0,1,0,,8,2,0,2,0,,11,3,0,3,0,,15,15,,10,7,
141335,MERCY HARVARD HOSPITAL,901 S GRANT STREET,HARVARD,IL,60033,MC HENRY,(815) 943-5431,Critical Access Hospitals,Voluntary non-profit - Private,Yes,,Not Available,16,8,1,0,1,0,,8,1,0,1,0,,11,1,0,1,0,,15,5,,10,6,
141336,ST JOSEPH'S HOSPITAL,12866 TROXLER AVENUE,HIGHLAND,IL,62249,MADISON,(618) 651-2600,Critical Access Hospitals,Voluntary non-profit - Church,Yes,,3,,8,5,0,5,0,,8,2,0,2,0,,11,6,0,6,0,,15,15,,10,5,
141337,OSF SAINT CLARE MEDICAL CENTER,530 PARK AVENUE EAST,PRINCETON,IL,61356,BUREAU,(815) 875-2811,Critical Access Hospitals,Voluntary non-profit - Church,Yes,,2,,8,4,0,4,0,,8,Not Available,Not Available,Not Available,Not Available,5,11,6,0,5,1,,15,15,,10,7,
141338,MEMORIAL HOSPITAL,1900 STATE ST,CHESTER,IL,62233,RANDOLPH,(618) 826-4581,Critical Access Hospitals,Government - Hospital District or Authority,Yes,,Not Available,16,8,2,0,2,0,,8,Not Available,Not Available,Not Available,Not Available,5,11,3,0,3,0,,15,Not Available,5,10,6,
141339,TAYLORVILLE MEMORIAL HOSPITAL,201 EAST PLEASANT STREET,TAYLORVILLE,IL,62568,CHRISTIAN,(217) 824-3331,Critical Access Hospitals,Voluntary non-profit - Private,Yes,,2,,8,4,0,3,1,,8,1,0,1,0,,11,6,0,4,2,,15,15,,10,5,
141340,VALLEY WEST COMMUNITY HOSPITAL,11 EAST PLEASANT AVENUE,SANDWICH,IL,60548,DE KALB,(815) 786-8484,Critical Access Hospitals,Voluntary non-profit - Private,Yes,,4,,8,3,0,3,0,,8,1,0,1,0,,11,6,0,6,0,,15,5,,10,7,
141341,PANA COMMUNITY HOSPITAL,101 E NINTH STREET,PANA,IL,62557,CHRISTIAN,(217) 562-2131,Critical Access Hospitals,Voluntary non-profit - Private,Yes,,4,,8,3,0,3,0,,8,Not Available,Not Available,Not Available,Not Available,5,11,3,1,2,0,,15,Not Available,5,10,4,
141342,DEACONESS ILLINOIS UNION COUNTY,517 NORTH MAIN STREET,ANNA,IL,62906,UNION,(618) 833-4511,Critical Access Hospitals,Proprietary,Yes,,Not Available,16,8,2,0,2,0,,8,Not Available,Not Available,Not Available,Not Available,5,11,3,0,2,1,,15,Not Available,5,10,7,
141343,CRAWFORD MEMORIAL HOSPITAL,1000 NORTH ALLEN STREET,ROBINSON,IL,62454,CRAWFORD,(618) 544-3131,Critical Access Hospitals,Government - Hospital District or Authority,Yes,Y,4,,8,4,0,4,0,,8,1,0,1,0,,11,4,1,3,0,,15,15,,10,7,
141344,LAWRENCE COUNTY MEMORIAL HOSPITAL,2200 STATE ST,LAWRENCEVILLE,IL,62439,LAWRENCE,(618) 943-1000,Critical Access Hospitals,Voluntary non-profit - Private,Yes,,Not Available,16,8,2,0,2,0,,8,Not Available,Not Available,Not Available,Not Available,5,11,2,1,1,0,,15,Not Available,5,10,4,
141345,SALEM TOWNSHIP HOSPITAL,1201 RICKER DRIVE,SALEM,IL,62881,MARION,(618) 548-3194,Critical Access Hospitals,Government - Local,Yes,,4,,8,3,0,3,0,,8,1,0,1,0,,11,3,0,3,0,,15,Not Available,5,10,5,
141346,FAYETTE COUNTY HOSPITAL,650 W TAYLOR ST,VANDALIA,IL,62471,FAYETTE,(618) 283-1231,Critical Access Hospitals,Voluntary non-profit - Other,Yes,,Not Available,16,8,2,0,2,0,,8,Not Available,Not Available,Not Available,Not Available,5,11,2,1,1,0,,15,5,,10,2,
141347,CARLINVILLE AREA HOSPITAL,20733 N BROAD STREET,CARLINVILLE,IL,62626,MACOUPIN,(217) 854-3141,Critical Access Hospitals,Voluntary non-profit - Private,Yes,,2,,8,3,0,3,0,,8,1,0,1,0,,11,3,1,2,0,,15,Not Available,5,10,4,
141348,RED BUD REGIONAL HOSPITAL,325 SPRING STREET,RED BUD,IL,62278,RANDOLPH,(618) 282-3831,Critical Access Hospitals,Proprietary,Yes,,4,,8,3,0,3,0,,8,2,0,2,0,,11,4,0,3,1,,15,10,,10,7,
141349,SPARTA COMMUNITY HOSPITAL,818 E BROADWAY,SPARTA,IL,62286,RANDOLPH,(618) 443-2177,Critical Access Hospitals,Government - Hospital District or Authority,Yes,,3,,8,3,0,3,0,,8,Not Available,Not Available,Not Available,Not Available,5,11,4,1,3,0,,15,5,,10,4,
141350,ST FRANCIS HOSPITAL,1215 FRANCISCAN DR,LITCHFIELD,IL,62056,MONTGOMERY,(217) 324-2191,Critical Access Hospitals,Voluntary non-profit - Church,Yes,Y,2,,8,4,0,4,0,,8,Not Available,Not Available,Not Available,Not Available,5,11,7,0,6,1,,15,5,,10,6,
141351,CLAY COUNTY HOSPITAL,911 STACY BURK DR,FLORA,IL,62839,CLAY,(618) 662-2131,Critical Access Hospitals,Government - Local,Yes,,3,,8,3,0,3,0,,8,Not Available,Not Available,Not Available,Not Available,5,11,4,0,3,1,,15,Not Available,5,10,5,
141352,JACKSONVILLE MEMORIAL HOSPITAL,1600 W WALNUT ST,JACKSONVILLE,IL,62650,MORGAN,(217) 245-9551,Critical Access Hospitals,Voluntary non-profit - Private,Yes,,Not Available,16,8,Not Available,Not Available,Not Available,Not Available,5,8,Not Available,Not Available,Not Available,Not Available,5,11,2,0,2,0,,15,5,,10,6,
141353,IROQUOIS MEMORIAL HOSPITAL,200 FAIRMAN STREET,WATSEKA,IL,60970,IROQUOIS,(815) 432-5201,Critical Access Hospitals,Voluntary non-profit - Private,Yes,,Not Available,16,8,1,0,1,0,,8,Not Available,Not Available,Not Available,Not Available,5,11,1,0,1,0,,15,Not Available,5,10,6,
141354,HSHS GOOD SHEPHERD HOSPITAL INC,200 S CEDAR ST,SHELBYVILLE,IL,62565,SHELBY,(217) 774-3961,Critical Access Hospitals,Voluntary non-profit - Private,Yes,,Not Available,16,8,1,0,1,0,,8,Not Available,Not Available,Not Available,Not Available,5,11,1,0,1,0,,15,Not Available,5,10,4,
141355,CARLE RICHLAND MEMORIAL HOSPITAL,800 EAST LOCUST STREET,OLNEY,IL,62450,RICHLAND,(618) 395-2131,Critical Access Hospitals,Voluntary non-profit - Private,Yes,Y,2,,8,5,0,5,0,,8,Not Available,Not Available,Not Available,Not Available,5,11,4,1,3,0,,15,10,5,10,7,
143300,ANN & ROBERT H LURIE CHILDRENS HOSPITAL OF CHICAGO,"225 E CHICAGO AVE, BOX 140",CHICAGO,IL,60611,COOK,(312) 227-4000,Childrens,Voluntary non-profit - Private,Yes,,Not Available,19,Not Available,Not Available,Not Available,Not Available,Not Available,19,Not Available,Not Available,Not Available,Not Available,Not Available,19,Not Available,Not Available,Not Available,Not Available,Not Available,19,Not Available,Not Available,19,Not Available,Not Available,19
143301,LARABIDA CHILDRENS HOSPITAL I,E 65TH ST AT LAKE MICHIGAN,CHICAGO,IL,60649,COOK,(773) 363-6700,Childrens,Voluntary non-profit - Private,No,,Not Available,19,Not Available,Not Available,Not Available,Not Available,Not Available,19,Not Available,Not Available,Not Available,Not Available,Not Available,19,Not Available,Not Available,Not Available,Not Available,Not Available,19,Not Available,Not Available,19,Not Available,Not Available,19
143302,SHRINERS HOSPITAL FOR CHILDREN,2211 NORTH OAK PARK AVE,CHICAGO,IL,60707,COOK,(773) 622-5400,Childrens,Voluntary non-profit - Private,No,,Not Available,19,Not Available,Not Available,Not Available,Not Available,Not Available,19,Not Available,Not Available,Not Available,Not Available,Not Available,19,Not Available,Not Available,Not Available,Not Available,Not Available,19,Not Available,Not Available,19,Not Available,Not Available,19
144009,"AERIES HEALTHCARE OF ILLINOIS, INC., DBA RIVEREDGE HOSPITAL",8311 WEST ROOSEVELT ROAD,FOREST PARK,IL,60130,COOK,(708) 771-7000,Psychiatric,Proprietary,No,,Not Available,19,Not Available,Not Available,Not Available,Not Available,Not Available,19,Not Available,Not Available,Not Available,Not Available,Not Available,19,Not Available,Not Available,Not Available,Not Available,Not Available,19,Not Available,Not Available,19,Not Available,Not Available,19
144010,CHICAGO READ MENTAL HEALTH CENTER,4200 N OAK PARK AVE,CHICAGO,IL,60634,COOK,(773) 794-4000,Psychiatric,Government - State,No,,Not Available,19,Not Available,Not Available,Not Available,Not Available,Not Available,19,Not Available,Not Available,Not Available,Not Available,Not Available,19,Not Available,Not Available,Not Available,Not Available,Not Available,19,Not Available,Not Available,19,Not Available,Not Available,19
144016,ALTON MENTAL HEALTH CENTER,4500 COLLEGE AVENUE,ALTON,IL,62002,MADISON,(618) 474-3800,Psychiatric,Government - State,No,,Not Available,19,Not Available,Not Available,Not Available,Not Available,Not Available,19,Not Available,Not Available,Not Available,Not Available,Not Available,19,Not Available,Not Available,Not Available,Not Available,Not Available,19,Not Available,Not Available,19,Not Available,Not Available,19
144021,ANDREW MCFARLAND MENTAL HLTH CTR,901 SOUTHWIND RD,SPRINGFIELD,IL,62703,SANGAMON,(217) 786-6900,Psychiatric,Government - State,No,,Not Available,19,Not Available,Not Available,Not Available,Not Available,Not Available,19,Not Available,Not Available,Not Available,Not Available,Not Available,19,Not Available,Not Available,Not Available,Not Available,Not Available,19,Not Available,Not Available,19,Not Available,Not Available,19
144026,HARTGROVE HOSPITAL,5730 W ROOSEVELT ROAD,CHICAGO,IL,60644,COOK,(773) 413-1700,Psychiatric,Proprietary,Yes,,Not Available,19,Not Available,Not Available,Not Available,Not Available,Not Available,19,Not Available,Not Available,Not Available,Not Available,Not Available,19,Not Available,Not Available,Not Available,Not Available,Not Available,19,Not Available,Not Available,19,Not Available,Not Available,19
144028,MADDEN MENTAL HEALTH CENTER,1200 S FIRST AVE,HINES,IL,60141,COOK,(708) 338-7400,Psychiatric,Government - State,No,,Not Available,19,Not Available,Not Available,Not Available,Not Available,Not Available,19,Not Available,Not Available,Not Available,Not Available,Not Available,19,Not Available,Not Available,Not Available,Not Available,Not Available,19,Not Available,Not Available,19,Not Available,Not Available,19
144029,THE PAVILION,809 W CHURCH ST,CHAMPAIGN,IL,61820,CHAMPAIGN,(217) 373-1700,Psychiatric,Voluntary non-profit - Private,No,,Not Available,19,Not Available,Not Available,Not Available,Not Available,Not Available,19,Not Available,Not Available,Not Available,Not Available,Not Available,19,Not Available,Not Available,Not Available,Not Available,Not Available,19,Not Available,Not Available,19,Not Available,Not Available,19
144031,ALEXIAN BROTHERS BEHAVIORAL HLTH HOSP,1650 MOON LAKE BLVD,HOFFMAN ESTATES,IL,60169,COOK,(847) 882-1600,Psychiatric,Voluntary non-profit - Church,No,,Not Available,19,Not Available,Not Available,Not Available,Not Available,Not Available,19,Not Available,Not Available,Not Available,Not Available,Not Available,19,Not Available,Not Available,Not Available,Not Available,Not Available,19,Not Available,Not Available,19,Not Available,Not Available,19
144034,BHC STREAMWOOD HOSPITAL INC,1400 E IRVING PARK ROAD,STREAMWOOD,IL,60107,COOK,(630) 837-9000,Psychiatric,Proprietary,No,,Not Available,19,Not Available,Not Available,Not Available,Not Available,Not Available,19,Not Available,Not Available,Not Available,Not Available,Not Available,19,Not Available,Not Available,Not Available,Not Available,Not Available,19,Not Available,Not Available,19,Not Available,Not Available,19
144035,LINDEN OAKS AT EDWARD,852 S WEST STREET,NAPERVILLE,IL,60540,DU PAGE,(630) 305-5500,Psychiatric,Voluntary non-profit - Private,No,,Not Available,19,Not Available,Not Available,Not Available,Not Available,Not Available,19,Not Available,Not Available,Not Available,Not Available,Not Available,19,Not Available,Not Available,Not Available,Not Available,Not Available,19,Not Available,Not Available,19,Not Available,Not Available,19
144037,ELGIN MENTAL HEALTH CENTER,750 S STATE ST,ELGIN,IL,60123,KANE,(847) 742-1040,Psychiatric,Government - State,Yes,,Not Available,19,Not Available,Not Available,Not Available,Not Available,Not Available,19,Not Available,Not Available,Not Available,Not Available,Not Available,19,Not Available,Not Available,Not Available,Not Available,Not Available,19,Not Available,Not Available,19,Not Available,Not Available,19
144038,CHOATE MENTAL HEALTH & DEVELOPMENT CTR,1000 N MAIN ST,ANNA,IL,62906,UNION,(618) 833-5161,Psychiatric,Government - State,No,,Not Available,19,Not Available,Not Available,Not Available,Not Available,Not Available,19,Not Available,Not Available,Not Available,Not Available,Not Available,19,Not Available,Not Available,Not Available,Not Available,Not Available,19,Not Available,Not Available,19,Not Available,Not Available,19
144039,GARFIELD PARK HOSPITAL,520 N RIDGEWAY AVE,CHICAGO,IL,60624,COOK,(773) 265-3700,Psychiatric,Proprietary,No,,Not Available,19,Not Available,Not Available,Not Available,Not Available,Not Available,19,Not Available,Not Available,Not Available,Not Available,Not Available,19,Not Available,Not Available,Not Available,Not Available,Not Available,19,Not Available,Not Available,19,Not Available,Not Available,19
144040,CHICAGO BEHAVIORAL HOSPITAL,555 WILSON LANE,DES PLAINES,IL,60016,COOK,(847) 768-5430,Psychiatric,Proprietary,No,,Not Available,19,Not Available,Not Available,Not Available,Not Available,Not Available,19,Not Available,Not Available,Not Available,Not Available,Not Available,19,Not Available,Not Available,Not Available,Not Available,Not Available,19,Not Available,Not Available,19,Not Available,Not Available,19
144041,SILVER OAKS BEHAVIORAL HOSPITAL,1004 PAWLAK PARKWAY,NEW LENOX,IL,60451,WILL,(212) 243-5565,Psychiatric,Proprietary,Yes,,Not Available,19,Not Available,Not Available,Not Available,Not Available,Not Available,19,Not Available,Not Available,Not Available,Not Available,Not Available,19,Not Available,Not Available,Not Available,Not Available,Not Available,19,Not Available,Not Available,19,Not Available,Not Available,19
144042,LAKE BEHAVIORAL HOSPITAL,2615 W WASHINGTON ST,WAUKEGAN,IL,60085,LAKE,(847) 249-3900,Psychiatric,Proprietary,No,,Not Available,19,Not Available,Not Available,Not Available,Not Available,Not Available,19,Not Available,Not Available,Not Available,Not Available,Not Available,19,Not Available,Not Available,Not Available,Not Available,Not Available,19,Not Available,Not Available,19,Not Available,Not Available,19
144043,MONTROSE BEHAVIORAL HEALTH HOSPITAL,4720 N CLARENDON AVENUE,CHICAGO,IL,60640,COOK,(773) 878-9700,Psychiatric,Proprietary,Yes,,Not Available,19,Not Available,Not Available,Not Available,Not Available,Not Available,19,Not Available,Not Available,Not Available,Not Available,Not Available,19,Not Available,Not Available,Not Available,Not Available,Not Available,19,Not Available,Not Available,19,Not Available,Not Available,19
150001,JOHNSON MEMORIAL HOSPITAL,1125 W JEFFERSON ST,FRANKLIN,IN,46131,JOHNSON,(317) 736-3300,Acute Care Hospitals,Government - Local,Yes,Y,5,,8,5,0,5,0,,8,3,1,2,0,,11,6,0,6,0,,15,15,,10,9,
150002,METHODIST HOSPITALS INC,600 GRANT ST,GARY,IN,46402,LAKE,(219) 886-4000,Acute Care Hospitals,Voluntary non-profit - Private,Yes,Y,1,,8,7,0,7,0,,8,7,2,4,1,,11,9,0,6,3,,15,15,,10,9,
150005,HENDRICKS REGIONAL HEALTH,1000 E MAIN ST,DANVILLE,IN,46122,HENDRICKS,(317) 745-4451,Acute Care Hospitals,Government - Local,Yes,Y,5,,8,6,0,6,0,,8,7,1,6,0,,11,10,1,9,0,,15,15,,10,10,
150006,NORTHWEST HEALTH-LA PORTE,1007 LINCOLNWAY,LA PORTE,IN,46350,LA PORTE,(219) 326-1234,Acute Care Hospitals,Voluntary non-profit - Private,Yes,Y,3,,8,7,0,6,1,,8,3,0,3,0,,11,9,0,7,2,,15,15,,10,9,
150007,COMMUNITY HOWARD REGIONAL HEALTH INC.,3500 S LAFOUNTAIN ST,KOKOMO,IN,46902,HOWARD,(765) 776-8000,Acute Care Hospitals,Voluntary non-profit - Private,Yes,Y,4,,8,6,0,5,1,,8,7,0,7,0,,11,10,1,9,0,,15,15,,10,9,
150008,ST CATHERINE HOSPITAL INC,4321 FIR STREET,EAST CHICAGO,IN,46312,LAKE,(219) 392-7004,Acute Care Hospitals,Voluntary non-profit - Private,Yes,Y,4,,8,6,0,6,0,,8,6,1,5,0,,11,8,1,7,0,,15,15,,10,7,
150009,NORTON CLARK HOSPITAL,1220 MISSOURI AVE,JEFFERSONVILLE,IN,47130,CLARK,(812) 283-2147,Acute Care Hospitals,Voluntary non-profit - Other,Yes,Y,3,,8,7,0,7,0,,8,7,1,6,0,,11,7,2,5,0,,15,15,,10,8,
150010,ASCENSION ST VINCENT KOKOMO,1907 W SYCAMORE ST,KOKOMO,IN,46904,HOWARD,(765) 452-5611,Acute Care Hospitals,Voluntary non-profit - Church,Yes,Y,4,29,8,5,0,5,0,29,8,3,0,3,0,29,11,9,1,7,1,29,15,10,29,10,7,29
150011,MARION GENERAL HOSPITAL,441 N WABASH AVE,MARION,IN,46952,GRANT,(765) 660-6000,Acute Care Hospitals,Voluntary non-profit - Private,Yes,Y,3,,8,6,0,6,0,,8,3,0,3,0,,11,8,2,6,0,,15,15,,10,9,
150012,SAINT JOSEPH REGIONAL MEDICAL CENTER,5215 HOLY CROSS PKWY,MISHAWAKA,IN,46545,ST. JOSEPH,(574) 335-5000,Acute Care Hospitals,Voluntary non-profit - Private,Yes,Y,2,,8,8,0,6,2,,8,7,2,5,0,,11,10,0,9,1,,15,15,,10,10,
150015,FRANCISCAN HEALTH MICHIGAN CITY,3500 FRANCISCAN WAY,MICHIGAN CITY,IN,46360,LA PORTE,(219) 879-8511,Acute Care Hospitals,Voluntary non-profit - Church,Yes,Y,3,,8,7,0,7,0,,8,7,0,7,0,,11,10,0,8,2,,15,15,,10,9,
150017,LUTHERAN HOSPITAL OF INDIANA,7950 W JEFFERSON BLVD,FORT WAYNE,IN,46804,ALLEN,(260) 435-7001,Acute Care Hospitals,Proprietary,Yes,Y,3,,8,8,0,8,0,,8,6,3,3,0,,11,8,0,7,1,,15,15,,10,8,
150018,ELKHART GENERAL HOSPITAL,600 E BLVD,ELKHART,IN,46514,ELKHART,(574) 294-2621,Acute Care Hospitals,Government - Local,Yes,Y,4,,8,8,0,8,0,,8,8,1,7,0,,11,11,1,10,0,,15,15,,10,9,
150021,PARKVIEW REGIONAL MEDICAL CENTER,11109 PARKVIEW PLAZA DRIVE,FORT WAYNE,IN,46845,ALLEN,(260) 266-1195,Acute Care Hospitals,Voluntary non-profit - Private,Yes,Y,3,,8,8,0,7,1,,8,7,4,2,1,,11,10,1,9,0,,15,15,,10,10,
150022,FRANCISCAN HEALTH CRAWFORDSVILLE,1710 LAFAYETTE RD,CRAWFORDSVILLE,IN,47933,MONTGOMERY,(765) 362-2800,Acute Care Hospitals,Voluntary non-profit - Church,Yes,,5,,8,5,0,5,0,,8,2,1,1,0,,11,5,0,5,0,,15,15,,10,9,
150023,UNION HOSPITAL INC,1606 N SEVENTH ST,TERRE HAUTE,IN,47804,VIGO,(812) 238-7606,Acute Care Hospitals,Voluntary non-profit - Private,Yes,Y,3,,8,8,0,8,0,,8,7,3,4,0,,11,11,2,7,2,,15,15,,10,10,
150024,ESKENAZI HEALTH,720 ESKENAZI AVENUE,INDIANAPOLIS,IN,46202,MARION,(317) 880-4818,Acute Care Hospitals,Government - Local,Yes,Y,3,,8,7,0,7,0,,8,6,2,4,0,,11,8,0,7,1,,15,15,,10,8,
150026,GOSHEN HOSPITAL,200 HIGH PARK AVE,GOSHEN,IN,46526,ELKHART,(574) 364-1000,Acute Care Hospitals,Voluntary non-profit - Private,Yes,Y,3,,8,6,0,4,2,,8,5,0,5,0,,11,9,1,7,1,,15,15,,10,9,
150030,HENRY COUNTY MEMORIAL HOSPITAL,1000 N 16TH ST,NEW CASTLE,IN,47362,HENRY,(765) 521-0890,Acute Care Hospitals,Government - Local,Yes,Y,4,,8,5,0,5,0,,8,3,0,3,0,,11,7,0,6,1,,15,15,,10,8,
150034,ST MARY MEDICAL CENTER INC,1500 S LAKE PARK AVE,HOBART,IN,46342,LAKE,(219) 947-6196,Acute Care Hospitals,Voluntary non-profit - Private,Yes,Y,3,,8,8,0,7,1,,8,8,2,6,0,,11,9,0,9,0,,15,15,,10,10,
150035,NORTHWEST HEALTH - PORTER,85 EAST US HWY 6,VALPARAISO,IN,46383,PORTER,(219) 983-8300,Acute Care Hospitals,Proprietary,Yes,Y,2,,8,8,0,7,1,,8,8,1,7,0,,11,11,0,8,3,,15,15,,10,10,
150037,HANCOCK REGIONAL HOSPITAL,801 N STATE ST,GREENFIELD,IN,46140,HANCOCK,(317) 462-5544,Acute Care Hospitals,Government - Local,Yes,Y,4,,8,6,0,5,1,,8,3,0,3,0,,11,9,0,8,1,,15,15,,10,9,
15003F,INDIANAPOLIS VA MEDICAL CENTER,1481 W. TENTH STREET,INDIANAPOLIS,IN,46202,MARION,(317) 554-0000,Acute Care - Veterans Administration,Veterans Health Administration,Yes,,3,,8,5,2,3,0,,8,4,0,4,0,,11,6,1,4,1,,15,10,,10,5,
150042,GOOD SAMARITAN HOSPITAL,520 S 7TH ST,VINCENNES,IN,47591,KNOX,(812) 882-5220,Acute Care Hospitals,Voluntary non-profit - Other,Yes,Y,2,,8,7,0,6,1,,8,5,0,5,0,,11,10,0,9,1,,15,15,,10,10,
150044,BAPTIST HEALTH FLOYD,1850 STATE ST,NEW ALBANY,IN,47150,FLOYD,(812) 944-7701,Acute Care Hospitals,Voluntary non-profit - Private,Yes,Y,3,,8,8,0,8,0,,8,6,0,6,0,,11,9,0,8,1,,15,15,,10,9,
150045,PARKVIEW DEKALB HOSPITAL,1316 E SEVENTH ST,AUBURN,IN,46706,DE KALB,(260) 925-4600,Acute Care Hospitals,Voluntary non-profit - Private,Yes,,3,,8,3,0,3,0,,8,2,0,2,0,,11,6,0,6,0,,15,15,,10,8,
150046,TERRE HAUTE REGIONAL HOSPITAL,3901 S SEVENTH ST,TERRE HAUTE,IN,47802,VIGO,(812) 232-0021,Acute Care Hospitals,Proprietary,Yes,Y,2,,8,8,0,8,0,,8,4,0,4,0,,11,10,0,9,1,,15,15,,10,7,
150047,"ST JOSEPH HEALTH SYSTEM, LLC",702 VAN BUREN ST.,FORT WAYNE,IN,46802,ALLEN,(260) 425-3000,Acute Care Hospitals,Proprietary,Yes,,4,,8,3,0,3,0,,8,2,0,2,0,,11,4,0,3,1,,15,15,,10,9,
150048,REID HEALTH,1100 REID PKWY,RICHMOND,IN,47374,WAYNE,(765) 983-3000,Acute Care Hospitals,Voluntary non-profit - Private,Yes,Y,2,,8,8,0,6,2,,8,7,1,6,0,,11,11,1,9,1,,15,15,,10,10,
15004F,VA N. INDIANA HEALTHCARE SYSTEM,1700 E. 38TH STREET,MARION,IN,46953,GRANT,(765) 674-3321,Acute Care - Veterans Administration,Veterans Health Administration,Yes,,5,,8,3,0,3,0,,8,Not Available,Not Available,Not Available,Not Available,5,11,4,2,2,0,,15,10,,10,3,
150051,INDIANA UNIVERSITY HEALTH BLOOMINGTON HOSPITAL,601 W SECOND ST,BLOOMINGTON,IN,47403,MONROE,(812) 353-9554,Acute Care Hospitals,Voluntary non-profit - Private,Yes,Y,3,,8,8,0,8,0,,8,8,1,6,1,,11,11,4,7,0,,15,15,,10,9,
150056,INDIANA UNIVERSITY HEALTH,1701 N SENATE BLVD,INDIANAPOLIS,IN,46202,MARION,(317) 962-2000,Acute Care Hospitals,Voluntary non-profit - Private,Yes,Y,3,,8,8,1,7,0,,8,8,3,5,0,,11,11,2,8,1,,15,15,,10,10,
150057,FRANCISCAN HEALTH MOORESVILLE,1201 HADLEY RD,MOORESVILLE,IN,46158,MORGAN,(317) 831-1160,Acute Care Hospitals,Voluntary non-profit - Church,Yes,Y,5,,8,4,0,4,0,,8,4,1,3,0,,11,8,0,8,0,,15,15,,10,8,
150058,MEMORIAL HOSPITAL OF SOUTH BEND,615 N MICHIGAN ST,SOUTH BEND,IN,46601,ST. JOSEPH,(574) 647-1000,Acute Care Hospitals,Voluntary non-profit - Private,Yes,Y,2,,8,8,0,7,1,,8,7,2,4,1,,11,11,1,9,1,,15,15,,10,10,
150059,RIVERVIEW HEALTH,395 WESTFIELD RD,NOBLESVILLE,IN,46060,HAMILTON,(317) 773-0760,Acute Care Hospitals,Government - Local,Yes,Y,4,,8,6,0,6,0,,8,5,1,4,0,,11,9,1,7,1,,15,15,,10,9,
150061,DAVIESS COMMUNITY HOSPITAL,1314 E WALNUT ST,WASHINGTON,IN,47501,DAVIESS,(812) 254-2760,Acute Care Hospitals,Government - Local,Yes,Y,3,,8,3,0,3,0,,8,2,0,2,0,,11,8,1,7,0,,15,15,,10,7,
150065,SCHNECK MEDICAL CENTER,411 W TIPTON ST,SEYMOUR,IN,47274,JACKSON,(812) 522-2349,Acute Care Hospitals,Government - Local,Yes,Y,4,,8,5,0,4,1,,8,3,0,3,0,,11,8,1,7,0,,15,15,,10,10,
150069,NORTON-KING'S DAUGHTERS' HEALTH,1373 EAST SR 62,MADISON,IN,47250,JEFFERSON,(812) 801-0800,Acute Care Hospitals,Voluntary non-profit - Private,Yes,Y,2,,8,5,0,5,0,,8,4,0,4,0,,11,8,0,7,1,,15,15,,10,9,
150072,MEMORIAL HOSPITAL,1101 MICHIGAN AVE,LOGANSPORT,IN,46947,CASS,(574) 753-7541,Acute Care Hospitals,Government - Local,Yes,Y,4,,8,4,0,4,0,,8,2,0,2,0,,11,8,1,7,0,,15,15,,10,9,
150074,COMMUNITY HOSPITAL EAST,1500 N RITTER AVE,INDIANAPOLIS,IN,46219,MARION,(317) 355-5411,Acute Care Hospitals,Voluntary non-profit - Private,Yes,Y,3,,8,8,0,6,2,,8,7,1,6,0,,11,11,1,8,2,,15,15,,10,10,
150075,BLUFFTON REGIONAL MEDICAL CENTER,303 S MAIN ST,BLUFFTON,IN,46714,WELLS,(260) 824-3210,Acute Care Hospitals,Proprietary,Yes,Y,4,,8,3,0,3,0,,8,2,0,2,0,,11,5,1,4,0,,15,15,,10,7,
150076,SAINT JOSEPH REGIONAL MEDICAL CENTER - PLYMOUTH,1915 LAKE AVE,PLYMOUTH,IN,46563,MARSHALL,(574) 948-4000,Acute Care Hospitals,Voluntary non-profit - Church,Yes,,4,,8,4,0,4,0,,8,1,0,1,0,,11,8,2,6,0,,15,15,,10,9,
150082,DEACONESS HOSPITAL INC,600 MARY ST,EVANSVILLE,IN,47747,VANDERBURGH,(812) 450-5000,Acute Care Hospitals,Voluntary non-profit - Private,Yes,,2,,8,8,0,7,1,,8,7,4,3,0,,11,11,0,8,3,,15,15,,10,9,
150084,ASCENSION ST VINCENT HOSPITAL,2001 W 86TH ST,INDIANAPOLIS,IN,46260,MARION,(317) 338-7000,Acute Care Hospitals,Voluntary non-profit - Church,Yes,Y,2,29,8,8,0,7,1,29,8,7,2,5,0,29,11,11,1,8,2,29,15,10,29,10,7,29
150086,ST ELIZABETH DEARBORN HOSPITAL,600 WILSON CREEK RD,LAWRENCEBURG,IN,47025,DEARBORN,(812) 537-1010,Acute Care Hospitals,Government - Local,Yes,,5,,8,6,1,5,0,,8,5,0,5,0,,11,7,0,7,0,,15,15,,10,9,
150088,ASCENSION ST VINCENT ANDERSON,2015 JACKSON ST,ANDERSON,IN,46016,MADISON,(765) 649-2511,Acute Care Hospitals,Voluntary non-profit - Private,Yes,Y,2,29,8,5,0,5,0,29,8,3,0,3,0,29,11,9,0,7,2,29,15,10,29,10,7,29
150089,INDIANA UNIVERSITY HEALTH BALL MEMORIAL HOSPITAL,2401 UNIVERSITY AVE,MUNCIE,IN,47303,DELAWARE,(765) 747-3111,Acute Care Hospitals,Voluntary non-profit - Private,Yes,Y,3,,8,8,0,8,0,,8,7,2,5,0,,11,11,1,7,3,,15,15,,10,9,
150090,FRANCISCAN HEALTH DYER,24 JOLIET ST,DYER,IN,46311,LAKE,(219) 865-2141,Acute Care Hospitals,Voluntary non-profit - Church,Yes,Y,2,,8,7,0,7,0,,8,7,1,5,1,,11,6,0,4,2,,15,15,,10,8,
150091,PARKVIEW HUNTINGTON HOSPITAL,2001 STULTS RD,HUNTINGTON,IN,46750,HUNTINGTON,(260) 355-3300,Acute Care Hospitals,Voluntary non-profit - Private,Yes,Y,4,,8,4,0,4,0,,8,2,0,2,0,,11,6,1,4,1,,15,15,,10,8,
150097,MAJOR HOSPITAL,2451 INTELLIPLEX DR,SHELBYVILLE,IN,46176,SHELBY,(317) 392-3211,Acute Care Hospitals,Government - Local,Yes,Y,4,,8,5,0,5,0,,8,2,0,2,0,,11,8,1,7,0,,15,15,,10,8,
150100,ASCENSION ST VINCENT EVANSVILLE,3700 WASHINGTON AVE,EVANSVILLE,IN,47750,VANDERBURGH,(812) 485-4000,Acute Care Hospitals,Voluntary non-profit - Private,Yes,Y,4,29,8,8,0,8,0,29,8,7,1,6,0,29,11,11,1,9,1,29,15,10,29,10,7,29
150101,PARKVIEW WHITLEY HOSPITAL,1260 E SR 205,COLUMBIA CITY,IN,46725,WHITLEY,(260) 248-9301,Acute Care Hospitals,Voluntary non-profit - Private,Yes,Y,4,,8,5,0,5,0,,8,2,0,2,0,,11,4,1,3,0,,15,15,,10,8,
150102,NORTHWEST HEALTH - STARKE,102 E CULVER RD,KNOX,IN,46534,STARKE,(574) 772-6231,Acute Care Hospitals,Proprietary,Yes,Y,1,,8,4,0,4,0,,8,Not Available,Not Available,Not Available,Not Available,5,11,5,0,3,2,,15,5,,10,7,
150104,WITHAM HEALTH SERVICES,2605 N LEBANON ST,LEBANON,IN,46052,BOONE,(765) 485-8000,Acute Care Hospitals,Government - Local,Yes,Y,4,,8,6,0,6,0,,8,3,0,3,0,,11,9,1,7,1,,15,15,,10,8,
150109,FRANCISCAN HEALTH LAFAYETTE,1701 S CREASY LN,LAFAYETTE,IN,47905,TIPPECANOE,(765) 502-4334,Acute Care Hospitals,Voluntary non-profit - Church,Yes,Y,3,,8,8,0,7,1,,8,7,1,6,0,,11,11,2,8,1,,15,15,,10,9,
150112,COLUMBUS REGIONAL HOSPITAL,2400 E 17TH ST,COLUMBUS,IN,47201,BARTHOLOMEW,(812) 379-4441,Acute Care Hospitals,Government - Local,Yes,Y,4,,8,8,0,8,0,,8,7,1,6,0,,11,11,2,9,0,,15,15,,10,9,
150113,COMMUNITY HOSPITAL OF ANDERSON AND MADISON COUNTY,1515 N MADISON AVE,ANDERSON,IN,46011,MADISON,(765) 298-4242,Acute Care Hospitals,Voluntary non-profit - Private,Yes,Y,3,,8,6,0,6,0,,8,7,1,6,0,,11,9,2,7,0,,15,15,,10,9,
150115,MEMORIAL HOSPITAL AND HEALTH CARE CENTER,800 W 9TH ST,JASPER,IN,47546,DUBOIS,(812) 996-2345,Acute Care Hospitals,Voluntary non-profit - Private,Yes,Y,4,,8,6,0,5,1,,8,3,1,2,0,,11,10,2,8,0,,15,15,,10,8,
150125,COMMUNITY HOSPITAL,901 MACARTHUR BLVD,MUNSTER,IN,46321,LAKE,(219) 836-1600,Acute Care Hospitals,Voluntary non-profit - Private,Yes,Y,3,,8,8,1,7,0,,8,8,2,6,0,,11,11,0,9,2,,15,15,,10,9,
150126,FRANCISCAN HEALTH CROWN POINT,1201 S MAIN ST,CROWN POINT,IN,46307,LAKE,(219) 757-6100,Acute Care Hospitals,Voluntary non-profit - Church,Yes,Y,3,,8,8,0,8,0,,8,7,2,5,0,,11,9,2,6,1,,15,15,,10,9,
150128,"COMMUNITY HOSPITAL SOUTH, INC.",1402 E COUNTY LINE RD S,INDIANAPOLIS,IN,46227,MARION,(317) 887-7000,Acute Care Hospitals,Voluntary non-profit - Private,Yes,Y,3,,8,7,0,7,0,,8,8,1,7,0,,11,8,0,5,3,,15,15,,10,9,
150133,KOSCIUSKO COMMUNITY HOSPITAL,2101 E DUBOIS DR,WARSAW,IN,46580,KOSCIUSKO,(574) 267-3200,Acute Care Hospitals,Proprietary,Yes,Y,4,,8,6,0,6,0,,8,3,0,3,0,,11,8,0,8,0,,15,15,,10,9,
150146,PARKVIEW NOBLE HOSPITAL,401 SAWYER RD,KENDALLVILLE,IN,46755,NOBLE,(260) 347-8700,Acute Care Hospitals,Voluntary non-profit - Private,Yes,Y,3,,8,5,0,5,0,,8,2,0,2,0,,11,5,0,4,1,,15,15,,10,7,
150149,THE WOMEN'S HOSPITAL,4199 GATEWAY BLVD,NEWBURGH,IN,47630,WARRICK,(812) 842-4200,Acute Care Hospitals,Proprietary,Yes,Y,5,,8,Not Available,Not Available,Not Available,Not Available,5,8,4,1,3,0,,11,1,0,1,0,,15,15,,10,4,
150150,DUPONT HOSPITAL LLC,2520 E DUPONT RD,FORT WAYNE,IN,46825,ALLEN,(260) 416-3000,Acute Care Hospitals,Proprietary,Yes,Y,4,,8,4,0,4,0,,8,6,0,6,0,,11,6,1,3,2,,15,15,,10,8,
150153,ST VINCENT HEART CENTER,10580 N MERIDIAN ST,CARMEL,IN,46290,HAMILTON,(317) 583-5000,Acute Care Hospitals,Proprietary,Yes,,5,29,8,5,1,4,0,29,8,3,0,3,0,29,11,5,1,4,0,29,15,10,29,10,4,29
150157,ASCENSION ST VINCENT CARMEL,13500 N MERIDIAN ST,CARMEL,IN,46032,HAMILTON,(317) 582-7000,Acute Care Hospitals,Voluntary non-profit - Private,Yes,Y,3,29,8,5,0,5,0,29,8,2,0,2,0,29,11,6,0,5,1,29,15,10,29,10,6,29
150158,IU HEALTH WEST HOSPITAL,1111 N RONALD REAGAN PKWY,AVON,IN,46123,HENDRICKS,(317) 217-3000,Acute Care Hospitals,Proprietary,Yes,Y,4,,8,7,0,7,0,,8,7,2,5,0,,11,10,3,7,0,,15,15,,10,10,
150160,ORTHOINDY HOSPITAL,8400 NORTHWEST BLVD,INDIANAPOLIS,IN,46278,MARION,(317) 956-1000,Acute Care Hospitals,Physician,No,,Not Available,16,8,1,0,1,0,,8,2,0,2,0,,11,3,1,2,0,,15,15,,10,3,
150161,INDIANA UNIVERSITY HEALTH NORTH HOSPITAL,11700 N MERIDIAN ST,CARMEL,IN,46032,HAMILTON,(317) 688-2000,Acute Care Hospitals,Voluntary non-profit - Private,Yes,Y,4,,8,7,0,7,0,,8,7,1,6,0,,11,8,1,7,0,,15,15,,10,8,
150162,FRANCISCAN HEALTH INDIANAPOLIS,8111 S EMERSON AVE,INDIANAPOLIS,IN,46237,MARION,(317) 528-5000,Acute Care Hospitals,Voluntary non-profit - Church,Yes,Y,4,,8,8,0,8,0,,8,7,1,5,1,,11,10,1,7,2,,15,15,,10,9,
150165,FRANCISCAN HEALTH MUNSTER,701 SUPERIOR AVE,MUNSTER,IN,46321,LAKE,(219) 922-4200,Acute Care Hospitals,Voluntary non-profit - Private,Yes,,3,,8,6,0,6,0,,8,6,0,6,0,,11,7,0,5,2,,15,15,,10,9,
150166,PINNACLE HOSPITAL,9301 CONNECTICUT DR,CROWN POINT,IN,46307,LAKE,(219) 756-2100,Acute Care Hospitals,Physician,No,,Not Available,16,8,1,0,1,0,,8,2,0,2,0,,11,4,0,4,0,,15,15,,10,2,
150167,ORTHOPAEDIC HOSPITAL AT PARKVIEW NORTH,11130 PARKVIEW CIRCLE DR,FORT WAYNE,IN,46845,ALLEN,(260) 672-5000,Acute Care Hospitals,Voluntary non-profit - Private,Yes,,Not Available,16,8,1,0,1,0,,8,1,0,1,0,,11,2,1,1,0,,15,15,,10,2,
150168,THE ORTHOPAEDIC HOSPITAL OF LUTHERAN HEALTH NETWOR,7952 W JEFFERSON BLVD,FT WAYNE,IN,46804,ALLEN,(260) 435-2999,Acute Care Hospitals,Proprietary,No,,Not Available,16,8,1,0,1,0,,8,2,0,2,0,,11,3,1,2,0,,15,15,,10,3,
150169,COMMUNITY HOSPITAL NORTH,7150 CLEARVISTA DR,INDIANAPOLIS,IN,46256,MARION,(317) 621-5335,Acute Care Hospitals,Voluntary non-profit - Private,Yes,Y,3,,8,6,0,6,0,,8,8,3,5,0,,11,9,1,7,1,,15,15,,10,8,
150172,PHYSICIANS' MEDICAL CENTER LLC,4023 REAS LN,NEW ALBANY,IN,47150,FLOYD,(812) 206-7660,Acute Care Hospitals,Physician,No,,Not Available,16,8,1,0,1,0,,8,1,0,1,0,,11,3,0,3,0,,15,5,,10,2,
150173,INDIANA UNIVERSITY HEALTH ARNETT HOSPITAL,5165 MCCARTY LN,LAFAYETTE,IN,47905,TIPPECANOE,(765) 448-8000,Acute Care Hospitals,Voluntary non-profit - Private,Yes,Y,4,,8,8,0,8,0,,8,7,1,6,0,,11,11,1,10,0,,15,15,,10,9,
150177,UNITY PHYSICIANS HOSPITAL,4455 EDISON LAKES PKWY,MISHAWAKA,IN,46545,ST. JOSEPH,(574) 231-6800,Acute Care Hospitals,Physician,No,,Not Available,16,8,1,0,1,0,,8,2,0,2,0,,11,5,0,4,1,,15,15,,10,2,
150179,FAIRBANKS,8102 CLEARVISTA PARKWAY,INDIANAPOLIS,IN,46256,MARION,(317) 849-8222,Acute Care Hospitals,Voluntary non-profit - Private,No,,Not Available,16,8,Not Available,Not Available,Not Available,Not Available,5,8,1,0,1,0,,11,Not Available,Not Available,Not Available,Not Available,5,15,Not Available,5,10,1,
150181,ASCENSION ST VINCENT FISHERS,13861 OLIO ROAD,FISHERS,IN,46037,HAMILTON,(317) 415-9000,Acute Care Hospitals,Voluntary non-profit - Private,Yes,Y,4,29,8,3,0,3,0,29,8,2,0,2,0,29,11,6,0,6,0,29,15,Not Available,5,10,5,29
150183,MONROE HOSPITAL,4011 S MONROE MEDICAL PARK BLVD,BLOOMINGTON,IN,47403,MONROE,(812) 825-1111,Acute Care Hospitals,Proprietary,Yes,,4,,8,4,0,4,0,,8,2,0,2,0,,11,6,1,5,0,,15,15,,10,6,
150193,FRANCISCAN HEALTH ORTHOPEDIC HOSPITAL CARMEL,10777 N ILLINOIS ST,CARMEL,IN,46032,HAMILTON,(317) 528-5400,Acute Care Hospitals,Voluntary non-profit - Church,No,,Not Available,16,8,1,0,1,0,,8,1,0,1,0,,11,2,1,1,0,,15,15,,10,2,
150195,UCHICAGO MEDICINE NORTHWEST INDIANA,10855 VIRGINIA STREET,CROWN POINT,IN,46307,LAKE,(312) 755-4706,Acute Care Hospitals,Voluntary non-profit - Private,Yes,,Not Available,5,8,Not Available,Not Available,Not Available,Not Available,5,8,Not Available,Not Available,Not Available,Not Available,5,11,Not Available,Not Available,Not Available,Not Available,5,15,Not Available,5,10,1,16
151300,COMMUNITY HOSPITAL OF BREMEN INC,1020 HIGH RD,BREMEN,IN,46506,MARSHALL,(574) 546-2211,Critical Access Hospitals,Voluntary non-profit - Private,Yes,Y,Not Available,16,8,1,0,1,0,,8,Not Available,Not Available,Not Available,Not Available,5,11,2,0,2,0,,15,15,,10,2,
151301,ASCENSION ST VINCENT RANDOLPH,473 E GREENVILLE AVE,WINCHESTER,IN,47394,RANDOLPH,(765) 584-0004,Critical Access Hospitals,Voluntary non-profit - Private,Yes,Y,Not Available,16,8,1,0,1,0,,8,Not Available,Not Available,Not Available,Not Available,5,11,2,0,2,0,,15,Not Available,5,10,5,
151303,ASCENSION ST VINCENT JENNINGS,301 HENRY ST,NORTH VERNON,IN,47265,JENNINGS,(812) 352-4228,Critical Access Hospitals,Voluntary non-profit - Church,Yes,,Not Available,16,8,1,0,1,0,,8,Not Available,Not Available,Not Available,Not Available,5,11,3,0,2,1,,15,Not Available,5,10,4,
151304,RUSH MEMORIAL HOSPITAL,1300 N MAIN ST,RUSHVILLE,IN,46173,RUSH,(765) 932-4111,Critical Access Hospitals,Government - Local,Yes,,Not Available,16,8,2,0,2,0,,8,Not Available,Not Available,Not Available,Not Available,5,11,5,2,3,0,,15,Not Available,5,10,6,
151305,PULASKI MEMORIAL HOSPITAL,616 E 13TH ST,WINAMAC,IN,46996,PULASKI,(574) 946-2100,Critical Access Hospitals,Voluntary non-profit - Other,Yes,,Not Available,16,8,2,0,2,0,,8,Not Available,Not Available,Not Available,Not Available,5,11,2,0,2,0,,15,Not Available,5,10,7,
151306,INDIANA UNIVERSITY HEALTH PAOLI HOSPITAL,642 W HOSPITAL RD,PAOLI,IN,47454,ORANGE,(812) 723-2811,Critical Access Hospitals,Voluntary non-profit - Private,Yes,Y,Not Available,16,8,2,0,2,0,,8,Not Available,Not Available,Not Available,Not Available,5,11,3,1,2,0,,15,Not Available,5,10,6,
151307,ASCENSION ST VINCENT WILLIAMSPORT,412 N MONROE ST,WILLIAMSPORT,IN,47993,WARREN,(765) 762-4001,Critical Access Hospitals,Voluntary non-profit - Church,Yes,,Not Available,5,8,Not Available,Not Available,Not Available,Not Available,5,8,Not Available,Not Available,Not Available,Not Available,5,11,Not Available,Not Available,Not Available,Not Available,5,15,Not Available,5,10,Not Available,5
151308,ASCENSION ST VINCENT MERCY,1331 S A ST,ELWOOD,IN,46036,MADISON,(765) 552-4743,Critical Access Hospitals,Voluntary non-profit - Church,Yes,,Not Available,16,8,Not Available,Not Available,Not Available,Not Available,5,8,Not Available,Not Available,Not Available,Not Available,5,11,2,0,2,0,,15,Not Available,5,10,5,
151309,ASCENSION ST VINCENT CLAY,1206 E NATIONAL AVE,BRAZIL,IN,47834,CLAY,(812) 442-2500,Critical Access Hospitals,Voluntary non-profit - Private,Yes,,Not Available,16,8,1,0,1,0,,8,Not Available,Not Available,Not Available,Not Available,5,11,2,0,2,0,,15,Not Available,5,10,5,
151310,"PARKVIEW WABASH HOSPITAL, INC",10 JOHN KISSINGER DRIVE,WABASH,IN,46992,WABASH,(260) 569-2160,Critical Access Hospitals,Voluntary non-profit - Private,Yes,,3,,8,3,0,3,0,,8,1,0,1,0,,11,5,1,4,0,,15,15,,10,8,
151311,INDIANA UNIVERSITY HEALTH TIPTON HOSPITAL INC,1000 S MAIN ST,TIPTON,IN,46072,TIPTON,(765) 675-8500,Critical Access Hospitals,Voluntary non-profit - Other,Yes,,3,,8,3,0,3,0,,8,Not Available,Not Available,Not Available,Not Available,5,11,5,0,4,1,,15,Not Available,5,10,7,
151312,INDIANA UNIVERSITY HEALTH WHITE MEMORIAL HOSPITAL,720 SOUTH SIXTH ST,MONTICELLO,IN,47960,WHITE,(574) 583-7111,Critical Access Hospitals,Voluntary non-profit - Private,Yes,,5,,8,4,0,4,0,,8,Not Available,Not Available,Not Available,Not Available,5,11,7,1,6,0,,15,Not Available,5,10,8,
151313,WOODLAWN HOSPITAL,1400 E 9TH ST,ROCHESTER,IN,46975,FULTON,(574) 223-3141,Critical Access Hospitals,Government - Local,Yes,,3,,8,2,0,2,0,,8,3,0,3,0,,11,4,0,4,0,,15,10,,10,3,
151314,ASCENSION ST VINCENT SALEM,911 N SHELBY ST,SALEM,IN,47167,WASHINGTON,(812) 883-5881,Critical Access Hospitals,Voluntary non-profit - Private,Yes,,Not Available,16,8,Not Available,Not Available,Not Available,Not Available,5,8,Not Available,Not Available,Not Available,Not Available,5,11,2,0,2,0,,15,Not Available,5,10,5,
151315,CAMERON MEMORIAL COMMUNITY HOSPITAL INC,416 E MAUMEE ST,ANGOLA,IN,46703,STEUBEN,(260) 665-2141,Critical Access Hospitals,Voluntary non-profit - Private,Yes,Y,3,,8,3,0,3,0,,8,1,0,1,0,,11,6,0,5,1,,15,15,,10,7,
151316,INDIANA UNIVERSITY HEALTH FRANKFORT INC,1300 S JACKSON ST,FRANKFORT,IN,46041,CLINTON,(765) 656-3000,Critical Access Hospitals,Voluntary non-profit - Private,Yes,,Not Available,16,8,2,0,2,0,,8,Not Available,Not Available,Not Available,Not Available,5,11,3,1,2,0,,15,Not Available,5,10,7,
151317,GREENE COUNTY GENERAL HOSPITAL,1185 N 1000 W,LINTON,IN,47441,GREENE,(812) 847-2281,Critical Access Hospitals,Government - Local,Yes,Y,4,,8,5,0,5,0,,8,Not Available,Not Available,Not Available,Not Available,5,11,6,0,6,0,,15,15,,10,8,
151318,DUKES MEMORIAL HOSPITAL,275 W 12TH ST,PERU,IN,46970,MIAMI,(765) 472-8000,Critical Access Hospitals,Proprietary,Yes,Y,2,,8,4,0,4,0,,8,Not Available,Not Available,Not Available,Not Available,5,11,6,0,5,1,,15,15,,10,7,
151319,GIBSON GENERAL HOSPITAL,1808 SHERMAN DRIVE,PRINCETON,IN,47670,GIBSON,(812) 385-3401,Critical Access Hospitals,Voluntary non-profit - Private,Yes,,Not Available,16,8,Not Available,Not Available,Not Available,Not Available,5,8,1,0,1,0,,11,3,0,3,0,,15,5,,10,6,
151320,"INDIANA UNIVERSITY HEALTH JAY, INC.",500 W VOTAW ST,PORTLAND,IN,47371,JAY,(260) 726-7131,Critical Access Hospitals,Government - Local,Yes,,5,,8,3,0,3,0,,8,Not Available,Not Available,Not Available,Not Available,5,11,4,2,2,0,,15,Not Available,5,10,7,
151322,PERRY COUNTY MEMORIAL HOSPITAL,8885 SR 237,TELL CITY,IN,47586,PERRY,(812) 547-7011,Critical Access Hospitals,Voluntary non-profit - Other,Yes,,2,,8,4,0,4,0,,8,Not Available,Not Available,Not Available,Not Available,5,11,6,0,5,1,,15,15,,10,5,
151323,PARKVIEW LAGRANGE HOSPITAL,207 NORTH TOWNLINE RD,LAGRANGE,IN,46761,LAGRANGE,(260) 463-9000,Critical Access Hospitals,Voluntary non-profit - Private,Yes,,5,,8,3,0,3,0,,8,1,0,1,0,,11,4,0,4,0,,15,5,,10,8,
151324,"FRANCISCAN HEALTH RENSSELAER, INC",1104 E GRACE ST,RENSSELAER,IN,47978,JASPER,(219) 866-5141,Critical Access Hospitals,Voluntary non-profit - Private,Yes,,Not Available,16,8,2,0,2,0,,8,Not Available,Not Available,Not Available,Not Available,5,11,7,0,7,0,,15,5,,10,8,
151325,ASCENSION ST VINCENT WARRICK,1116 MILLIS AVE,BOONVILLE,IN,47601,WARRICK,(812) 897-4800,Critical Access Hospitals,Voluntary non-profit - Private,Yes,,Not Available,16,8,1,0,1,0,,8,Not Available,Not Available,Not Available,Not Available,5,11,1,0,1,0,,15,Not Available,5,10,4,
151326,UNION HOSPITAL CLINTON,801 S MAIN ST,CLINTON,IN,47842,VERMILLION,(765) 832-1234,Critical Access Hospitals,Voluntary non-profit - Private,Yes,,2,,8,4,0,4,0,,8,Not Available,Not Available,Not Available,Not Available,5,11,5,0,3,2,,15,Not Available,5,10,7,
151327,SULLIVAN COUNTY COMMUNITY HOSPITAL,2200 N SECTION ST,SULLIVAN,IN,47882,SULLIVAN,(812) 268-4311,Critical Access Hospitals,Government - Local,Yes,Y,Not Available,16,8,2,0,2,0,,8,Not Available,Not Available,Not Available,Not Available,5,11,4,0,4,0,,15,5,,10,7,
151328,INDIANA UNIVERSITY HEALTH BEDFORD HOSPITAL,2900 W 16TH ST,BEDFORD,IN,47421,LAWRENCE,(812) 275-1200,Critical Access Hospitals,Voluntary non-profit - Private,Yes,,3,,8,6,0,6,0,,8,2,1,1,0,,11,8,1,7,0,,15,Not Available,5,10,7,
151329,MARGARET MARY COMMUNITY HOSPITAL INC,321 MITCHELL AVE,BATESVILLE,IN,47006,FRANKLIN,(812) 934-6624,Critical Access Hospitals,Voluntary non-profit - Private,Yes,Y,Not Available,5,8,Not Available,Not Available,Not Available,Not Available,5,8,Not Available,Not Available,Not Available,Not Available,5,11,Not Available,Not Available,Not Available,Not Available,5,15,Not Available,5,10,Not Available,5
151330,ADAMS MEMORIAL HOSPITAL,1100 MERCER AVE,DECATUR,IN,46733,ADAMS,(260) 724-2145,Critical Access Hospitals,Government - Local,Yes,Y,Not Available,5,8,Not Available,Not Available,Not Available,Not Available,5,8,Not Available,Not Available,Not Available,Not Available,5,11,Not Available,Not Available,Not Available,Not Available,5,15,Not Available,5,10,Not Available,5
151331,HARRISON COUNTY HOSPITAL,245 ATWOOD STREET,CORYDON,IN,47112,HARRISON,(812) 738-4251,Critical Access Hospitals,Government - Local,Yes,Y,3,,8,4,0,4,0,,8,Not Available,Not Available,Not Available,Not Available,5,11,5,0,4,1,,15,10,,10,9,
151332,DECATUR COUNTY MEMORIAL HOSPITAL,720 NORTH LINCOLN STREET,GREENSBURG,IN,47240,DECATUR,(812) 663-4331,Critical Access Hospitals,Government - Local,Yes,Y,3,,8,4,0,4,0,,8,1,0,1,0,,11,8,2,6,0,,15,15,,10,8,
151333,PUTNAM COUNTY HOSPITAL,1542 S BLOOMINGTON ST,GREENCASTLE,IN,46135,PUTNAM,(765) 653-5121,Critical Access Hospitals,Government - Local,Yes,,5,,8,3,0,3,0,,8,Not Available,Not Available,Not Available,Not Available,5,11,6,1,5,0,,15,Not Available,5,10,5,
151334,NORTON SCOTT HOSPITAL,1451 N GARDNER ST,SCOTTSBURG,IN,47170,SCOTT,(812) 752-3456,Critical Access Hospitals,Proprietary,Yes,,2,,8,3,0,3,0,,8,Not Available,Not Available,Not Available,Not Available,5,11,5,1,3,1,,15,5,,10,8,
154005,"WABASH VALLEY ALLIANCE, INC. / RIVER BEND HOSPITAL",2900 N RIVER RD,WEST LAFAYETTE,IN,47906,TIPPECANOE,(765) 464-0400,Psychiatric,Voluntary non-profit - Private,No,,Not Available,19,Not Available,Not Available,Not Available,Not Available,Not Available,19,Not Available,Not Available,Not Available,Not Available,Not Available,19,Not Available,Not Available,Not Available,Not Available,Not Available,19,Not Available,Not Available,19,Not Available,Not Available,19
154008,NEURODIAGNOSTIC INSTITUTE,5435 E 16TH ST,INDIANAPOLIS,IN,46218,MARION,(317) 941-4000,Psychiatric,Government - State,Yes,,Not Available,19,Not Available,Not Available,Not Available,Not Available,Not Available,19,Not Available,Not Available,Not Available,Not Available,Not Available,19,Not Available,Not Available,Not Available,Not Available,Not Available,19,Not Available,Not Available,19,Not Available,Not Available,19
154009,HAMILTON CENTER INC,620 8TH AVE,TERRE HAUTE,IN,47804,VIGO,(812) 231-8285,Psychiatric,Voluntary non-profit - Private,No,,Not Available,19,Not Available,Not Available,Not Available,Not Available,Not Available,19,Not Available,Not Available,Not Available,Not Available,Not Available,19,Not Available,Not Available,Not Available,Not Available,Not Available,19,Not Available,Not Available,19,Not Available,Not Available,19
154011,INCOMPASS HEALTHCARE,285 BIELBY RD,LAWRENCEBURG,IN,47025,DEARBORN,(812) 537-1302,Psychiatric,Voluntary non-profit - Private,No,,Not Available,19,Not Available,Not Available,Not Available,Not Available,Not Available,19,Not Available,Not Available,Not Available,Not Available,Not Available,19,Not Available,Not Available,Not Available,Not Available,Not Available,19,Not Available,Not Available,19,Not Available,Not Available,19
154014,OTIS R BOWEN CENTER FOR HUMAN SERVICES INC,9 PEQUIGNOT DR,PIERCETON,IN,46562,KOSCIUSKO,(574) 267-7169,Psychiatric,Voluntary non-profit - Private,No,,Not Available,19,Not Available,Not Available,Not Available,Not Available,Not Available,19,Not Available,Not Available,Not Available,Not Available,Not Available,19,Not Available,Not Available,Not Available,Not Available,Not Available,19,Not Available,Not Available,19,Not Available,Not Available,19
154018,RICHMOND STATE HOSPITAL,498 NW 18TH ST,RICHMOND,IN,47374,WAYNE,(765) 966-0511,Psychiatric,Proprietary,Yes,,Not Available,19,Not Available,Not Available,Not Available,Not Available,Not Available,19,Not Available,Not Available,Not Available,Not Available,Not Available,19,Not Available,Not Available,Not Available,Not Available,Not Available,19,Not Available,Not Available,19,Not Available,Not Available,19
154019,MADISON STATE HOSPITAL,711 GREEN RD,MADISON,IN,47250,JEFFERSON,(812) 265-2611,Psychiatric,Government - State,Yes,,Not Available,19,Not Available,Not Available,Not Available,Not Available,Not Available,19,Not Available,Not Available,Not Available,Not Available,Not Available,19,Not Available,Not Available,Not Available,Not Available,Not Available,19,Not Available,Not Available,19,Not Available,Not Available,19
154020,REGIONAL MENTAL HEALTH CENTER,8555 TAFT ST,MERRILLVILLE,IN,46410,LAKE,(219) 769-4005,Psychiatric,Voluntary non-profit - Private,Yes,,Not Available,19,Not Available,Not Available,Not Available,Not Available,Not Available,19,Not Available,Not Available,Not Available,Not Available,Not Available,19,Not Available,Not Available,Not Available,Not Available,Not Available,19,Not Available,Not Available,19,Not Available,Not Available,19
154021,"GRANT-BLACKFORD MENTAL HEALTH, INC",505 WABASH AVE,MARION,IN,46952,GRANT,(765) 662-3971,Psychiatric,Voluntary non-profit - Private,No,,Not Available,19,Not Available,Not Available,Not Available,Not Available,Not Available,19,Not Available,Not Available,Not Available,Not Available,Not Available,19,Not Available,Not Available,Not Available,Not Available,Not Available,19,Not Available,Not Available,19,Not Available,Not Available,19
154024,VALLE VISTA HEALTH SYSTEM,898 E MAIN ST,GREENWOOD,IN,46143,JOHNSON,(317) 883-5300,Psychiatric,Proprietary,No,,Not Available,19,Not Available,Not Available,Not Available,Not Available,Not Available,19,Not Available,Not Available,Not Available,Not Available,Not Available,19,Not Available,Not Available,Not Available,Not Available,Not Available,19,Not Available,Not Available,19,Not Available,Not Available,19
154031,OAKLAWN PSYCHIATRIC CENTER INC,330 LAKEVIEW DR,GOSHEN,IN,46527,ELKHART,(574) 533-1234,Psychiatric,Voluntary non-profit - Private,No,,Not Available,19,Not Available,Not Available,Not Available,Not Available,Not Available,19,Not Available,Not Available,Not Available,Not Available,Not Available,19,Not Available,Not Available,Not Available,Not Available,Not Available,19,Not Available,Not Available,19,Not Available,Not Available,19
154035,4C HEALTH,1015 MICHIGAN AVE,LOGANSPORT,IN,46947,CASS,(574) 722-5151,Psychiatric,Voluntary non-profit - Private,No,,Not Available,19,Not Available,Not Available,Not Available,Not Available,Not Available,19,Not Available,Not Available,Not Available,Not Available,Not Available,19,Not Available,Not Available,Not Available,Not Available,Not Available,19,Not Available,Not Available,19,Not Available,Not Available,19
154041,BLOOMINGTON MEADOWS HOSPITAL,3600 N PROW RD,BLOOMINGTON,IN,47404,MONROE,(812) 331-8000,Psychiatric,Proprietary,No,,Not Available,19,Not Available,Not Available,Not Available,Not Available,Not Available,19,Not Available,Not Available,Not Available,Not Available,Not Available,19,Not Available,Not Available,Not Available,Not Available,Not Available,19,Not Available,Not Available,19,Not Available,Not Available,19
154047,MICHIANA BEHAVIORAL HEALTH CENTER,1800 N OAK RD,PLYMOUTH,IN,46563,MARSHALL,(574) 936-3784,Psychiatric,Voluntary non-profit - Other,Yes,,Not Available,19,Not Available,Not Available,Not Available,Not Available,Not Available,19,Not Available,Not Available,Not Available,Not Available,Not Available,19,Not Available,Not Available,Not Available,Not Available,Not Available,19,Not Available,Not Available,19,Not Available,Not Available,19
154050,NORTHEASTERN CENTER,1850 WESLEY RD,AUBURN,IN,46706,DE KALB,(260) 927-0726,Psychiatric,Voluntary non-profit - Private,No,,Not Available,19,Not Available,Not Available,Not Available,Not Available,Not Available,19,Not Available,Not Available,Not Available,Not Available,Not Available,19,Not Available,Not Available,Not Available,Not Available,Not Available,19,Not Available,Not Available,19,Not Available,Not Available,19
154051,WELLSTONE REGIONAL HOSPITAL,2700 VISSING PARK RD,JEFFERSONVILLE,IN,47130,CLARK,(812) 284-8000,Psychiatric,Proprietary,Yes,,Not Available,19,Not Available,Not Available,Not Available,Not Available,Not Available,19,Not Available,Not Available,Not Available,Not Available,Not Available,19,Not Available,Not Available,Not Available,Not Available,Not Available,19,Not Available,Not Available,19,Not Available,Not Available,19
154052,PORTER-STARKE SERVICES INC,701 WALL ST,VALPARAISO,IN,46383,PORTER,(219) 531-3500,Psychiatric,Voluntary non-profit - Private,No,,Not Available,19,Not Available,Not Available,Not Available,Not Available,Not Available,19,Not Available,Not Available,Not Available,Not Available,Not Available,19,Not Available,Not Available,Not Available,Not Available,Not Available,19,Not Available,Not Available,19,Not Available,Not Available,19
154054,HARSHA BEHAVIORAL CENTER INC,1980 E WOODSMALL DR,TERRE HAUTE,IN,47802,VIGO,(812) 298-8888,Psychiatric,Voluntary non-profit - Other,No,,Not Available,19,Not Available,Not Available,Not Available,Not Available,Not Available,19,Not Available,Not Available,Not Available,Not Available,Not Available,19,Not Available,Not Available,Not Available,Not Available,Not Available,19,Not Available,Not Available,19,Not Available,Not Available,19
154055,BRENTWOOD MEADOWS LLC,4488 ROSLIN RD,NEWBURGH,IN,47630,WARRICK,(812) 858-7200,Psychiatric,Voluntary non-profit - Private,No,,Not Available,19,Not Available,Not Available,Not Available,Not Available,Not Available,19,Not Available,Not Available,Not Available,Not Available,Not Available,19,Not Available,Not Available,Not Available,Not Available,Not Available,19,Not Available,Not Available,19,Not Available,Not Available,19
154056,EVANSVILLE STATE HOSPITAL,3400 LINCOLN AVENUE,EVANSVILLE,IN,47714,VANDERBURGH,(812) 469-6800,Psychiatric,Government - State,No,,Not Available,19,Not Available,Not Available,Not Available,Not Available,Not Available,19,Not Available,Not Available,Not Available,Not Available,Not Available,19,Not Available,Not Available,Not Available,Not Available,Not Available,19,Not Available,Not Available,19,Not Available,Not Available,19
154057,OPTIONS BEHAVIORAL HEALTH SYSTEM,5602 CAITO DRIVE,INDIANAPOLIS,IN,46226,MARION,(317) 544-4340,Psychiatric,Proprietary,No,,Not Available,19,Not Available,Not Available,Not Available,Not Available,Not Available,19,Not Available,Not Available,Not Available,Not Available,Not Available,19,Not Available,Not Available,Not Available,Not Available,Not Available,19,Not Available,Not Available,19,Not Available,Not Available,19
154058,DOCTORS NEUROPSYCHIATRIC HOSPITAL,417 S WHITLOCK ST,BREMEN,IN,46506,MARSHALL,(574) 546-0330,Psychiatric,Proprietary,No,,Not Available,19,Not Available,Not Available,Not Available,Not Available,Not Available,19,Not Available,Not Available,Not Available,Not Available,Not Available,19,Not Available,Not Available,Not Available,Not Available,Not Available,19,Not Available,Not Available,19,Not Available,Not Available,19
154059,SYCAMORE SPRINGS,833 PARK EAST BLVD,LAFAYETTE,IN,47905,TIPPECANOE,(765) 743-4400,Psychiatric,Proprietary,No,,Not Available,19,Not Available,Not Available,Not Available,Not Available,Not Available,19,Not Available,Not Available,Not Available,Not Available,Not Available,19,Not Available,Not Available,Not Available,Not Available,Not Available,19,Not Available,Not Available,19,Not Available,Not Available,19
154060,"PARK CENTER, INC",1909 CAREW STREET,FORT WAYNE,IN,46805,ALLEN,(260) 481-2700,Psychiatric,Voluntary non-profit - Private,No,,Not Available,19,Not Available,Not Available,Not Available,Not Available,Not Available,19,Not Available,Not Available,Not Available,Not Available,Not Available,19,Not Available,Not Available,Not Available,Not Available,Not Available,19,Not Available,Not Available,19,Not Available,Not Available,19
154061,MEDICAL BEHAVIORAL HOSPITAL - MISHAWAKA,1625 EAST JEFFERSON BLVD,MISHAWAKA,IN,46545,ST. JOSEPH,(574) 485-1703,Psychiatric,Proprietary,No,,Not Available,19,Not Available,Not Available,Not Available,Not Available,Not Available,19,Not Available,Not Available,Not Available,Not Available,Not Available,19,Not Available,Not Available,Not Available,Not Available,Not Available,19,Not Available,Not Available,19,Not Available,Not Available,19
154063,"NEUROPSYCHIATRIC HOSPITAL OF INDIANAPOLIS, LLC","6720 PARKDALE PLACE, SUITE 100",INDIANAPOLIS,IN,46254,MARION,(317) 744-9200,Psychiatric,Proprietary,No,,Not Available,19,Not Available,Not Available,Not Available,Not Available,Not Available,19,Not Available,Not Available,Not Available,Not Available,Not Available,19,Not Available,Not Available,Not Available,Not Available,Not Available,19,Not Available,Not Available,19,Not Available,Not Available,19
154064,ASSURANCE HEALTH PSYCHIATRIC HOSPITAL,900 NORTH HIGH SCHOOL ROAD,INDIANAPOLIS,IN,46214,MARION,(317) 982-3715,Psychiatric,Proprietary,No,,Not Available,19,Not Available,Not Available,Not Available,Not Available,Not Available,19,Not Available,Not Available,Not Available,Not Available,Not Available,19,Not Available,Not Available,Not Available,Not Available,Not Available,19,Not Available,Not Available,19,Not Available,Not Available,19
154065,NEURO BEHAVIORAL HOSPITAL,9330 BROADWAY,CROWN POINT,IN,46307,LAKE,(574) 277-2630,Psychiatric,Proprietary,No,,Not Available,19,Not Available,Not Available,Not Available,Not Available,Not Available,19,Not Available,Not Available,Not Available,Not Available,Not Available,19,Not Available,Not Available,Not Available,Not Available,Not Available,19,Not Available,Not Available,19,Not Available,Not Available,19
154066,BRIGHTWELL BEHAVIORAL HEALTH,1612 BLACKISTON VIEW DRIVE,CLARKSVILLE,IN,47129,CLARK,(574) 339-3094,Psychiatric,Proprietary,No,,Not Available,19,Not Available,Not Available,Not Available,Not Available,Not Available,19,Not Available,Not Available,Not Available,Not Available,Not Available,19,Not Available,Not Available,Not Available,Not Available,Not Available,19,Not Available,Not Available,19,Not Available,Not Available,19
154067,HENDRICKS BEHAVIORAL HOSPITAL,1051 SOUTHFIELD DRIVE,PLAINFIELD,IN,46168,HENDRICKS,(844) 991-9900,Psychiatric,Proprietary,No,,Not Available,19,Not Available,Not Available,Not Available,Not Available,Not Available,19,Not Available,Not Available,Not Available,Not Available,Not Available,19,Not Available,Not Available,Not Available,Not Available,Not Available,19,Not Available,Not Available,19,Not Available,Not Available,19
154068,MEDICAL BEHAVIORAL HOSPITAL OF INDIANAPOLIS,1167 WILSON DR,GREENWOOD,IN,46143,JOHNSON,(844) 457-5300,Psychiatric,Proprietary,No,,Not Available,19,Not Available,Not Available,Not Available,Not Available,Not Available,19,Not Available,Not Available,Not Available,Not Available,Not Available,19,Not Available,Not Available,Not Available,Not Available,Not Available,19,Not Available,Not Available,19,Not Available,Not Available,19
154070,MAPLE HEIGHTS BEHAVIORAL HEALTH,3955 WEST WASHINGTON CENTER ROAD,FORT WAYNE,IN,46818,ALLEN,(417) 392-7307,Psychiatric,Proprietary,Yes,,Not Available,19,Not Available,Not Available,Not Available,Not Available,Not Available,19,Not Available,Not Available,Not Available,Not Available,Not Available,19,Not Available,Not Available,Not Available,Not Available,Not Available,19,Not Available,Not Available,19,Not Available,Not Available,19
154071,ETHAN CROSSING ADDICTION CAMPUS OF INDIANAPOLIS,4102 SHORE DRIVE,INDIANAPOLIS,IN,46254,MARION,(937) 657-8152,Psychiatric,Proprietary,No,,Not Available,19,Not Available,Not Available,Not Available,Not Available,Not Available,19,Not Available,Not Available,Not Available,Not Available,Not Available,19,Not Available,Not Available,Not Available,Not Available,Not Available,19,Not Available,Not Available,19,Not Available,Not Available,19
154072,MISSION BEHAVIORAL HEALTH HOSPITAL,1880 MEDICAL ARTS DRIVE,HUNTINGBURG,IN,47542,DUBOIS,(574) 339-3024,Psychiatric,Proprietary,No,,Not Available,19,Not Available,Not Available,Not Available,Not Available,Not Available,19,Not Available,Not Available,Not Available,Not Available,Not Available,19,Not Available,Not Available,Not Available,Not Available,Not Available,19,Not Available,Not Available,19,Not Available,Not Available,19
160001,UNITYPOINT HEALTH - MARSHALLTOWN,55 UNITYPOINT WAY,MARSHALLTOWN,IA,50158,MARSHALL,(641) 754-5151,Acute Care Hospitals,Voluntary non-profit - Private,Yes,,3,,8,4,0,3,1,,8,1,0,1,0,,11,6,1,5,0,,15,15,,10,8,
160013,TRINITY MUSCATINE,1518 MULBERRY AVENUE,MUSCATINE,IA,52761,MUSCATINE,(563) 264-9100,Acute Care Hospitals,Voluntary non-profit - Private,Yes,,4,,8,5,0,5,0,,8,1,0,1,0,,11,6,0,6,0,,15,15,,10,8,
160016,TRINITY REGIONAL MEDICAL CENTER,802 KENYON RD,FORT DODGE,IA,50501,WEBSTER,(515) 573-3101,Acute Care Hospitals,Voluntary non-profit - Private,Yes,Y,2,,8,6,0,6,0,,8,5,0,4,1,,11,7,1,6,0,,15,15,,10,8,
160028,CHI HEALTH MERCY COUNCIL BLUFFS,800 MERCY DRIVE,COUNCIL BLUFFS,IA,51503,POTTAWATTAMIE,(712) 328-5000,Acute Care Hospitals,Voluntary non-profit - Private,Yes,Y,5,,8,5,0,5,0,,8,4,1,3,0,,11,6,0,5,1,,15,15,,10,9,
160029,UNIVERSITY OF IOWA HEALTH CARE MEDICAL CENTER DOWN,500 E MARKET STREET,IOWA CITY,IA,52245,JOHNSON,(319) 339-0300,Acute Care Hospitals,Voluntary non-profit - Church,Yes,Y,4,,8,6,0,6,0,,8,5,1,4,0,,11,10,1,6,3,,15,15,,10,8,
160030,MARY GREELEY MEDICAL CENTER,1111 DUFF AVENUE,AMES,IA,50010,STORY,(515) 239-2011,Acute Care Hospitals,Government - Local,Yes,Y,4,,8,7,0,7,0,,8,7,0,6,1,,11,10,1,9,0,,15,15,,10,9,
160032,MERCYONE NEWTON MEDICAL CENTER,204 N 4TH AVE E,NEWTON,IA,50208,JASPER,(641) 792-1273,Acute Care Hospitals,Voluntary non-profit - Private,Yes,,4,,8,3,0,3,0,,8,Not Available,Not Available,Not Available,Not Available,5,11,7,2,5,0,,15,5,,10,9,
160033,GENESIS MEDICAL CENTER-DAVENPORT,1227 EAST RUSHOLME STREET,DAVENPORT,IA,52803,SCOTT,(563) 421-1000,Acute Care Hospitals,Voluntary non-profit - Private,Yes,Y,2,,8,8,0,8,0,,8,7,1,5,1,,11,11,0,10,1,,15,15,,10,9,
16003F,VA CENTRAL IOWA HEALTHCARE SYSTEM,3600 30TH STREET,DES MOINES,IA,50310,POLK,(515) 699-5999,Acute Care - Veterans Administration,Veterans Health Administration,Yes,,4,,8,4,0,2,2,,8,3,0,3,0,,11,5,2,3,0,,15,10,,10,3,
160040,"SARTORI MEMORIAL HOSPITAL, INC",515 COLLEGE STREET,CEDAR FALLS,IA,50613,BLACK HAWK,(319) 268-3000,Acute Care Hospitals,Voluntary non-profit - Church,Yes,,Not Available,16,8,2,0,2,0,,8,2,0,2,0,,11,4,0,4,0,,15,5,,10,6,
160045,ST LUKES HOSPITAL,1026 A AVE NE,CEDAR RAPIDS,IA,52402,LINN,(319) 369-7211,Acute Care Hospitals,Voluntary non-profit - Private,Yes,Y,4,,8,8,1,7,0,,8,7,2,5,0,,11,9,1,7,1,,15,15,,10,10,
160047,METHODIST JENNIE EDMUNDSON,933 EAST PIERCE STREET,COUNCIL BLUFFS,IA,51503,POTTAWATTAMIE,(712) 396-6000,Acute Care Hospitals,Voluntary non-profit - Private,Yes,Y,3,,8,7,0,7,0,,8,6,0,6,0,,11,10,0,10,0,,15,15,,10,8,
16004F,IOWA CITY VA MEDICAL CENTER,601 HIGHWAY 6 WEST,IOWA CITY,IA,52246,JOHNSON,(319) 338-0581,Acute Care - Veterans Administration,Veterans Health Administration,Yes,,5,,8,5,0,5,0,,8,4,0,4,0,,11,6,2,4,0,,15,10,,10,3,
160057,SOUTHEAST IOWA REGIONAL MEDICAL CENTER,1221 SOUTH GEAR AVENUE,WEST BURLINGTON,IA,52655,DES MOINES,(319) 768-1000,Acute Care Hospitals,Voluntary non-profit - Private,Yes,Y,4,,8,7,0,7,0,,8,7,1,5,1,,11,10,1,9,0,,15,15,,10,10,
160058,UNIVERSITY OF IOWA HOSPITAL & CLINICS,200 HAWKINS DRIVE,IOWA CITY,IA,52242,JOHNSON,(319) 356-1616,Acute Care Hospitals,Government - State,Yes,Y,2,,8,8,0,7,1,,8,8,3,4,1,,11,11,2,7,2,,15,15,,10,9,
160064,MERCYONE NORTH IOWA MEDICAL CENTER,1000 FOURTH STREET SW,MASON CITY,IA,50401,CERRO GORDO,(641) 428-7000,Acute Care Hospitals,Voluntary non-profit - Private,Yes,Y,2,,8,8,0,6,2,,8,7,1,6,0,,11,11,1,9,1,,15,15,,10,8,
160067,MERCYONE WATERLOO MEDICAL CENTER,3421 WEST NINTH STREET,WATERLOO,IA,50702,BLACK HAWK,(319) 272-8000,Acute Care Hospitals,Voluntary non-profit - Church,Yes,Y,4,,8,7,0,7,0,,8,7,2,5,0,,11,10,2,8,0,,15,15,,10,9,
160069,MERCYONE DUBUQUE MEDICAL CENTER,250 MERCY DRIVE,DUBUQUE,IA,52001,DUBUQUE,(563) 589-8000,Acute Care Hospitals,Voluntary non-profit - Church,Yes,Y,3,,8,8,0,8,0,,8,5,2,3,0,,11,7,2,4,1,,15,15,,10,8,
160079,MERCY MEDICAL CENTER - CEDAR RAPIDS,701 10TH STREET SE,CEDAR RAPIDS,IA,52403,LINN,(319) 398-6011,Acute Care Hospitals,Voluntary non-profit - Church,Yes,Y,4,,8,8,0,8,0,,8,7,2,5,0,,11,11,1,9,1,,15,15,,10,9,
160080,MERCYONE CLINTON MEDICAL CENTER,1410 NORTH 4TH STREET,CLINTON,IA,52732,CLINTON,(563) 244-5555,Acute Care Hospitals,Voluntary non-profit - Private,Yes,Y,4,,8,6,0,6,0,,8,4,1,3,0,,11,9,3,6,0,,15,15,,10,9,
160082,UNITYPOINT HEALTH - DES MOINES IOWA METHODIST MEDI,1200 PLEASANT STREET,DES MOINES,IA,50309,POLK,(515) 343-1000,Acute Care Hospitals,Voluntary non-profit - Private,Yes,Y,3,,8,8,1,5,2,,8,8,4,4,0,,11,11,1,9,1,,15,15,,10,9,
160083,MERCYONE DES MOINES MEDICAL CENTER,1111 6TH AVE,DES MOINES,IA,50314,POLK,(515) 247-4436,Acute Care Hospitals,Voluntary non-profit - Private,Yes,Y,1,,8,8,0,8,0,,8,8,3,4,1,,11,11,2,9,0,,15,15,,10,9,
160089,OTTUMWA REGIONAL HEALTH CENTER,1001 E PENNSYLVANIA,OTTUMWA,IA,52501,WAPELLO,(641) 682-7511,Acute Care Hospitals,Proprietary,Yes,Y,2,,8,4,0,4,0,,8,2,0,2,0,,11,5,1,4,0,,15,15,,10,8,
160101,BROADLAWNS MEDICAL CENTER,1801 HICKMAN ROAD,DES MOINES,IA,50314,POLK,(515) 282-2200,Acute Care Hospitals,Government - Local,Yes,Y,3,,8,1,0,1,0,,8,5,1,4,0,,11,5,0,5,0,,15,15,,10,7,
160104,TRINITY - BETTENDORF,4500 UTICA RIDGE ROAD,BETTENDORF,IA,52722,SCOTT,(563) 742-5000,Acute Care Hospitals,Voluntary non-profit - Private,Yes,Y,3,,8,6,0,6,0,,8,5,1,4,0,,11,6,0,4,2,,15,15,,10,7,
160110,ALLEN HOSPITAL,1825 LOGAN AVENUE,WATERLOO,IA,50703,BLACK HAWK,(319) 235-3941,Acute Care Hospitals,Voluntary non-profit - Private,Yes,Y,3,,8,8,0,7,1,,8,7,2,5,0,,11,11,0,10,1,,15,15,,10,8,
160112,SPENCER MUNICIPAL HOSPITAL,1200 1ST AVENUE EAST,SPENCER,IA,51301,CLAY,(712) 264-6198,Acute Care Hospitals,Government - Local,Yes,Y,4,,8,5,0,5,0,,8,3,0,3,0,,11,9,0,8,1,,15,15,,10,9,
160117,FINLEY HOSPITAL,350 NORTH GRANDVIEW AVENUE,DUBUQUE,IA,52001,DUBUQUE,(563) 582-1881,Acute Care Hospitals,Voluntary non-profit - Private,Yes,Y,3,,8,6,0,6,0,,8,6,0,6,0,,11,7,1,6,0,,15,15,,10,9,
160124,LAKES REGIONAL HEALTHCARE,2301 HIGHWAY 71,SPIRIT LAKE,IA,51360,DICKINSON,(712) 336-1230,Acute Care Hospitals,Government - Local,Yes,Y,2,,8,5,0,4,1,,8,3,0,2,1,,11,7,0,5,2,,15,15,,10,7,
160146,ST LUKES REGIONAL MEDICAL CENTER,2720 STONE PARK BOULEVARD,SIOUX CITY,IA,51104,WOODBURY,(712) 279-3500,Acute Care Hospitals,Voluntary non-profit - Private,Yes,Y,2,,8,7,0,7,0,,8,6,1,5,0,,11,6,1,5,0,,15,15,,10,8,
160147,GRINNELL REGIONAL MEDICAL CENTER,210 FOURTH AVENUE,GRINNELL,IA,50112,POWESHIEK,(641) 236-7511,Acute Care Hospitals,Voluntary non-profit - Private,Yes,Y,2,,8,5,0,5,0,,8,2,0,2,0,,11,6,0,6,0,,15,15,,10,7,
160153,MERCYONE SIOUXLAND MEDICAL CENTER,801 5TH ST,SIOUX CITY,IA,51101,WOODBURY,(712) 279-2010,Acute Care Hospitals,Voluntary non-profit - Private,Yes,,2,,8,8,0,8,0,,8,7,1,5,1,,11,9,0,8,1,,15,15,,10,8,
161301,IOWA SPECIALTY HOSPITAL - BELMOND,403 FIRST STREET SE,BELMOND,IA,50421,WRIGHT,(641) 444-3223,Critical Access Hospitals,Government - Local,Yes,,Not Available,16,8,1,0,1,0,,8,Not Available,Not Available,Not Available,Not Available,5,11,1,0,1,0,,15,10,,10,5,
161302,IOWA SPECIALTY HOSPITAL - CLARION,1316 SOUTH MAIN STREET,CLARION,IA,50525,WRIGHT,(515) 532-2811,Critical Access Hospitals,Government - Local,Yes,Y,Not Available,16,8,2,0,2,0,,8,1,0,1,0,,11,3,0,3,0,,15,10,,10,5,
161303,GRUNDY COUNTY MEMORIAL HOSPITAL,201 EAST J AVENUE,GRUNDY CENTER,IA,50638,GRUNDY,(319) 824-5421,Critical Access Hospitals,Voluntary non-profit - Other,Yes,,Not Available,16,8,2,0,2,0,,8,Not Available,Not Available,Not Available,Not Available,5,11,3,0,3,0,,15,Not Available,5,10,6,
161304,CHI HEALTH - MERCY CORNING,603 ROSARY DRIVE,CORNING,IA,50841,ADAMS,(641) 322-3121,Critical Access Hospitals,Voluntary non-profit - Church,Yes,,3,,8,3,0,3,0,,8,Not Available,Not Available,Not Available,Not Available,5,11,4,1,3,0,,15,5,,10,5,
161305,POCAHONTAS COMMUNITY HOSPITAL,606 N W 7TH STREET,POCAHONTAS,IA,50574,POCAHONTAS,(712) 335-3501,Critical Access Hospitals,Government - Local,Yes,,Not Available,16,8,Not Available,Not Available,Not Available,Not Available,5,8,Not Available,Not Available,Not Available,Not Available,5,11,1,0,1,0,,15,Not Available,5,10,3,
161306,JONES REGIONAL MEDICAL CENTER,1795 HIGHWAY 64 EAST,ANAMOSA,IA,52205,JONES,(319) 462-6131,Critical Access Hospitals,Voluntary non-profit - Private,Yes,,4,,8,3,0,3,0,,8,Not Available,Not Available,Not Available,Not Available,5,11,4,1,3,0,,15,5,,10,6,
161307,HANCOCK COUNTY HEALTH SYSTEM,532 1ST ST NW,BRITT,IA,50423,HANCOCK,(641) 843-5000,Critical Access Hospitals,Government - Local,Yes,,Not Available,16,8,2,0,2,0,,8,Not Available,Not Available,Not Available,Not Available,5,11,3,0,3,0,,15,Not Available,5,10,6,
161308,FRANKLIN GENERAL HOSPITAL,1720 CENTRAL AVENUE EAST,HAMPTON,IA,50441,FRANKLIN,(641) 456-5000,Critical Access Hospitals,Government - Local,Yes,,Not Available,16,8,2,0,2,0,,8,Not Available,Not Available,Not Available,Not Available,5,11,3,1,2,0,,15,Not Available,5,10,4,
161309,CHI HEALTH MISSOURI VALLEY,631 N 8TH ST,MISSOURI VALLEY,IA,51555,HARRISON,(712) 642-2784,Critical Access Hospitals,Voluntary non-profit - Private,Yes,,4,,8,3,0,3,0,,8,Not Available,Not Available,Not Available,Not Available,5,11,4,0,3,1,,15,5,,10,6,
161310,ADAIR COUNTY MEMORIAL HOSPITAL,609 SE KENT,GREENFIELD,IA,50849,ADAIR,(641) 743-2123,Critical Access Hospitals,Government - Local,Yes,,Not Available,16,8,2,0,2,0,,8,Not Available,Not Available,Not Available,Not Available,5,11,1,0,1,0,,15,Not Available,5,10,3,
161311,HAWARDEN REGIONAL HEALTHCARE,1111 11TH STREET,HAWARDEN,IA,51023,SIOUX,(712) 551-3100,Critical Access Hospitals,Government - Local,Yes,,Not Available,16,8,2,0,2,0,,8,Not Available,Not Available,Not Available,Not Available,5,11,3,1,2,0,,15,Not Available,5,10,5,
161312,GUTTENBERG MUNICIPAL HOSPITAL,200 MAIN STREET,GUTTENBERG,IA,52052,CLAYTON,(563) 252-1121,Critical Access Hospitals,Government - Local,Yes,,Not Available,16,8,1,0,1,0,,8,Not Available,Not Available,Not Available,Not Available,5,11,1,0,1,0,,15,5,,10,6,
161313,GENESIS MEDICAL CENTER-DEWITT,1118 11TH STREET,DEWITT,IA,52742,CLINTON,(563) 659-4200,Critical Access Hospitals,Voluntary non-profit - Private,Yes,,Not Available,16,8,2,0,2,0,,8,Not Available,Not Available,Not Available,Not Available,5,11,3,0,3,0,,15,Not Available,5,10,5,
161314,GUTHRIE COUNTY HOSPITAL,710 NORTH 12TH STREET,GUTHRIE CENTER,IA,50115,GUTHRIE,(641) 747-2201,Critical Access Hospitals,Voluntary non-profit - Other,Yes,,Not Available,16,8,2,0,2,0,,8,Not Available,Not Available,Not Available,Not Available,5,11,2,0,2,0,,15,Not Available,5,10,5,
161315,KEOKUK COUNTY HEALTH CENTER,23019 HIGHWAY 149,SIGOURNEY,IA,52591,KEOKUK,(641) 622-2720,Critical Access Hospitals,Government - Hospital District or Authority,Yes,,Not Available,16,8,Not Available,Not Available,Not Available,Not Available,5,8,Not Available,Not Available,Not Available,Not Available,5,11,1,0,1,0,,15,Not Available,5,10,2,
161316,GUNDERSEN PALMER LUTHERAN HOSPITAL AND CLINICS,112 JEFFERSON STREET,WEST UNION,IA,52175,FAYETTE,(563) 422-3811,Critical Access Hospitals,Voluntary non-profit - Private,Yes,,5,,8,3,0,3,0,,8,Not Available,Not Available,Not Available,Not Available,5,11,3,2,1,0,,15,Not Available,5,10,6,
161317,COMPASS MEMORIAL HEALTHCARE,300 W MAY ST,MARENGO,IA,52301,IOWA,(319) 642-5543,Critical Access Hospitals,Voluntary non-profit - Private,Yes,,4,,8,3,0,3,0,,8,Not Available,Not Available,Not Available,Not Available,5,11,5,0,5,0,,15,10,,10,4,
161318,VETERANS MEMORIAL HOSPITAL,40 1ST STREET SE,WAUKON,IA,52172,ALLAMAKEE,(563) 568-3411,Critical Access Hospitals,Government - Local,Yes,,Not Available,16,8,2,0,2,0,,8,Not Available,Not Available,Not Available,Not Available,5,11,4,0,4,0,,15,Not Available,5,10,4,
161319,MERCYONE ELKADER MEDICAL CENTER,901 DAVIDSON STREET NW,ELKADER,IA,52043,CLAYTON,(563) 245-7000,Critical Access Hospitals,Voluntary non-profit - Private,Yes,,Not Available,16,8,1,0,1,0,,8,Not Available,Not Available,Not Available,Not Available,5,11,1,0,1,0,,15,Not Available,5,10,4,
161320,COMMUNITY MEMORIAL HOSPITAL MEDICAL CENTER,909 WEST FIRST STREET,SUMNER,IA,50674,BREMER,(563) 578-3275,Critical Access Hospitals,Voluntary non-profit - Private,Yes,,Not Available,16,8,2,0,2,0,,8,Not Available,Not Available,Not Available,Not Available,5,11,3,0,3,0,,15,Not Available,5,10,4,
161321,AVERA MERRILL PIONEER HOSPITAL,1100 S 10TH AVE,ROCK RAPIDS,IA,51246,LYON,(712) 472-2591,Critical Access Hospitals,Voluntary non-profit - Private,Yes,,Not Available,16,8,1,0,1,0,,8,Not Available,Not Available,Not Available,Not Available,5,11,2,0,2,0,,15,Not Available,5,10,3,
161322,DALLAS COUNTY HOSPITAL,610 TENTH STREET,PERRY,IA,50220,DALLAS,(515) 465-3547,Critical Access Hospitals,Government - Local,Yes,,Not Available,16,8,Not Available,Not Available,Not Available,Not Available,5,8,Not Available,Not Available,Not Available,Not Available,5,11,1,0,1,0,,15,Not Available,5,10,4,
161323,MITCHELL COUNTY REGIONAL HEALTH,616 NORTH EIGHTH STREET,OSAGE,IA,50461,MITCHELL,(641) 732-6000,Critical Access Hospitals,Government - Federal,No,,3,,8,3,0,3,0,,8,Not Available,Not Available,Not Available,Not Available,5,11,4,0,3,1,,15,Not Available,5,10,5,
161324,GEORGE C GRAPE COMMUNITY HOSPITAL,2959 US HIGHWAY 275,HAMBURG,IA,51640,FREMONT,(712) 382-1515,Critical Access Hospitals,Voluntary non-profit - Private,Yes,,Not Available,16,8,2,0,2,0,,8,Not Available,Not Available,Not Available,Not Available,5,11,2,0,2,0,,15,Not Available,5,10,1,
161325,GREENE COUNTY MEDICAL CENTER,1000 WEST LINCOLN WAY,JEFFERSON,IA,50129,GREENE,(515) 386-2114,Critical Access Hospitals,Government - Local,Yes,,Not Available,16,8,2,0,2,0,,8,Not Available,Not Available,Not Available,Not Available,5,11,2,0,2,0,,15,Not Available,5,10,5,
161326,MADISON COUNTY HEALTH CARE SYSTEM,300 WEST HUTCHINGS STREET,WINTERSET,IA,50273,MADISON,(515) 462-2373,Critical Access Hospitals,Government - Local,Yes,,Not Available,16,8,2,0,2,0,,8,Not Available,Not Available,Not Available,Not Available,5,11,3,0,3,0,,15,5,,10,4,
161327,DAVIS COUNTY HOSPITAL,509 NORTH MADISON STREET,BLOOMFIELD,IA,52537,DAVIS,(641) 664-2145,Critical Access Hospitals,Government - Local,Yes,,Not Available,16,8,1,0,1,0,,8,Not Available,Not Available,Not Available,Not Available,5,11,1,0,1,0,,15,5,,10,6,
161328,REGIONAL HEALTH SERVICES OF HOWARD COUNTY,235 8TH AVENUE WEST,CRESCO,IA,52136,HOWARD,(563) 547-2101,Critical Access Hospitals,Government - Local,Yes,Y,4,,8,3,0,3,0,,8,Not Available,Not Available,Not Available,Not Available,5,11,5,1,4,0,,15,Not Available,5,10,5,
161329,JACKSON COUNTY REGIONAL HEALTH CENTER,700 W GROVE ST,MAQUOKETA,IA,52060,JACKSON,(563) 652-2474,Critical Access Hospitals,Government - Local,Yes,,Not Available,16,8,2,0,2,0,,8,Not Available,Not Available,Not Available,Not Available,5,11,2,0,2,0,,15,Not Available,5,10,7,
161330,AUDUBON COUNTY MEMORIAL HOSPITAL,515 PACIFIC AVENUE,AUDUBON,IA,50025,AUDUBON,(712) 563-2611,Critical Access Hospitals,Government - Local,Yes,,Not Available,16,8,2,0,2,0,,8,Not Available,Not Available,Not Available,Not Available,5,11,1,0,1,0,,15,Not Available,5,10,4,
161331,MERCY MEDICAL CENTER-NEW HAMPTON,308 NORTH MAPLE AVENUE,NEW HAMPTON,IA,50659,CHICKASAW,(641) 394-4121,Critical Access Hospitals,Voluntary non-profit - Church,Yes,,Not Available,16,8,2,0,2,0,,8,Not Available,Not Available,Not Available,Not Available,5,11,3,0,2,1,,15,Not Available,5,10,3,
161332,MANNING REGIONAL HEALTHCARE CENTER,1550 SIXTH STREET,MANNING,IA,51455,CARROLL,(712) 655-2072,Critical Access Hospitals,Voluntary non-profit - Private,No,,Not Available,16,8,1,0,1,0,,8,Not Available,Not Available,Not Available,Not Available,5,11,1,0,1,0,,15,Not Available,5,10,3,
161333,STORY COUNTY HOSPITAL,640 SOUTH 19TH STREET,NEVADA,IA,50201,STORY,(515) 382-2111,Critical Access Hospitals,Government - Local,Yes,,Not Available,16,8,1,0,1,0,,8,Not Available,Not Available,Not Available,Not Available,5,11,2,0,2,0,,15,Not Available,5,10,6,
161334,HUMBOLDT COUNTY MEMORIAL HOSPITAL,1000 NORTH 15TH STREET,HUMBOLDT,IA,50548,HUMBOLDT,(515) 332-4200,Critical Access Hospitals,Voluntary non-profit - Other,Yes,,Not Available,16,8,2,0,2,0,,8,Not Available,Not Available,Not Available,Not Available,5,11,3,0,2,1,,15,Not Available,5,10,5,
161335,BUCHANAN COUNTY HEALTH CENTER,1600 FIRST ST EAST,INDEPENDENCE,IA,50644,BUCHANAN,(319) 332-0999,Critical Access Hospitals,Government - Local,Yes,,Not Available,16,8,2,0,2,0,,8,Not Available,Not Available,Not Available,Not Available,5,11,3,0,3,0,,15,Not Available,5,10,5,
161336,HEGG MEMORIAL HEALTH CENTER,1202 21ST AVENUE,ROCK VALLEY,IA,51247,SIOUX,(712) 476-8000,Critical Access Hospitals,Voluntary non-profit - Private,Yes,,Not Available,16,8,2,0,2,0,,8,Not Available,Not Available,Not Available,Not Available,5,11,2,1,1,0,,15,Not Available,5,10,5,
161337,VAN BUREN COUNTY HOSPITAL,304 FRANKLIN STREET,KEOSAUQUA,IA,52565,VAN BUREN,(319) 293-3171,Critical Access Hospitals,Government - Local,Yes,,Not Available,16,8,2,0,2,0,,8,Not Available,Not Available,Not Available,Not Available,5,11,2,0,2,0,,15,Not Available,5,10,5,
161338,MERCYONE OELWEIN MEDICAL CENTER,201 EIGHTH AVENUE SE,OELWEIN,IA,50662,FAYETTE,(319) 283-6000,Critical Access Hospitals,Voluntary non-profit - Private,Yes,,Not Available,16,8,1,0,1,0,,8,Not Available,Not Available,Not Available,Not Available,5,11,1,0,1,0,,15,Not Available,5,10,4,
161339,WAVERLY HEALTH CENTER,312  9TH STREET SW,WAVERLY,IA,50677,BREMER,(319) 352-4120,Critical Access Hospitals,Government - Local,Yes,Y,5,,8,3,0,3,0,,8,1,0,1,0,,11,4,1,3,0,,15,15,,10,6,
161340,DECATUR COUNTY HOSPITAL,1405 NW CHURCH STREET,LEON,IA,50144,DECATUR,(641) 446-4871,Critical Access Hospitals,Government - Local,Yes,,Not Available,16,8,2,0,2,0,,8,Not Available,Not Available,Not Available,Not Available,5,11,2,0,1,1,,15,Not Available,5,10,4,
161341,LUCAS COUNTY HEALTH CENTER,1200 NORTH 7TH STREET,CHARITON,IA,50049,LUCAS,(641) 774-3000,Critical Access Hospitals,Voluntary non-profit - Other,Yes,,Not Available,16,8,2,0,2,0,,8,Not Available,Not Available,Not Available,Not Available,5,11,2,0,2,0,,15,Not Available,5,10,5,
161342,MONROE COUNTY HOSPITAL,6580 165TH STREET,ALBIA,IA,52531,MONROE,(641) 932-2134,Critical Access Hospitals,Government - Local,Yes,,Not Available,16,8,2,0,2,0,,8,Not Available,Not Available,Not Available,Not Available,5,11,2,0,1,1,,15,5,,10,5,
161343,REGIONAL MEDICAL CENTER,709 W MAIN STREET,MANCHESTER,IA,52057,DELAWARE,(563) 927-3232,Critical Access Hospitals,Government - Local,Yes,,4,,8,3,0,3,0,,8,Not Available,Not Available,Not Available,Not Available,5,11,5,1,4,0,,15,10,,10,5,
161344,WASHINGTON COUNTY HOSPITAL AND CLINICS,400 EAST POLK STREET,WASHINGTON,IA,52353,WASHINGTON,(319) 653-5481,Critical Access Hospitals,Government - Local,Yes,,Not Available,16,8,2,0,2,0,,8,Not Available,Not Available,Not Available,Not Available,5,11,2,1,1,0,,15,5,,10,4,
161345,OSCEOLA COMMUNITY HOSPITAL,600 9TH AVENUE NORTH,SIBLEY,IA,51249,OSCEOLA,(712) 754-2574,Critical Access Hospitals,Voluntary non-profit - Private,Yes,,Not Available,16,8,1,0,1,0,,8,Not Available,Not Available,Not Available,Not Available,5,11,2,0,2,0,,15,Not Available,5,10,4,
161346,SIOUX CENTER HEALTH,1101 9TH STREET SE,SIOUX CENTER,IA,51250,SIOUX,(712) 722-1271,Critical Access Hospitals,Voluntary non-profit - Private,Yes,,Not Available,16,8,2,0,2,0,,8,Not Available,Not Available,Not Available,Not Available,5,11,4,1,3,0,,15,10,,10,5,
161347,FLOYD COUNTY MEDICAL CENTER,800 11TH ST,CHARLES CITY,IA,50616,FLOYD,(641) 228-6830,Critical Access Hospitals,Government - Local,Yes,Y,3,,8,4,0,4,0,,8,Not Available,Not Available,Not Available,Not Available,5,11,5,1,4,0,,15,Not Available,5,10,6,
161348,CLARKE COUNTY HOSPITAL,800 S FILLMORE ST,OSCEOLA,IA,50213,CLARKE,(641) 342-2184,Critical Access Hospitals,Voluntary non-profit - Other,Yes,,5,,8,3,0,3,0,,8,Not Available,Not Available,Not Available,Not Available,5,11,3,2,1,0,,15,Not Available,5,10,6,
161349,VIRGINIA GAY HOSPITAL,502 NORTH 9TH AVENUE,VINTON,IA,52349,BENTON,(319) 472-6200,Critical Access Hospitals,Voluntary non-profit - Private,Yes,,4,,8,3,0,3,0,,8,Not Available,Not Available,Not Available,Not Available,5,11,4,0,3,1,,15,Not Available,5,10,6,
161350,STEWART MEMORIAL COMMUNITY HOSPITAL,1301 WEST MAIN STREET,LAKE CITY,IA,51449,CALHOUN,(712) 464-3171,Critical Access Hospitals,Voluntary non-profit - Private,Yes,Y,Not Available,16,8,2,0,2,0,,8,Not Available,Not Available,Not Available,Not Available,5,11,3,0,2,1,,15,Not Available,5,10,4,
161351,AVERA HOLY FAMILY HOSPITAL,826 NORTH 8TH STREET,ESTHERVILLE,IA,51334,EMMET,(712) 362-2631,Critical Access Hospitals,Voluntary non-profit - Private,Yes,,2,,8,3,0,3,0,,8,1,0,1,0,,11,5,1,3,1,,15,Not Available,5,10,5,
161352,CLARINDA REGIONAL HEALTH CENTER,220 ESSIE DAVISON DRIVE,CLARINDA,IA,51632,PAGE,(712) 542-2176,Critical Access Hospitals,Government - Local,Yes,,4,,8,4,0,4,0,,8,Not Available,Not Available,Not Available,Not Available,5,11,6,1,5,0,,15,Not Available,5,10,8,
161353,KOSSUTH REGIONAL HEALTH CENTER,1515 SOUTH PHILLIPS STREET,ALGONA,IA,50511,KOSSUTH,(515) 295-2451,Critical Access Hospitals,Government - Local,Yes,Y,1,,8,5,0,5,0,,8,1,0,0,1,,11,5,0,5,0,,15,10,,10,6,
161354,HORN MEMORIAL HOSPITAL,701 E 2ND ST,IDA GROVE,IA,51445,IDA,(712) 364-3311,Critical Access Hospitals,Voluntary non-profit - Private,Yes,,Not Available,16,8,2,0,2,0,,8,Not Available,Not Available,Not Available,Not Available,5,11,3,0,3,0,,15,Not Available,5,10,5,
161355,KNOXVILLE HOSPITAL & CLINICS,1002 SOUTH LINCOLN STREET,KNOXVILLE,IA,50138,MARION,(641) 842-2151,Critical Access Hospitals,Voluntary non-profit - Private,Yes,,2,,8,3,0,3,0,,8,1,0,1,0,,11,4,0,3,1,,15,5,,10,6,
161356,HENRY COUNTY HEALTH CENTER,407 S WHITE ST,MOUNT PLEASANT,IA,52641,HENRY,(319) 385-3141,Critical Access Hospitals,Physician,Yes,,Not Available,16,8,2,0,2,0,,8,Not Available,Not Available,Not Available,Not Available,5,11,2,1,1,0,,15,5,,10,6,
161357,PALO ALTO COUNTY HOSPITAL,3201 1ST STREET,EMMETSBURG,IA,50536,PALO ALTO,(712) 852-5500,Critical Access Hospitals,Government - Local,Yes,Y,Not Available,16,8,2,0,2,0,,8,Not Available,Not Available,Not Available,Not Available,5,11,3,0,3,0,,15,Not Available,5,10,6,
161358,WAYNE COUNTY HOSPITAL,417 SOUTH EAST STREET,CORYDON,IA,50060,WAYNE,(641) 872-2260,Critical Access Hospitals,Government - Local,Yes,,Not Available,16,8,3,0,3,0,,8,1,0,1,0,,11,6,0,6,0,,15,Not Available,5,10,1,
161359,BURGESS HEALTH CENTER,1600 DIAMOND STREET,ONAWA,IA,51040,MONONA,(712) 423-2311,Critical Access Hospitals,Voluntary non-profit - Private,Yes,,3,,8,3,0,3,0,,8,Not Available,Not Available,Not Available,Not Available,5,11,4,0,3,1,,15,10,,10,5,
161360,ORANGE CITY AREA HEALTH SYSTEM,1000 LINCOLN CIRCLE SE,ORANGE CITY,IA,51041,SIOUX,(712) 737-2000,Critical Access Hospitals,Voluntary non-profit - Other,Yes,,3,,8,3,0,3,0,,8,Not Available,Not Available,Not Available,Not Available,5,11,4,0,2,2,,15,10,,10,4,
161361,VAN DIEST MEDICAL CENTER,2350 HOSPITAL DRIVE,WEBSTER CITY,IA,50595,HAMILTON,(515) 832-9400,Critical Access Hospitals,Voluntary non-profit - Other,Yes,,5,,8,3,0,3,0,,8,Not Available,Not Available,Not Available,Not Available,5,11,3,2,1,0,,15,10,,10,5,
161362,CHEROKEE REGIONAL MEDICAL CENTER,300 SIOUX VALLEY DRIVE,CHEROKEE,IA,51012,CHEROKEE,(712) 225-5101,Critical Access Hospitals,Voluntary non-profit - Private,Yes,Y,2,,8,3,0,1,2,,8,Not Available,Not Available,Not Available,Not Available,5,11,5,0,4,1,,15,Not Available,5,10,6,
161363,MONTGOMERY COUNTY MEMORIAL HOSPITAL,2301 EASTERN AVENUE,RED OAK,IA,51566,MONTGOMERY,(712) 623-7000,Critical Access Hospitals,Government - Local,Yes,,Not Available,16,8,2,0,2,0,,8,Not Available,Not Available,Not Available,Not Available,5,11,5,0,4,1,,15,Not Available,5,10,5,
161364,JEFFERSON COUNTY HEALTH CENTER,2000 S MAIN,FAIRFIELD,IA,52556,JEFFERSON,(641) 472-4111,Critical Access Hospitals,Government - Local,Yes,,2,,8,3,0,3,0,,8,Not Available,Not Available,Not Available,Not Available,5,11,6,0,4,2,,15,15,,10,7,
161365,GREATER REGIONAL MEDICAL CENTER,1700 WEST TOWNLINE STREET,CRESTON,IA,50801,UNION,(641) 782-7091,Critical Access Hospitals,Government - Local,Yes,Y,3,,8,5,0,4,1,,8,1,0,1,0,,11,7,0,7,0,,15,10,,10,7,
161366,SHENANDOAH MEDICAL CENTER,300 PERSHING AVENUE,SHENANDOAH,IA,51601,PAGE,(712) 246-1230,Critical Access Hospitals,Voluntary non-profit - Private,Yes,,Not Available,16,8,2,0,2,0,,8,Not Available,Not Available,Not Available,Not Available,5,11,5,0,4,1,,15,5,,10,5,
161367,PELLA REGIONAL HEALTH CENTER,404 JEFFERSON STREET,PELLA,IA,50219,MARION,(641) 628-3150,Critical Access Hospitals,Voluntary non-profit - Private,Yes,,4,,8,4,0,4,0,,8,1,0,1,0,,11,7,2,5,0,,15,15,,10,6,
161368,FLOYD VALLEY HEALTHCARE,714 LINCOLN ST NE,LE MARS,IA,51031,PLYMOUTH,(712) 546-7871,Critical Access Hospitals,Government - Local,Yes,Y,3,,8,3,0,3,0,,8,1,0,1,0,,11,4,1,3,0,,15,10,,10,5,
161369,CRAWFORD COUNTY MEMORIAL HOSPITAL,100 MEDICAL PARKWAY,DENISON,IA,51442,CRAWFORD,(712) 263-2500,Critical Access Hospitals,Government - Local,Yes,,2,,8,3,0,3,0,,8,Not Available,Not Available,Not Available,Not Available,5,11,4,0,4,0,,15,5,,10,6,
161370,LORING HOSPITAL,211 HIGHLAND AVENUE PO BOX 217,SAC CITY,IA,50583,SAC,(712) 662-7105,Critical Access Hospitals,Voluntary non-profit - Private,Yes,,Not Available,16,8,2,0,2,0,,8,Not Available,Not Available,Not Available,Not Available,5,11,3,1,2,0,,15,Not Available,5,10,5,
161371,WINNMED,901 MONTGOMERY STREET,DECORAH,IA,52101,WINNESHIEK,(563) 382-2911,Critical Access Hospitals,Government - Local,Yes,Y,4,,8,4,0,4,0,,8,1,0,1,0,,11,7,0,7,0,,15,10,,10,5,
161372,BOONE COUNTY HOSPITAL,1015 UNION STREET,BOONE,IA,50036,BOONE,(515) 432-3140,Critical Access Hospitals,Voluntary non-profit - Other,Yes,,Not Available,16,8,2,0,2,0,,8,Not Available,Not Available,Not Available,Not Available,5,11,2,0,2,0,,15,5,,10,6,
161373,RINGGOLD COUNTY HOSPITAL,504 NORTH CLEVELAND STREET,MOUNT AYR,IA,50854,RINGGOLD,(641) 464-3226,Critical Access Hospitals,Government - State,Yes,,Not Available,16,8,2,0,2,0,,8,Not Available,Not Available,Not Available,Not Available,5,11,2,0,2,0,,15,Not Available,5,10,5,
161374,MYRTUE MEDICAL CENTER,1213 GARFIELD AVENUE,HARLAN,IA,51537,SHELBY,(712) 755-5161,Critical Access Hospitals,Voluntary non-profit - Other,Yes,Y,3,,8,4,0,4,0,,8,Not Available,Not Available,Not Available,Not Available,5,11,6,0,6,0,,15,10,,10,7,
161375,BUENA VISTA REGIONAL MEDICAL CENTER,1525 WEST 5TH STREET,STORM LAKE,IA,50588,BUENA VISTA,(712) 732-4030,Critical Access Hospitals,Government - Local,Yes,,2,,8,3,0,1,2,,8,2,0,2,0,,11,6,0,6,0,,15,10,,10,4,
161376,CASS COUNTY MEMORIAL HOSPITAL,1501 EAST TENTH STREET,ATLANTIC,IA,50022,CASS,(712) 243-3250,Critical Access Hospitals,Government - Local,Yes,Y,5,,8,4,0,4,0,,8,3,0,3,0,,11,6,2,4,0,,15,15,,10,7,
161377,MERCYONE CENTERVILLE MEDICAL CENTER,ONE ST JOSEPH'S DRIVE,CENTERVILLE,IA,52544,APPANOOSE,(641) 437-4111,Critical Access Hospitals,Voluntary non-profit - Private,Yes,,Not Available,16,8,2,0,2,0,,8,Not Available,Not Available,Not Available,Not Available,5,11,4,1,3,0,,15,5,,10,5,
161378,MERCYONE DYERSVILLE MEDICAL CENTER,1111 3RD STREET SW,DYERSVILLE,IA,52040,DUBUQUE,(563) 875-2900,Critical Access Hospitals,Voluntary non-profit - Private,Yes,,Not Available,16,8,Not Available,Not Available,Not Available,Not Available,5,8,Not Available,Not Available,Not Available,Not Available,5,11,1,0,1,0,,15,Not Available,5,10,3,
161379,MAHASKA  HEALTH PARTNERSHIP,1229 C AVENUE EAST,OSKALOOSA,IA,52577,MAHASKA,(641) 672-3100,Critical Access Hospitals,Government - Local,Yes,Y,4,,8,5,0,5,0,,8,Not Available,Not Available,Not Available,Not Available,5,11,4,1,3,0,,15,10,,10,5,
161380,HANSEN FAMILY HOSPITAL,920 SOUTH OAK STREET,IOWA FALLS,IA,50126,HARDIN,(641) 648-4631,Critical Access Hospitals,Government - Local,Yes,,Not Available,16,8,2,0,2,0,,8,Not Available,Not Available,Not Available,Not Available,5,11,3,1,2,0,,15,Not Available,5,10,5,
161381,SANFORD SHELDON MEDICAL CENTER,"118 NORTH SEVENTH AVENUE, PO BOX 250",SHELDON,IA,51201,OBRIEN,(712) 324-5041,Critical Access Hospitals,Voluntary non-profit - Private,Yes,,Not Available,16,8,2,0,2,0,,8,Not Available,Not Available,Not Available,Not Available,5,11,2,0,2,0,,15,Not Available,5,10,4,
161382,ST ANTHONY REGIONAL HOSPITAL & NURSING HOME,311 SOUTH CLARK STREET,CARROLL,IA,51401,CARROLL,(712) 792-3581,Critical Access Hospitals,Voluntary non-profit - Private,Yes,,2,,8,4,0,2,2,,8,1,0,1,0,,11,8,0,8,0,,15,15,,10,5,
164002,MENTAL HEALTH INSTITUTE,1251 NORTH CEDAR LOOP,CHEROKEE,IA,51012,CHEROKEE,(712) 225-2594,Psychiatric,Government - State,Yes,,Not Available,19,Not Available,Not Available,Not Available,Not Available,Not Available,19,Not Available,Not Available,Not Available,Not Available,Not Available,19,Not Available,Not Available,Not Available,Not Available,Not Available,19,Not Available,Not Available,19,Not Available,Not Available,19
164003,MENTAL HEALTH INSTITUTE,2277 IOWA AVENUE,INDEPENDENCE,IA,50644,BUCHANAN,(319) 334-2583,Psychiatric,Government - State,No,,Not Available,19,Not Available,Not Available,Not Available,Not Available,Not Available,19,Not Available,Not Available,Not Available,Not Available,Not Available,19,Not Available,Not Available,Not Available,Not Available,Not Available,19,Not Available,Not Available,19,Not Available,Not Available,19
164006,EAGLE VIEW BEHAVIORAL HEALTH,770 TANGLEFOOT LANE,BETTENDORF,IA,52722,SCOTT,(563) 396-2100,Psychiatric,Proprietary,No,,Not Available,19,Not Available,Not Available,Not Available,Not Available,Not Available,19,Not Available,Not Available,Not Available,Not Available,Not Available,19,Not Available,Not Available,Not Available,Not Available,Not Available,19,Not Available,Not Available,19,Not Available,Not Available,19
164007,CLIVE BEHAVIORAL HEALTH,1450 NW 114TH STREET,CLIVE,IA,50325,POLK,(844) 680-0504,Psychiatric,Proprietary,No,,Not Available,19,Not Available,Not Available,Not Available,Not Available,Not Available,19,Not Available,Not Available,Not Available,Not Available,Not Available,19,Not Available,Not Available,Not Available,Not Available,Not Available,19,Not Available,Not Available,19,Not Available,Not Available,19
170006,"MERCY HOSPITAL PITTSBURG, INC",1 MT CARMEL WAY,PITTSBURG,KS,66762,CRAWFORD,(620) 231-6100,Acute Care Hospitals,Voluntary non-profit - Church,Yes,Y,3,29,8,6,0,5,1,29,8,2,0,2,0,29,11,10,1,9,0,29,15,10,29,10,8,29
170009,SAINT JOHN HOSPITAL,3500 SOUTH 4TH STREET,LEAVENWORTH,KS,66048,LEAVENWORTH,(913) 680-6000,Acute Care Hospitals,Voluntary non-profit - Other,Yes,,3,,8,3,0,3,0,,8,1,0,1,0,,11,4,1,3,0,,15,15,,10,8,
170012,SALINA REGIONAL HEALTH CENTER,400 SOUTH SANTA FE AVENUE,SALINA,KS,67401,SALINE,(785) 452-7000,Acute Care Hospitals,Voluntary non-profit - Private,Yes,Y,3,,8,8,0,7,1,,8,6,0,6,0,,11,11,3,8,0,,15,15,,10,10,
170013,HAYS MEDICAL CENTER,2220 CANTERBURY DRIVE,HAYS,KS,67601,ELLIS,(785) 623-5000,Acute Care Hospitals,Voluntary non-profit - Other,Yes,Y,3,,8,8,0,7,1,,8,5,1,4,0,,11,11,1,8,2,,15,15,,10,9,
170014,ADVENTHEALTH OTTAWA,1301 S MAIN STREET,OTTAWA,KS,66067,FRANKLIN,(785) 229-8200,Acute Care Hospitals,Government - Local,No,,3,,8,4,0,4,0,,8,1,0,1,0,,11,8,0,7,1,,15,15,,10,8,
170016,UNIVERSITY OF KANSAS HEALTH SYSTEM - ST FRANCIS CAMPUS,1700 SW 7TH STREET,TOPEKA,KS,66606,SHAWNEE,(785) 295-8000,Acute Care Hospitals,Voluntary non-profit - Church,Yes,Y,3,,8,8,0,8,0,,8,7,0,7,0,,11,11,1,10,0,,15,15,,10,10,
170017,SUSAN B ALLEN MEMORIAL HOSPITAL,720 W CENTRAL ST,EL DORADO,KS,67042,BUTLER,(316) 321-3300,Acute Care Hospitals,Voluntary non-profit - Private,Yes,Y,Not Available,16,8,2,0,2,0,,8,2,0,1,1,,11,4,0,4,0,,15,15,,10,8,
170020,HUTCHINSON REGIONAL MEDICAL CENTER INC,1701 E 23RD AVENUE,HUTCHINSON,KS,67502,RENO,(620) 665-2000,Acute Care Hospitals,Voluntary non-profit - Private,Yes,Y,2,,8,8,0,5,3,,8,6,0,6,0,,11,11,1,10,0,,15,15,,10,8,
170023,ST. CATHERINE HOSPITAL - GARDEN CITY,401 EAST SPRUCE,GARDEN CITY,KS,67846,FINNEY,(620) 225-8400,Acute Care Hospitals,Voluntary non-profit - Church,Yes,Y,2,,8,6,0,6,0,,8,4,0,4,0,,11,8,0,7,1,,15,15,,10,8,
170027,PRATT REGIONAL MEDICAL CENTER,200 COMMODORE ST,PRATT,KS,67124,PRATT,(620) 450-1160,Acute Care Hospitals,Proprietary,Yes,Y,4,,8,4,0,4,0,,8,3,0,3,0,,11,7,0,6,1,,15,15,,10,8,
17002F,Irwin ACH (FT Riley),650 Huebner Rd,Fort Riley,KS,66442,GEARY,(785) 239-7000,Acute Care - Department of Defense,Department of Defense,Yes,,Not Available,22,Not Available,Not Available,Not Available,Not Available,Not Available,22,Not Available,Not Available,Not Available,Not Available,Not Available,22,Not Available,Not Available,Not Available,Not Available,Not Available,22,Not Available,Not Available,22,Not Available,Not Available,22
170040,UNIVERSITY OF KANSAS HOSPITAL,4000 CAMBRIDGE STREET,KANSAS CITY,KS,66160,WYANDOTTE,(913) 588-5000,Acute Care Hospitals,Government - Hospital District or Authority,Yes,Y,5,,8,8,4,3,1,,8,7,4,3,0,,11,10,5,3,2,,15,15,,10,9,
170049,UNIVERSITY OF KANSAS HEALTH SYSTEM OLATHE HOSPITAL,20333 WEST 151ST STREET,OLATHE,KS,66061,JOHNSON,(913) 355-4200,Acute Care Hospitals,Voluntary non-profit - Private,Yes,Y,4,,8,8,0,8,0,,8,6,1,5,0,,11,10,2,8,0,,15,15,,10,9,
17005F,VA EASTERN KANSAS HEALTHCARE SYSTEM,2200 SW GAGE BOULEVARD,TOPEKA,KS,66622,SHAWNEE,(913) 682-2000,Acute Care - Veterans Administration,Veterans Health Administration,Yes,,4,,8,3,0,3,0,,8,1,0,1,0,,11,4,1,3,0,,15,10,,10,3,
170068,SOUTHWEST MEDICAL CENTER,315 WEST 15TH STREET,LIBERAL,KS,67901,SEWARD,(620) 624-1651,Acute Care Hospitals,Government - Local,Yes,Y,1,,8,4,0,4,0,,8,4,1,2,1,,11,7,0,5,2,,15,15,,10,7,
170074,"STORMONT VAIL HEALTH FLINT HILLS, LLC",1102 ST MARY'S ROAD,JUNCTION CITY,KS,66441,GEARY,(785) 238-4131,Acute Care Hospitals,Voluntary non-profit - Private,Yes,Y,4,,8,3,0,3,0,,8,2,0,2,0,,11,5,1,3,1,,15,15,,10,9,
170086,STORMONT VAIL HOSPITAL,1500 SW 10TH AVENUE,TOPEKA,KS,66604,SHAWNEE,(785) 354-6121,Acute Care Hospitals,Voluntary non-profit - Private,Yes,Y,4,,8,8,0,8,0,,8,8,2,6,0,,11,11,3,7,1,,15,15,,10,9,
17008F,WICHITA VA MEDICAL CENTER,5500 E. KELLOG,WICHITA,KS,67218,SEDGWICK,(316) 685-2221,Acute Care - Veterans Administration,Veterans Health Administration,Yes,,5,,8,4,2,2,0,,8,3,0,3,0,,11,6,2,4,0,,15,10,,10,3,
170103,NMC HEALTH,600 MEDICAL CENTER DRIVE,NEWTON,KS,67114,HARVEY,(316) 283-2700,Acute Care Hospitals,Voluntary non-profit - Private,Yes,Y,5,,8,5,0,5,0,,8,5,0,5,0,,11,7,0,6,1,,15,15,,10,8,
170104,ADVENTHEALTH SHAWNEE MISSION,9100 W 74TH STREET,SHAWNEE MISSION,KS,66204,JOHNSON,(913) 676-2152,Acute Care Hospitals,Voluntary non-profit - Private,Yes,Y,3,,8,8,0,8,0,,8,8,1,7,0,,11,11,2,8,1,,15,15,,10,10,
170105,MCPHERSON HOSPITAL,1000 HOSPITAL DRIVE,MCPHERSON,KS,67460,MCPHERSON,(620) 241-2250,Acute Care Hospitals,Voluntary non-profit - Private,Yes,Y,2,,8,4,0,4,0,,8,2,0,2,0,,11,6,2,4,0,,15,15,,10,7,
170109,MIAMI COUNTY MEDICAL CENTER,2100 BAPTISTE DR,PAOLA,KS,66071,MIAMI,(913) 294-2327,Acute Care Hospitals,Voluntary non-profit - Private,Yes,,Not Available,16,8,2,0,2,0,,8,1,0,1,0,,11,4,1,3,0,,15,5,,10,7,
170120,LABETTE HEALTH,1902 SOUTH US HWY 59,PARSONS,KS,67357,LABETTE,(620) 421-4880,Acute Care Hospitals,Government - Local,Yes,Y,3,,8,4,0,4,0,,8,2,0,2,0,,11,7,2,5,0,,15,15,,10,8,
170122,"ASCENSION VIA CHRISTI HOSPITALS WICHITA, INC.",929 NORTH ST FRANCIS STREET,WICHITA,KS,67214,SEDGWICK,(316) 268-5000,Acute Care Hospitals,Voluntary non-profit - Private,Yes,Y,2,29,8,8,0,8,0,29,8,7,2,5,0,29,11,9,0,8,1,29,15,10,29,10,7,29
170123,WESLEY MEDICAL CENTER,550 N HILLSIDE STREET,WICHITA,KS,67214,SEDGWICK,(316) 962-2000,Acute Care Hospitals,Proprietary,Yes,Y,4,,8,8,1,7,0,,8,8,3,5,0,,11,11,4,7,0,,15,15,,10,8,
170137,LMH,325 MAINE STREET,LAWRENCE,KS,66044,DOUGLAS,(785) 505-5000,Acute Care Hospitals,Government - Local,Yes,Y,4,,8,7,0,7,0,,8,6,1,5,0,,11,10,2,7,1,,15,15,,10,10,
170142,"ASCENSION VIA CHRISTI HOSPITAL MANHATTAN, INC",1823 COLLEGE AVENUE,MANHATTAN,KS,66502,RILEY,(785) 776-3322,Acute Care Hospitals,Voluntary non-profit - Private,Yes,Y,4,29,8,6,0,6,0,29,8,3,0,3,0,29,11,7,2,5,0,29,15,10,29,10,7,29
170146,PROVIDENCE MEDICAL CENTER,8929 PARALLEL PARKWAY,KANSAS CITY,KS,66112,WYANDOTTE,(913) 596-4000,Acute Care Hospitals,Voluntary non-profit - Church,Yes,,3,,8,7,0,7,0,,8,6,1,5,0,,11,8,0,7,1,,15,15,,10,8,
170175,CENTURA ST. CATHERINE-DODGE CITY,3001 AVENUE A,DODGE CITY,KS,67801,FORD,(620) 225-8400,Acute Care Hospitals,Proprietary,Yes,Y,3,,8,5,0,5,0,,8,2,0,2,0,,11,6,1,4,1,,15,5,,10,7,
170176,OVERLAND PARK REG MED CTR,10500 QUIVIRA ROAD,OVERLAND PARK,KS,66215,JOHNSON,(913) 541-5000,Acute Care Hospitals,Proprietary,Yes,Y,4,,8,8,0,8,0,,8,8,1,7,0,,11,11,1,8,2,,15,15,,10,9,
170182,MENORAH MEDICAL CENTER,5721 WEST 119TH STREET,OVERLAND PARK,KS,66209,JOHNSON,(913) 498-6773,Acute Care Hospitals,Proprietary,Yes,,3,,8,7,0,7,0,,8,7,1,6,0,,11,9,1,7,1,,15,15,,10,8,
170183,KANSAS SURGERY & RECOVERY CENTER,2770 NORTH WEBB ROAD,WICHITA,KS,67226,SEDGWICK,(316) 634-0090,Acute Care Hospitals,Voluntary non-profit - Private,No,,Not Available,16,8,1,0,1,0,,8,2,1,1,0,,11,3,1,2,0,,15,10,,10,2,
170185,SAINT LUKE'S SOUTH HOSPITAL,12300 METCALF AVENUE,OVERLAND PARK,KS,66213,JOHNSON,(913) 317-7000,Acute Care Hospitals,Voluntary non-profit - Other,Yes,,4,,8,6,0,6,0,,8,4,0,4,0,,11,8,1,7,0,,15,15,,10,9,
170186,KANSAS HEART HOSPITAL,3601 NORTH WEBB ROAD,WICHITA,KS,67226,SEDGWICK,(316) 630-5000,Acute Care Hospitals,Proprietary,No,,4,,8,4,0,4,0,,8,4,0,4,0,,11,5,1,4,0,,15,15,,10,3,
170187,SALINA SURGICAL HOSPITAL,401 SOUTH SANTA FE AVENUE,SALINA,KS,67401,SALINE,(785) 827-0610,Acute Care Hospitals,Physician,No,,Not Available,16,8,1,0,1,0,,8,2,0,2,0,,11,4,0,4,0,,15,15,,10,3,
170188,KANSAS CITY ORTHOPAEDIC INSTITUTE,3651 COLLEGE BLVD,LEAWOOD,KS,66211,JOHNSON,(913) 319-7633,Acute Care Hospitals,Physician,No,,Not Available,16,8,1,0,1,0,,8,2,1,1,0,,11,3,1,2,0,,15,15,,10,3,
170190,MANHATTAN SURGICAL HOSPITAL LLC,1829 COLLEGE AVENUE,MANHATTAN,KS,66502,RILEY,(785) 776-5100,Acute Care Hospitals,Physician,No,,Not Available,16,8,1,0,1,0,,8,2,0,2,0,,11,4,0,4,0,,15,15,,10,3,
170191,UNIVERSITY  OF KS HLTH SYSTEM GREAT BEND CAMPUS,514 CLEVELAND STREET,GREAT BEND,KS,67530,BARTON,(620) 792-8830,Acute Care Hospitals,Government - Hospital District or Authority,Yes,Y,4,,8,4,0,4,0,,8,2,0,2,0,,11,6,0,6,0,,15,15,,10,8,
170194,ASCENTIST HOSPITAL LLC,4901 COLLEGE BLVD,LEAWOOD,KS,66211,JOHNSON,(913) 529-1801,Acute Care Hospitals,Proprietary,No,,Not Available,16,8,1,0,1,0,,8,1,0,1,0,,11,2,0,2,0,,15,15,,10,2,
170196,"KANSAS SPINE & SPECIALTY HOSPITAL, LLC",3333 NORTH WEBB ROAD,WICHITA,KS,67226,SEDGWICK,(316) 462-5310,Acute Care Hospitals,Physician,No,,Not Available,16,8,1,0,1,0,,8,2,0,2,0,,11,3,0,2,1,,15,15,,10,2,
170197,KANSAS MEDICAL CENTER LLC,1124 WEST 21ST STREET,ANDOVER,KS,67002,BUTLER,(316) 300-4000,Acute Care Hospitals,Proprietary,Yes,,2,,8,7,0,7,0,,8,4,0,4,0,,11,8,1,6,1,,15,15,,10,8,
170198,"SUMMIT SURGICAL, LLC",1818 EAST 23RD AVENUE,HUTCHINSON,KS,67502,RENO,(620) 663-4800,Acute Care Hospitals,Physician,No,,Not Available,16,8,1,0,1,0,,8,2,0,2,0,,11,4,0,4,0,,15,15,,10,3,
170199,MINIMALLY INVASIVE SURGERY HOSPITAL,11217 LAKEVIEW AVENUE,LENEXA,KS,66219,JOHNSON,(913) 322-7401,Acute Care Hospitals,Proprietary,No,,Not Available,16,8,Not Available,Not Available,Not Available,Not Available,5,8,1,0,1,0,,11,Not Available,Not Available,Not Available,Not Available,5,15,Not Available,5,10,1,
170200,"VIA CHRISTI HOSPITAL WICHITA ST TERESA, INC",14800 WEST TERESA ST,WICHITA,KS,67235,SEDGWICK,(316) 268-5000,Acute Care Hospitals,Voluntary non-profit - Church,Yes,,4,29,8,5,0,5,0,29,8,3,0,3,0,29,11,6,1,5,0,29,15,10,29,10,7,29
170203,MERCY SPECIALTY HOSPITAL SOUTHEAST KANSAS,1619 K 66,GALENA,KS,66739,CHEROKEE,(620) 783-1732,Acute Care Hospitals,Voluntary non-profit - Private,No,,Not Available,16,8,1,0,1,0,,8,2,0,2,0,,11,4,1,3,0,,15,5,,10,5,
170204,"ROCK REGIONAL HOSPITAL, LLC",3251 NORTH ROCK ROAD,DERBY,KS,67037,SEDGWICK,(316) 425-2400,Acute Care Hospitals,Proprietary,Yes,,4,,8,4,0,4,0,,8,1,0,1,0,,11,6,1,5,0,,15,15,,10,7,
170208,"ADVENTHEALTH SOUTH OVERLAND PARK, INC",7820 W 165TH STREET,OVERLAND PARK,KS,66223,JOHNSON,(913) 373-2000,Acute Care Hospitals,Voluntary non-profit - Private,Yes,Y,4,,8,3,0,3,0,,8,2,0,2,0,,11,5,0,4,1,,15,15,,10,8,
170779,SCK HEALTH,6401 PATTERSON PARKWAY,ARKANSAS CITY,KS,67005,COWLEY,(620) 442-2500,Rural Emergency Hospital,Government - Local,Yes,,Not Available,19,Not Available,Not Available,Not Available,Not Available,Not Available,19,Not Available,Not Available,Not Available,Not Available,Not Available,19,Not Available,Not Available,Not Available,Not Available,Not Available,19,Not Available,Not Available,19,Not Available,Not Available,19
170780,"MERCY HOSPITAL, INC",218 E PACK STREET,MOUNDRIDGE,KS,67107,MCPHERSON,(620) 345-6391,Rural Emergency Hospital,Voluntary non-profit - Church,Yes,,Not Available,19,Not Available,Not Available,Not Available,Not Available,Not Available,19,Not Available,Not Available,Not Available,Not Available,Not Available,19,Not Available,Not Available,Not Available,Not Available,Not Available,19,Not Available,Not Available,19,Not Available,Not Available,19
170781,RUSH COUNTY MEMORIAL HOSPITAL,801 LOCUST ST,LA CROSSE,KS,67548,RUSH,(785) 222-2545,Rural Emergency Hospital,Government - Local,Yes,,Not Available,19,Not Available,Not Available,Not Available,Not Available,Not Available,19,Not Available,Not Available,Not Available,Not Available,Not Available,19,Not Available,Not Available,Not Available,Not Available,Not Available,19,Not Available,Not Available,19,Not Available,Not Available,19
171300,GRISELL MEMORIAL HOSPITAL,210 SOUTH VERMONT AVENUE,RANSOM,KS,67572,NESS,(785) 731-2231,Critical Access Hospitals,Government - Hospital District or Authority,Yes,,Not Available,16,8,Not Available,Not Available,Not Available,Not Available,5,8,1,0,1,0,,11,Not Available,Not Available,Not Available,Not Available,5,15,Not Available,5,10,3,
171301,ELLINWOOD DISTRICT HOSPITAL,605 N MAIN STREET,ELLINWOOD,KS,67526,BARTON,(620) 564-2548,Critical Access Hospitals,Government - Hospital District or Authority,Yes,,Not Available,16,8,1,0,1,0,,8,Not Available,Not Available,Not Available,Not Available,5,11,1,0,1,0,,15,Not Available,5,10,2,
171303,LANE COUNTY HOSPITAL,235 WEST VINE  PO BOX 969,DIGHTON,KS,67839,LANE,(620) 397-5321,Critical Access Hospitals,Government - Hospital District or Authority,Yes,,Not Available,16,8,Not Available,Not Available,Not Available,Not Available,5,8,Not Available,Not Available,Not Available,Not Available,5,11,Not Available,Not Available,Not Available,Not Available,5,15,Not Available,5,10,3,
171304,ASHLAND HEALTH CENTER,625 SOUTH KENTUCKY STREET,ASHLAND,KS,67831,CLARK,(620) 635-2241,Critical Access Hospitals,Voluntary non-profit - Other,Yes,,Not Available,16,8,Not Available,Not Available,Not Available,Not Available,5,8,Not Available,Not Available,Not Available,Not Available,5,11,Not Available,Not Available,Not Available,Not Available,5,15,Not Available,5,10,3,
171306,WICHITA COUNTY HEALTH CENTER,211 E EARL STREET,LEOTI,KS,67861,WICHITA,(620) 375-2233,Critical Access Hospitals,Government - Local,Yes,,Not Available,16,8,Not Available,Not Available,Not Available,Not Available,5,8,Not Available,Not Available,Not Available,Not Available,5,11,1,0,1,0,,15,Not Available,5,10,3,
171307,RAWLINS COUNTY HEALTH CENTER,707 GRANT ST,ATWOOD,KS,67730,RAWLINS,(785) 626-3211,Critical Access Hospitals,Voluntary non-profit - Other,Yes,,Not Available,16,8,1,0,1,0,,8,Not Available,Not Available,Not Available,Not Available,5,11,1,0,1,0,,15,Not Available,5,10,5,
171308,MERCY HOSPITAL COLUMBUS,220 N PENNSYLVANIA AVENUE,COLUMBUS,KS,66725,CHEROKEE,(620) 429-2545,Critical Access Hospitals,Voluntary non-profit - Church,Yes,,Not Available,16,8,Not Available,Not Available,Not Available,Not Available,5,8,Not Available,Not Available,Not Available,Not Available,5,11,Not Available,Not Available,Not Available,Not Available,5,15,Not Available,5,10,4,
171309,JEWELL COUNTY HOSPITAL,100 CRESTVUE AVE,MANKATO,KS,66956,JEWELL,(785) 378-3137,Critical Access Hospitals,Government - Local,Yes,,Not Available,16,8,Not Available,Not Available,Not Available,Not Available,5,8,1,0,1,0,,11,1,0,1,0,,15,Not Available,5,10,2,
171310,CHEYENNE COUNTY HOSPITAL,210 WEST 1ST STREET,ST FRANCIS,KS,67756,CHEYENNE,(785) 332-2104,Critical Access Hospitals,Voluntary non-profit - Private,Yes,,Not Available,16,8,2,0,2,0,,8,Not Available,Not Available,Not Available,Not Available,5,11,2,0,2,0,,15,Not Available,5,10,4,
171311,ROOKS COUNTY HEALTH CENTER,1210 NORTH WASHINGTON,PLAINVILLE,KS,67663,ROOKS,(785) 688-4401,Critical Access Hospitals,Government - Hospital District or Authority,Yes,,Not Available,16,8,2,0,2,0,,8,Not Available,Not Available,Not Available,Not Available,5,11,3,1,2,0,,15,Not Available,5,10,4,
171312,COMANCHE COUNTY HOSPITAL,202 S FRISCO STREET,COLDWATER,KS,67029,COMANCHE,(620) 582-2144,Critical Access Hospitals,Government - Local,Yes,,Not Available,16,8,1,0,1,0,,8,Not Available,Not Available,Not Available,Not Available,5,11,1,0,1,0,,15,Not Available,5,10,3,
171313,KEARNY COUNTY HOSPITAL,500 EAST THORPE STREET,LAKIN,KS,67860,KEARNY,(620) 355-7111,Critical Access Hospitals,Government - Local,Yes,Y,Not Available,16,8,2,0,2,0,,8,Not Available,Not Available,Not Available,Not Available,5,11,2,1,1,0,,15,Not Available,5,10,5,
171314,F W HUSTON MEDICAL CENTER,408 DELAWARE STREET,WINCHESTER,KS,66097,JEFFERSON,(913) 774-4340,Critical Access Hospitals,Voluntary non-profit - Private,Yes,,Not Available,16,8,Not Available,Not Available,Not Available,Not Available,5,8,Not Available,Not Available,Not Available,Not Available,5,11,Not Available,Not Available,Not Available,Not Available,5,15,Not Available,5,10,3,
171315,NEMAHA VALLEY COMMUNITY HOSPITAL,1600 COMMUNITY DR,SENECA,KS,66538,NEMAHA,(785) 336-6181,Critical Access Hospitals,Voluntary non-profit - Private,Yes,Y,Not Available,16,8,2,0,1,1,,8,Not Available,Not Available,Not Available,Not Available,5,11,3,1,2,0,,15,Not Available,5,10,7,
171316,ANDERSON COUNTY HOSPITAL,421 S MAPLE,GARNETT,KS,66032,ANDERSON,(785) 448-3131,Critical Access Hospitals,Voluntary non-profit - Private,Yes,,Not Available,16,8,1,0,1,0,,8,Not Available,Not Available,Not Available,Not Available,5,11,2,0,2,0,,15,5,,10,5,
171317,EDWARDS COUNTY MEDICAL CENTER,620 WEST EIGHTH STREET,KINSLEY,KS,67547,EDWARDS,(620) 659-3621,Critical Access Hospitals,Government - Local,No,,Not Available,16,8,Not Available,Not Available,Not Available,Not Available,5,8,Not Available,Not Available,Not Available,Not Available,5,11,Not Available,Not Available,Not Available,Not Available,5,15,Not Available,5,10,3,
171318,SEDAN CITY HOSPITAL,300 W NORTH STREET,SEDAN,KS,67361,CHAUTAUQUA,(620) 725-3115,Critical Access Hospitals,Government - Local,Yes,,Not Available,16,8,2,0,2,0,,8,Not Available,Not Available,Not Available,Not Available,5,11,2,1,1,0,,15,Not Available,5,10,3,
171319,HOLTON COMMUNITY HOSPITAL,1110 COLUMBINE DRIVE,HOLTON,KS,66436,JACKSON,(785) 364-2116,Critical Access Hospitals,Voluntary non-profit - Private,Yes,,Not Available,16,8,2,0,2,0,,8,Not Available,Not Available,Not Available,Not Available,5,11,2,0,2,0,,15,Not Available,5,10,6,
171321,MEADE DISTRICT HOSPITAL,510 EAST CARTHAGE,MEADE,KS,67864,MEADE,(620) 873-2141,Critical Access Hospitals,Government - Hospital District or Authority,Yes,,Not Available,16,8,1,0,1,0,,8,Not Available,Not Available,Not Available,Not Available,5,11,1,0,1,0,,15,Not Available,5,10,4,
171322,HAMILTON COUNTY HOSPITAL,700 NORTH HUSER STREET,SYRACUSE,KS,67878,HAMILTON,(620) 384-7461,Critical Access Hospitals,Government - Local,Yes,,Not Available,16,8,1,0,1,0,,8,Not Available,Not Available,Not Available,Not Available,5,11,1,0,1,0,,15,Not Available,5,10,4,
171323,STAFFORD COUNTY HOSPITAL,502 S BUCKEYE,STAFFORD,KS,67578,STAFFORD,(620) 234-5221,Critical Access Hospitals,Government - Local,Yes,,Not Available,16,8,Not Available,Not Available,Not Available,Not Available,5,8,Not Available,Not Available,Not Available,Not Available,5,11,1,0,1,0,,15,Not Available,5,10,3,
171324,"SATANTA DISTRICT HOSPITAL, CLINICS, & LTCU",401 CHEYENNE,SATANTA,KS,67870,HASKELL,(620) 682-8414,Critical Access Hospitals,Government - Hospital District or Authority,Yes,,Not Available,16,8,Not Available,Not Available,Not Available,Not Available,5,8,Not Available,Not Available,Not Available,Not Available,5,11,1,0,1,0,,15,Not Available,5,10,2,
171325,GRAHAM COUNTY HOSPITAL,304 WEST PROUT STREET,HILL CITY,KS,67642,GRAHAM,(785) 421-2121,Critical Access Hospitals,Government - Local,Yes,,Not Available,16,8,2,0,2,0,,8,Not Available,Not Available,Not Available,Not Available,5,11,3,0,3,0,,15,Not Available,5,10,5,
171326,LOGAN COUNTY HOSPITAL,211 CHERRY AVENUE,OAKLEY,KS,67748,LOGAN,(785) 672-3211,Critical Access Hospitals,Government - Local,Yes,,Not Available,16,8,2,0,2,0,,8,Not Available,Not Available,Not Available,Not Available,5,11,2,0,2,0,,15,Not Available,5,10,5,
171327,ELLSWORTH COUNTY MEDICAL CENTER,1604 AYLWARD AVENUE,ELLSWORTH,KS,67439,ELLSWORTH,(785) 472-3111,Critical Access Hospitals,Proprietary,Yes,,2,,8,4,0,4,0,,8,Not Available,Not Available,Not Available,Not Available,5,11,5,0,5,0,,15,Not Available,5,10,6,
171328,OTTAWA COUNTY HEALTH CENTER,215 E 8TH STREET,MINNEAPOLIS,KS,67467,OTTAWA,(785) 392-2122,Critical Access Hospitals,Voluntary non-profit - Other,Yes,,Not Available,16,8,1,0,1,0,,8,1,0,1,0,,11,1,0,1,0,,15,Not Available,5,10,3,
171329,CALDWELL REGIONAL MEDICAL CENTER,761 W 175TH ST S,CALDWELL,KS,67022,SUMNER,(620) 845-6492,Critical Access Hospitals,Government - Hospital District or Authority,Yes,,Not Available,16,8,2,0,2,0,,8,Not Available,Not Available,Not Available,Not Available,5,11,3,0,3,0,,15,Not Available,5,10,3,
171330,HOSPITAL DISTRICT #1 OF RICE COUNTY,619 SOUTH CLARK AVENUE,LYONS,KS,67554,RICE,(620) 257-5173,Critical Access Hospitals,Government - Hospital District or Authority,Yes,Y,Not Available,16,8,2,0,2,0,,8,Not Available,Not Available,Not Available,Not Available,5,11,3,0,3,0,,15,Not Available,5,10,6,
171331,KIOWA DISTRICT HOSPITAL,1002 SOUTH 4TH STREET,KIOWA,KS,67070,BARBER,(620) 825-4131,Critical Access Hospitals,Government - Hospital District or Authority,Yes,,Not Available,16,8,2,0,2,0,,8,Not Available,Not Available,Not Available,Not Available,5,11,3,0,3,0,,15,Not Available,5,10,4,
171332,KIOWA COUNTY MEMORIAL HOSPITAL,721 WEST KANSAS AVE,GREENSBURG,KS,67054,KIOWA,(620) 723-3341,Critical Access Hospitals,Government - Local,Yes,,Not Available,16,8,1,0,1,0,,8,Not Available,Not Available,Not Available,Not Available,5,11,1,0,1,0,,15,Not Available,5,10,3,
171333,CLARA BARTON HOSPITAL,250 W 9TH STREET,HOISINGTON,KS,67544,BARTON,(620) 653-2114,Critical Access Hospitals,Voluntary non-profit - Private,Yes,,2,,8,3,0,2,1,,8,1,0,1,0,,11,4,0,2,2,,15,Not Available,5,10,5,
171334,MEDICINE LODGE MEMORIAL HOSPITAL,710 N WALNUT STREET,MEDICINE LODGE,KS,67104,BARBER,(620) 886-3771,Critical Access Hospitals,Government - Hospital District or Authority,Yes,,Not Available,16,8,2,0,2,0,,8,1,0,1,0,,11,3,0,2,1,,15,Not Available,5,10,4,
171335,STEVENS COUNTY HOSPITAL,1006 SOUTH JACKSON STREET,HUGOTON,KS,67951,STEVENS,(620) 544-8511,Critical Access Hospitals,Government - Local,Yes,,4,,8,3,0,3,0,,8,Not Available,Not Available,Not Available,Not Available,5,11,3,0,3,0,,15,Not Available,5,10,4,
171336,NESS COUNTY HOSPITAL DISTRICT #2,312 CUSTER STREET,NESS CITY,KS,67560,NESS,(785) 798-2291,Critical Access Hospitals,Government - Hospital District or Authority,Yes,,Not Available,16,8,2,0,2,0,,8,Not Available,Not Available,Not Available,Not Available,5,11,3,0,3,0,,15,Not Available,5,10,5,
171337,WAMEGO HEALTH CENTER,711 GENN DRIVE,WAMEGO,KS,66547,POTTAWATOMIE,(785) 456-2295,Critical Access Hospitals,Voluntary non-profit - Other,Yes,,Not Available,16,8,2,0,2,0,,8,Not Available,Not Available,Not Available,Not Available,5,11,3,0,3,0,,15,Not Available,5,10,4,
171338,GREAT PLAINS OF SABETHA,603 S 14TH STREET,SABETHA,KS,66534,NEMAHA,(785) 284-2121,Critical Access Hospitals,Voluntary non-profit - Private,Yes,,Not Available,16,8,2,0,2,0,,8,Not Available,Not Available,Not Available,Not Available,5,11,3,1,2,0,,15,Not Available,5,10,5,
171339,GREENWOOD COUNTY HOSPITAL,100 W 16TH STREET,EUREKA,KS,67045,GREENWOOD,(620) 583-7451,Critical Access Hospitals,Government - Local,Yes,,Not Available,16,8,2,0,2,0,,8,Not Available,Not Available,Not Available,Not Available,5,11,3,0,2,1,,15,Not Available,5,10,5,
171341,HIAWATHA COMMUNITY HOSPITAL,300 UTAH STREET,HIAWATHA,KS,66434,BROWN,(785) 742-2131,Critical Access Hospitals,Voluntary non-profit - Private,Yes,Y,3,,8,4,0,3,1,,8,Not Available,Not Available,Not Available,Not Available,5,11,5,0,5,0,,15,10,,10,6,
171343,STANTON COUNTY HOSPITAL,404 N CHESTNUT,JOHNSON,KS,67855,STANTON,(620) 492-6250,Critical Access Hospitals,Government - Local,Yes,,Not Available,16,8,1,0,1,0,,8,Not Available,Not Available,Not Available,Not Available,5,11,1,0,1,0,,15,Not Available,5,10,3,
171344,WILSON MEDICAL CENTER,2600 OTTAWA ROAD,NEODESHA,KS,66757,WILSON,(620) 325-2611,Critical Access Hospitals,Government - Local,Yes,,Not Available,16,8,2,0,2,0,,8,Not Available,Not Available,Not Available,Not Available,5,11,4,0,3,1,,15,Not Available,5,10,6,
171345,PAWNEE VALLEY COMMUNITY HOSPITAL,923 CARROLL AVENUE,LARNED,KS,67550,PAWNEE,(620) 285-3162,Critical Access Hospitals,Voluntary non-profit - Private,Yes,,Not Available,16,8,2,0,2,0,,8,Not Available,Not Available,Not Available,Not Available,5,11,3,0,2,1,,15,Not Available,5,10,5,
171346,HOSPITAL DISTRICT #6 PATTERSON HEALTH CENTER,485 N. KS HWY 2,ANTHONY,KS,67003,HARPER,(620) 914-1200,Critical Access Hospitals,Government - Hospital District or Authority,Yes,,Not Available,16,8,2,0,2,0,,8,Not Available,Not Available,Not Available,Not Available,5,11,3,0,3,0,,15,Not Available,5,10,5,
171347,SHERIDAN COUNTY HOSPITAL,826  18TH STREET,HOXIE,KS,67740,SHERIDAN,(785) 675-3281,Critical Access Hospitals,Government - Local,Yes,,Not Available,16,8,2,0,2,0,,8,Not Available,Not Available,Not Available,Not Available,5,11,3,0,3,0,,15,Not Available,5,10,4,
171348,NORTON COUNTY HOSPITAL,102 E HOLME STREET,NORTON,KS,67654,NORTON,(785) 877-3351,Critical Access Hospitals,Government - Local,Yes,,Not Available,16,8,2,0,2,0,,8,Not Available,Not Available,Not Available,Not Available,5,11,2,1,1,0,,15,Not Available,5,10,3,
171349,CLOUD COUNTY HEALTH CENTER,155 WEST COLLEGE DRIVE,CONCORDIA,KS,66901,CLOUD,(785) 243-1234,Critical Access Hospitals,Voluntary non-profit - Private,Yes,,Not Available,16,8,2,0,2,0,,8,Not Available,Not Available,Not Available,Not Available,5,11,3,0,3,0,,15,Not Available,5,10,5,
171350,RUSSELL REGIONAL HOSPITAL,200 S MAIN STREET,RUSSELL,KS,67665,RUSSELL,(785) 483-3131,Critical Access Hospitals,Voluntary non-profit - Private,Yes,,3,,8,3,0,3,0,,8,Not Available,Not Available,Not Available,Not Available,5,11,4,0,4,0,,15,Not Available,5,10,5,
171351,WASHINGTON COUNTY HOSPITAL,304 E 3RD STREET,WASHINGTON,KS,66968,WASHINGTON,(785) 325-2211,Critical Access Hospitals,Government - Local,Yes,,Not Available,16,8,1,0,1,0,,8,Not Available,Not Available,Not Available,Not Available,5,11,2,0,2,0,,15,Not Available,5,10,2,
171352,DECATUR HEALTH,810 W  COLUMBIA STREET,OBERLIN,KS,67749,DECATUR,(785) 475-2208,Critical Access Hospitals,Voluntary non-profit - Private,Yes,,Not Available,16,8,Not Available,Not Available,Not Available,Not Available,5,8,Not Available,Not Available,Not Available,Not Available,5,11,1,0,1,0,,15,Not Available,5,10,2,
171353,PHILLIPS COUNTY HOSPITAL,1150 STATE STREET,PHILLIPSBURG,KS,67661,PHILLIPS,(785) 543-5226,Critical Access Hospitals,Government - Local,Yes,,Not Available,16,8,2,0,2,0,,8,Not Available,Not Available,Not Available,Not Available,5,11,3,0,3,0,,15,Not Available,5,10,5,
171354,"COMMUNITY HOSPITAL, ONAGA AND ST MARYS CAMPUS",120 WEST 8TH STREET,ONAGA,KS,66521,POTTAWATOMIE,(785) 889-4272,Critical Access Hospitals,Government - Hospital District or Authority,Yes,Y,Not Available,16,8,2,0,2,0,,8,Not Available,Not Available,Not Available,Not Available,5,11,2,0,2,0,,15,Not Available,5,10,8,
171355,TREGO COUNTY LEMKE MEMORIAL HOSPITAL,320 N THIRTEENTH ST,WAKEENEY,KS,67672,TREGO,(785) 743-2182,Critical Access Hospitals,Government - Local,Yes,,Not Available,16,8,2,0,2,0,,8,Not Available,Not Available,Not Available,Not Available,5,11,3,1,2,0,,15,Not Available,5,10,4,
171356,ST LUKE HOSPITAL & LIVING CENTER,535 SOUTH FREEBORN,MARION,KS,66861,MARION,(620) 382-2177,Critical Access Hospitals,Government - Hospital District or Authority,Yes,,Not Available,16,8,1,0,1,0,,8,Not Available,Not Available,Not Available,Not Available,5,11,2,0,2,0,,15,Not Available,5,10,4,
171357,HILLSBORO COMMUNITY HOSPITAL,101 INDUSTRIAL ROAD,HILLSBORO,KS,67063,MARION,(620) 947-3114,Critical Access Hospitals,Proprietary,No,,Not Available,16,8,2,0,2,0,,8,Not Available,Not Available,Not Available,Not Available,5,11,1,0,1,0,,15,Not Available,5,10,4,
171358,LINDSBORG COMMUNITY HOSPITAL,605 W LINCOLN STREET,LINDSBORG,KS,67456,MCPHERSON,(785) 227-3308,Critical Access Hospitals,Voluntary non-profit - Private,Yes,,Not Available,16,8,2,0,2,0,,8,Not Available,Not Available,Not Available,Not Available,5,11,3,0,3,0,,15,Not Available,5,10,4,
171359,GREELEY COUNTY HEALTH SERVICES,506 3RD STREET,TRIBUNE,KS,67879,GREELEY,(620) 376-4221,Critical Access Hospitals,Government - Local,Yes,,Not Available,16,8,2,0,2,0,,8,Not Available,Not Available,Not Available,Not Available,5,11,3,0,3,0,,15,Not Available,5,10,2,
171360,LINCOLN COUNTY HOSPITAL,624 N SECOND,LINCOLN,KS,67455,LINCOLN,(785) 524-4403,Critical Access Hospitals,Government - Local,No,,Not Available,16,8,Not Available,Not Available,Not Available,Not Available,5,8,Not Available,Not Available,Not Available,Not Available,5,11,1,0,1,0,,15,Not Available,5,10,3,
171361,REPUBLIC COUNTY HOSPITAL,2420 G STREET,BELLEVILLE,KS,66935,REPUBLIC,(785) 527-2254,Critical Access Hospitals,Voluntary non-profit - Private,Yes,Y,3,,8,3,0,3,0,,8,1,0,1,0,,11,5,0,5,0,,15,15,,10,6,
171362,CITIZENS MEDICAL CENTER,100 E COLLEGE DRIVE,COLBY,KS,67701,THOMAS,(785) 462-7511,Critical Access Hospitals,Voluntary non-profit - Private,Yes,Y,3,,8,4,0,4,0,,8,1,0,1,0,,11,8,1,6,1,,15,10,,10,6,
171363,"COMMUNITY MEMORIAL HEALTHCARE, INC.",708 N 18TH STREET,MARYSVILLE,KS,66508,MARSHALL,(785) 562-2311,Critical Access Hospitals,Voluntary non-profit - Private,Yes,,4,,8,4,0,4,0,,8,1,0,1,0,,11,5,0,4,1,,15,10,,10,6,
171364,OSBORNE COUNTY MEMORIAL HOSPITAL,237 W HARRISON STREET SUITE 100,OSBORNE,KS,67473,OSBORNE,(785) 346-2121,Critical Access Hospitals,Government - Local,Yes,,Not Available,16,8,2,0,2,0,,8,Not Available,Not Available,Not Available,Not Available,5,11,3,0,3,0,,15,Not Available,5,10,3,
171365,HANOVER HOSPITAL,205 S HANOVER STREET,HANOVER,KS,66945,WASHINGTON,(785) 337-2214,Critical Access Hospitals,Government - Hospital District or Authority,Yes,,Not Available,16,8,Not Available,Not Available,Not Available,Not Available,5,8,Not Available,Not Available,Not Available,Not Available,5,11,1,0,1,0,,15,Not Available,5,10,3,
171367,GOVE COUNTY MEDICAL CENTER,520 WEST 5TH STREET,QUINTER,KS,67752,GOVE,(785) 754-3341,Critical Access Hospitals,Voluntary non-profit - Other,Yes,Y,Not Available,16,8,2,0,2,0,,8,Not Available,Not Available,Not Available,Not Available,5,11,3,0,3,0,,15,Not Available,5,10,5,
171368,MINNEOLA DISTRICT HOSPITAL,212 MAIN,MINNEOLA,KS,67865,FORD,(620) 885-4264,Critical Access Hospitals,Government - Hospital District or Authority,Yes,,Not Available,16,8,2,0,2,0,,8,Not Available,Not Available,Not Available,Not Available,5,11,2,0,2,0,,15,Not Available,5,10,5,
171369,HODGEMAN COUNTY HEALTH CENTER,809 BRAMLEY,JETMORE,KS,67854,HODGEMAN,(620) 357-8361,Critical Access Hospitals,Government - Local,Yes,,Not Available,16,8,1,0,1,0,,8,Not Available,Not Available,Not Available,Not Available,5,11,3,1,2,0,,15,Not Available,5,10,4,
171370,GOODLAND REGIONAL MEDICAL CENTER,220 WEST SECOND STREET,GOODLAND,KS,67735,SHERMAN,(785) 890-3625,Critical Access Hospitals,Government - Local,Yes,,2,,8,4,0,4,0,,8,Not Available,Not Available,Not Available,Not Available,5,11,5,0,4,1,,15,Not Available,5,10,5,
171371,CLAY COUNTY MEDICAL CENTER,617 LIBERTY,CLAY CENTER,KS,67432,CLAY,(785) 632-2144,Critical Access Hospitals,Government - Local,Yes,,3,,8,4,0,4,0,,8,Not Available,Not Available,Not Available,Not Available,5,11,5,1,4,0,,15,10,,10,7,
171372,SCOTT COUNTY HOSPITAL,201 ALBERT AVENUE,SCOTT CITY,KS,67871,SCOTT,(620) 872-5811,Critical Access Hospitals,Voluntary non-profit - Private,Yes,,2,,8,4,0,4,0,,8,1,0,1,0,,11,4,1,3,0,,15,Not Available,5,10,5,
171373,ALLEN COUNTY REGIONAL HOSPITAL,3066 NORTH KENTUCKY STREET,IOLA,KS,66749,ALLEN,(620) 365-1021,Critical Access Hospitals,Government - Local,Yes,,4,,8,3,0,3,0,,8,Not Available,Not Available,Not Available,Not Available,5,11,4,0,4,0,,15,5,,10,8,
171374,FREDONIA REGIONAL HOSPITAL,1527 MADISON,FREDONIA,KS,66736,WILSON,(620) 378-2121,Critical Access Hospitals,Government - Local,Yes,,Not Available,16,8,2,0,2,0,,8,Not Available,Not Available,Not Available,Not Available,5,11,3,0,3,0,,15,Not Available,5,10,7,
171375,MITCHELL COUNTY HOSPITAL HEALTH SYSTEMS,"400 W 8TH STREET, P O BOX 399",BELOIT,KS,67420,MITCHELL,(785) 738-2266,Critical Access Hospitals,Government - Local,Yes,Y,3,,8,4,0,3,1,,8,2,1,1,0,,11,5,1,4,0,,15,10,,10,7,
171376,GIRARD MEDICAL CENTER,302 NORTH HOSPITAL DRIVE,GIRARD,KS,66743,CRAWFORD,(620) 724-8291,Critical Access Hospitals,Government - Hospital District or Authority,Yes,,2,,8,3,0,3,0,,8,Not Available,Not Available,Not Available,Not Available,5,11,4,0,4,0,,15,Not Available,5,10,6,
171377,SMITH COUNTY MEMORIAL HOSPITAL,921 E. HIGHWAY 36,SMITH CENTER,KS,66967,SMITH,(785) 282-6845,Critical Access Hospitals,Government - Local,Yes,,Not Available,16,8,2,0,2,0,,8,Not Available,Not Available,Not Available,Not Available,5,11,4,0,4,0,,15,Not Available,5,10,5,
171378,KINGMAN HEALTHCARE CENTER,750 W AVE D,KINGMAN,KS,67068,KINGMAN,(620) 532-3147,Critical Access Hospitals,Voluntary non-profit - Private,Yes,,Not Available,16,8,2,0,2,0,,8,Not Available,Not Available,Not Available,Not Available,5,11,2,1,1,0,,15,Not Available,5,10,5,
171379,MORRIS COUNTY HOSPITAL,600 N WASHINGTON ST,COUNCIL GROVE,KS,66846,MORRIS,(620) 767-6811,Critical Access Hospitals,Government - Local,No,Y,3,,8,3,0,3,0,,8,Not Available,Not Available,Not Available,Not Available,5,11,4,0,4,0,,15,Not Available,5,10,4,
171380,NEOSHO MEMORIAL REGIONAL MEDICAL CENTER,629 SOUTH PLUMMER AVE,CHANUTE,KS,66720,NEOSHO,(620) 431-4000,Critical Access Hospitals,Government - Local,Yes,Y,1,,8,4,0,3,1,,8,2,0,2,0,,11,6,0,6,0,,15,15,,10,8,
171381,MEMORIAL HOSPITAL,511 NE 10TH ST,ABILENE,KS,67410,DICKINSON,(785) 263-2100,Critical Access Hospitals,Government - Hospital District or Authority,Yes,,2,,8,3,0,2,1,,8,Not Available,Not Available,Not Available,Not Available,5,11,4,0,4,0,,15,5,,10,6,
171382,AMBERWELL ATCHISON ASSOCIATION,800 RAVEN HILL DRIVE,ATCHISON,KS,66002,ATCHISON,(913) 360-2131,Critical Access Hospitals,Voluntary non-profit - Private,Yes,Y,Not Available,16,8,2,0,2,0,,8,1,0,1,0,,11,3,0,3,0,,15,10,,10,7,
171383,WILLIAM NEWTON HOSPITAL,1300 EAST FIFTH AVENUE,WINFIELD,KS,67156,COWLEY,(620) 221-2300,Critical Access Hospitals,Government - Local,Yes,Y,4,,8,4,0,3,1,,8,1,0,1,0,,11,5,2,3,0,,15,15,,10,8,
171384,NEWMAN REGIONAL HEALTH,1201 WEST 12TH AVENUE,EMPORIA,KS,66801,LYON,(620) 343-6800,Critical Access Hospitals,Government - Local,Yes,Y,2,,8,6,0,5,1,,8,2,0,2,0,,11,6,1,5,0,,15,10,,10,8,
171385,COFFEY COUNTY HOSPITAL,801 NORTH 4TH STREET,BURLINGTON,KS,66839,COFFEY,(620) 364-2121,Critical Access Hospitals,Government - Local,Yes,,4,,8,3,0,3,0,,8,Not Available,Not Available,Not Available,Not Available,5,11,4,1,3,0,,15,Not Available,5,10,6,
171386,MORTON COUNTY HOSPITAL,445 HILLTOP STREET,ELKHART,KS,67950,MORTON,(620) 697-2141,Critical Access Hospitals,Government - Local,Yes,,Not Available,16,8,Not Available,Not Available,Not Available,Not Available,5,8,Not Available,Not Available,Not Available,Not Available,5,11,Not Available,Not Available,Not Available,Not Available,5,15,Not Available,5,10,2,
171388,BOB WILSON MEMORIAL HOSPITAL,415 N MAIN STREET,ULYSSES,KS,67880,GRANT,(620) 356-1266,Critical Access Hospitals,Voluntary non-profit - Church,Yes,,Not Available,5,8,2,0,2,0,,8,Not Available,Not Available,Not Available,Not Available,5,11,2,1,1,0,,15,Not Available,5,10,4,16
173300,CHILDREN'S MERCY SOUTH,5808 W 110TH STREET,OVERLAND PARK,KS,66211,JOHNSON,(913) 696-8000,Childrens,Voluntary non-profit - Private,No,,Not Available,19,Not Available,Not Available,Not Available,Not Available,Not Available,19,Not Available,Not Available,Not Available,Not Available,Not Available,19,Not Available,Not Available,Not Available,Not Available,Not Available,19,Not Available,Not Available,19,Not Available,Not Available,19
174006,LARNED STATE HOSPITAL,1301 KS HIGHWAY 264,LARNED,KS,67550,PAWNEE,(620) 285-2131,Psychiatric,Government - State,No,,Not Available,19,Not Available,Not Available,Not Available,Not Available,Not Available,19,Not Available,Not Available,Not Available,Not Available,Not Available,19,Not Available,Not Available,Not Available,Not Available,Not Available,19,Not Available,Not Available,19,Not Available,Not Available,19
174020,COTTONWOOD SPRINGS LLC,13351 S ARAPAHO DRIVE,OLATHE,KS,66062,JOHNSON,(913) 353-3000,Psychiatric,Proprietary,No,,Not Available,19,Not Available,Not Available,Not Available,Not Available,Not Available,19,Not Available,Not Available,Not Available,Not Available,Not Available,19,Not Available,Not Available,Not Available,Not Available,Not Available,19,Not Available,Not Available,19,Not Available,Not Available,19
174022,ADAIR ACUTE CARE AT OSAWATOMIE STATE HOSPITAL,500 STATE HOSPITAL DRIVE,OSAWATOMIE,KS,66064,MIAMI,(913) 755-7100,Psychiatric,Government - State,No,,Not Available,19,Not Available,Not Available,Not Available,Not Available,Not Available,19,Not Available,Not Available,Not Available,Not Available,Not Available,19,Not Available,Not Available,Not Available,Not Available,Not Available,19,Not Available,Not Available,19,Not Available,Not Available,19
174026,CORTERRA OF WICHITA LLC,7447 WEST VILLAGE CIRCLE,WICHITA,KS,67205,SEDGWICK,(316) 372-8892,Psychiatric,Proprietary,No,,Not Available,19,Not Available,Not Available,Not Available,Not Available,Not Available,19,Not Available,Not Available,Not Available,Not Available,Not Available,19,Not Available,Not Available,Not Available,Not Available,Not Available,19,Not Available,Not Available,19,Not Available,Not Available,19
174027,ST VERONICA,6700 E 45TH ST N,BEL AIRE,KS,67226,SEDGWICK,(316) 744-2020,Psychiatric,Voluntary non-profit - Church,No,,Not Available,19,Not Available,Not Available,Not Available,Not Available,Not Available,19,Not Available,Not Available,Not Available,Not Available,Not Available,19,Not Available,Not Available,Not Available,Not Available,Not Available,19,Not Available,Not Available,19,Not Available,Not Available,19
180001,ST ELIZABETH FT THOMAS,85 NORTH GRAND AVENUE,FORT THOMAS,KY,41075,CAMPBELL,(859) 572-3100,Acute Care Hospitals,Voluntary non-profit - Private,Yes,,5,,8,5,2,3,0,,8,5,1,4,0,,11,6,0,5,1,,15,15,,10,8,
180002,WHITESBURG ARH HOSPITAL,240 HOSPITAL ROAD,WHITESBURG,KY,41858,LETCHER,(606) 633-3500,Acute Care Hospitals,Voluntary non-profit - Other,Yes,Y,3,,8,4,0,4,0,,8,2,1,1,0,,11,5,0,4,1,,15,15,,10,7,
180004,OWENSBORO HEALTH MUHLENBERG COMMUNITY HOSPITAL,440 HOPKINSVILLE STREET,GREENVILLE,KY,42345,MUHLENBERG,(270) 338-8000,Acute Care Hospitals,Voluntary non-profit - Private,Yes,,4,,8,4,0,4,0,,8,2,1,1,0,,11,6,1,5,0,,15,15,,10,8,
180005,HIGHLANDS ARH REGIONAL MEDICAL CENTER,5000 KENTUCKY ROUTE 321,PRESTONSBURG,KY,41653,FLOYD,(606) 886-8511,Acute Care Hospitals,Proprietary,Yes,Y,2,,8,6,0,6,0,,8,5,1,4,0,,11,6,0,4,2,,15,15,,10,8,
180009,KING'S DAUGHTERS' MEDICAL CENTER,2201 LEXINGTON AVENUE,ASHLAND,KY,41101,BOYD,(606) 408-4401,Acute Care Hospitals,Voluntary non-profit - Private,Yes,Y,3,,8,8,1,7,0,,8,7,1,6,0,,11,11,0,10,1,,15,15,,10,10,
180010,SAINT JOSEPH HOSPITAL,ONE SAINT JOSEPH DRIVE,LEXINGTON,KY,40504,FAYETTE,(859) 313-1000,Acute Care Hospitals,Voluntary non-profit - Church,Yes,,3,,8,8,1,6,1,,8,7,3,3,1,,11,9,0,6,3,,15,15,,10,8,
180011,SAINT JOSEPH LONDON,1001 SAINT JOSEPH LANE,LONDON,KY,40741,LAUREL,(606) 330-6000,Acute Care Hospitals,Voluntary non-profit - Private,Yes,Y,3,,8,7,0,7,0,,8,6,1,5,0,,11,10,0,9,1,,15,15,,10,10,
180012,BAPTIST HEALTH HARDIN,913 NORTH DIXIE AVENUE,ELIZABETHTOWN,KY,42701,HARDIN,(270) 737-1212,Acute Care Hospitals,Government - Local,Yes,,3,,8,7,0,7,0,,8,7,2,5,0,,11,9,0,8,1,,15,15,,10,10,
180013,THE MEDICAL CENTER (BOWLING GREEN),250 PARK STREET,BOWLING GREEN,KY,42101,WARREN,(270) 745-1000,Acute Care Hospitals,Voluntary non-profit - Private,Yes,Y,2,,8,8,0,6,2,,8,6,1,5,0,,11,10,1,8,1,,15,15,,10,10,
180016,UOFL HEALTH - SHELBYVILLE HOSPITAL,727 HOSPITAL DRIVE,SHELBYVILLE,KY,40065,SHELBY,(502) 647-4000,Acute Care Hospitals,Voluntary non-profit - Private,Yes,,3,,8,3,0,3,0,,8,2,0,2,0,,11,6,1,4,1,,15,15,,10,8,
180017,T J SAMSON COMMUNITY HOSPITAL,1301 NORTH RACE STREET,GLASGOW,KY,42141,BARREN,(270) 651-4159,Acute Care Hospitals,Voluntary non-profit - Other,Yes,Y,3,,8,6,0,5,1,,8,6,2,4,0,,11,10,1,7,2,,15,15,,10,10,
180018,ST CLAIRE REGIONAL MEDICAL CENTER,222 MEDICAL CIRCLE,MOREHEAD,KY,40351,ROWAN,(606) 783-6500,Acute Care Hospitals,Government - Federal,Yes,Y,2,,8,7,0,7,0,,8,5,1,4,0,,11,8,0,6,2,,15,15,,10,8,
180019,MEADOWVIEW REGIONAL MEDICAL CENTER,989 MEDICAL PARK DRIVE,MAYSVILLE,KY,41056,MASON,(606) 759-5311,Acute Care Hospitals,Proprietary,Yes,Y,4,,8,4,0,4,0,,8,2,1,1,0,,11,7,2,5,0,,15,15,,10,8,
180020,MIDDLESBORO ARH HOSPITAL,3600 WEST CUMBERLAND AVENUE,MIDDLESBORO,KY,40965,BELL,(606) 242-1101,Acute Care Hospitals,Voluntary non-profit - Private,Yes,Y,1,,8,4,0,3,1,,8,2,0,2,0,,11,5,0,4,1,,15,5,,10,7,
180024,SPRING VIEW HOSPITAL,320 LORETTO ROAD,LEBANON,KY,40033,MARION,(270) 692-3161,Acute Care Hospitals,Proprietary,Yes,Y,5,,8,4,0,4,0,,8,3,0,3,0,,11,7,1,6,0,,15,15,,10,9,
180025,CHI SAINT JOSEPH FLAGET MEMORIAL HOSPITAL,4305 NEW SHEPHERDSVILLE ROAD,BARDSTOWN,KY,40004,NELSON,(502) 350-5000,Acute Care Hospitals,Voluntary non-profit - Private,Yes,Y,3,,8,3,0,3,0,,8,2,0,2,0,,11,7,0,6,1,,15,15,,10,9,
180027,MURRAY-CALLOWAY COUNTY HOSPITAL,803 POPLAR STREET,MURRAY,KY,42071,CALLOWAY,(270) 762-1100,Acute Care Hospitals,Voluntary non-profit - Other,Yes,Y,3,,8,6,0,6,0,,8,5,0,5,0,,11,10,0,8,2,,15,15,,10,8,
180029,HAZARD ARH REGIONAL MEDICAL CENTER,100 MEDICAL CENTER DRIVE,HAZARD,KY,41701,PERRY,(606) 439-1331,Acute Care Hospitals,Voluntary non-profit - Private,Yes,Y,2,,8,7,0,7,0,,8,6,1,5,0,,11,9,0,6,3,,15,15,,10,8,
180035,ST ELIZABETH EDGEWOOD,1 MEDICAL VILLAGE DRIVE,EDGEWOOD,KY,41017,KENTON,(859) 301-2000,Acute Care Hospitals,Voluntary non-profit - Church,Yes,Y,5,,8,8,2,6,0,,8,8,2,6,0,,11,11,2,7,2,,15,15,,10,10,
180038,OWENSBORO HEALTH REGIONAL HOSPITAL,1201 PLEASANT VALLEY ROAD,OWENSBORO,KY,42303,DAVIESS,(270) 417-2000,Acute Care Hospitals,Voluntary non-profit - Private,Yes,Y,2,,8,8,0,8,0,,8,7,1,6,0,,11,10,1,9,0,,15,15,,10,10,
18003F,Blanchfield ACH (FT Campbell),650 Joel Dr,Fort Campbell,KY,42223,CHRISTIAN,(270) 798-8400,Acute Care - Department of Defense,Department of Defense,Yes,,Not Available,22,Not Available,Not Available,Not Available,Not Available,Not Available,22,Not Available,Not Available,Not Available,Not Available,Not Available,22,Not Available,Not Available,Not Available,Not Available,Not Available,22,Not Available,Not Available,22,Not Available,Not Available,22
180040,UOFL HEALTH - JEWISH HOSPITAL and Mary & Elizabeth Hospital,200 ABRAHAM FLEXNER WAY,LOUISVILLE,KY,40202,JEFFERSON,(502) 587-4011,Acute Care Hospitals,Voluntary non-profit - Private,Yes,,2,,8,8,0,7,1,,8,7,2,4,1,,11,9,0,6,3,,15,15,,10,10,
180043,AdventHealthManchester,210 MARIE LANGDON DRIVE,MANCHESTER,KY,40962,CLAY,(606) 598-5104,Acute Care Hospitals,Voluntary non-profit - Church,Yes,Y,3,,8,3,0,3,0,,8,2,0,2,0,,11,5,0,4,1,,15,15,,10,7,
180044,PIKEVILLE MEDICAL CENTER,911 BYPASS ROAD,PIKEVILLE,KY,41501,PIKE,(606) 437-3500,Acute Care Hospitals,Voluntary non-profit - Private,Yes,Y,1,,8,8,0,7,1,,8,6,1,4,1,,11,10,0,7,3,,15,15,,10,10,
180045,ST ELIZABETH FLORENCE,4900 HOUSTON ROAD,FLORENCE,KY,41042,BOONE,(859) 212-5220,Acute Care Hospitals,Voluntary non-profit - Private,Yes,,3,,8,7,0,7,0,,8,6,1,5,0,,11,6,1,4,1,,15,15,,10,9,
180046,BOURBON COMMUNITY HOSPITAL,9 LINVILLE DRIVE,PARIS,KY,40361,BOURBON,(859) 987-3600,Acute Care Hospitals,Proprietary,Yes,,2,,8,3,0,3,0,,8,Not Available,Not Available,Not Available,Not Available,5,11,4,0,4,0,,15,5,,10,7,
180048,EPHRAIM MCDOWELL REGIONAL MEDICAL CENTER,217 SOUTH THIRD STREET,DANVILLE,KY,40422,BOYLE,(859) 239-1000,Acute Care Hospitals,Voluntary non-profit - Private,Yes,Y,3,,8,7,0,7,0,,8,6,0,6,0,,11,9,1,7,1,,15,15,,10,9,
180049,BAPTIST HEALTH RICHMOND,801 EASTERN BYPASS,RICHMOND,KY,40475,MADISON,(859) 625-3114,Acute Care Hospitals,Voluntary non-profit - Private,Yes,,4,,8,6,0,6,0,,8,3,1,2,0,,11,8,1,7,0,,15,15,,10,7,
180050,HARLAN ARH HOSPITAL,81 BALL PARK ROAD,HARLAN,KY,40831,HARLAN,(606) 573-8100,Acute Care Hospitals,Voluntary non-profit - Other,Yes,Y,2,,8,4,0,4,0,,8,2,0,2,0,,11,8,0,7,1,,15,15,,10,7,
180051,JENNIE STUART MEDICAL CENTER,320 WEST 18TH STREET,HOPKINSVILLE,KY,42241,CHRISTIAN,(270) 887-0100,Acute Care Hospitals,Voluntary non-profit - Private,Yes,Y,1,,8,5,0,3,2,,8,5,0,5,0,,11,8,0,8,0,,15,15,,10,8,
180056,DEACONESS HENDERSON HOSPITAL,1305 N ELM ST,HENDERSON,KY,42420,HENDERSON,(270) 827-7700,Acute Care Hospitals,Voluntary non-profit - Church,Yes,Y,2,,8,5,0,5,0,,8,6,1,5,0,,11,8,0,7,1,,15,15,,10,8,
180064,SAINT JOSEPH MOUNT STERLING,225 FALCON DRIVE,MOUNT STERLING,KY,40353,MONTGOMERY,(859) 497-5018,Acute Care Hospitals,Voluntary non-profit - Private,Yes,Y,4,,8,3,0,3,0,,8,2,0,2,0,,11,5,0,4,1,,15,15,,10,8,
180066,The Medical Center at Russellville,1625 NASHVILLE STREET,RUSSELLVILLE,KY,42276,LOGAN,(270) 726-4011,Acute Care Hospitals,Proprietary,Yes,,2,,8,3,0,3,0,,8,2,0,2,0,,11,4,0,2,2,,15,15,,10,7,
180067,UNIVERSITY OF KENTUCKY HOSPITAL,800 ROSE STREET,LEXINGTON,KY,40536,FAYETTE,(859) 257-2278,Acute Care Hospitals,Government - State,Yes,Y,4,,8,8,2,6,0,,8,7,2,5,0,,11,10,2,8,0,,15,15,,10,8,
180069,TUG VALLEY ARH REGIONAL MEDICAL CENTER,260 HOSPITAL DRIVE,SOUTH WILLIAMSON,KY,41503,PIKE,(606) 237-1700,Acute Care Hospitals,Proprietary,Yes,,2,,8,4,0,4,0,,8,2,0,2,0,,11,5,0,3,2,,15,15,,10,7,
18006F,LOUISVILLE VA MEDICAL CENTER,800 ZORN AVENUE,LOUISVILLE,KY,40206,JEFFERSON,(502) 287-4000,Acute Care - Veterans Administration,Veterans Health Administration,Yes,,5,,8,4,2,2,0,,8,4,0,4,0,,11,6,1,4,1,,15,10,,10,3,
180070,OWENSBORO HEALTH TWIN LAKES MEDICAL CENTER,910 WALLACE AVENUE,LEITCHFIELD,KY,42754,GRAYSON,(270) 259-9400,Acute Care Hospitals,Voluntary non-profit - Other,Yes,Y,3,,8,4,0,4,0,,8,2,0,2,0,,11,6,0,6,0,,15,15,,10,7,
180078,PAINTSVILLE ARH HOSPITAL,625 JAMES S TRIMBLE BOULEVARD,PAINTSVILLE,KY,41240,JOHNSON,(606) 789-3511,Acute Care Hospitals,Proprietary,Yes,,2,,8,4,0,4,0,,8,2,0,2,0,,11,5,0,3,2,,15,15,,10,7,
180079,HARRISON MEMORIAL HOSPITAL,1210 KY HWY 36 E,CYNTHIANA,KY,41031,HARRISON,(859) 234-2300,Acute Care Hospitals,Voluntary non-profit - Other,Yes,Y,3,,8,5,0,4,1,,8,2,0,2,0,,11,6,1,4,1,,15,15,,10,9,
18007F,LEXINGTON VA MEDICAL CENTER,1101 VETERANS DRIVE,LEXINGTON,KY,40502,FAYETTE,(859) 233-4511,Acute Care - Veterans Administration,Veterans Health Administration,Yes,,3,,8,4,2,2,0,,8,3,0,3,0,,11,6,0,5,1,,15,10,,10,4,
180080,BAPTIST HEALTH CORBIN,ONE TRILLIUM WAY,CORBIN,KY,40701,WHITLEY,(606) 528-1212,Acute Care Hospitals,Voluntary non-profit - Private,Yes,Y,3,,8,7,0,7,0,,8,6,1,5,0,,11,9,0,9,0,,15,15,,10,8,
180087,TAYLOR REGIONAL HOSPITAL,1700 OLD LEBANON ROAD,CAMPBELLSVILLE,KY,42718,TAYLOR,(270) 465-3561,Acute Care Hospitals,Government - Hospital District or Authority,Yes,Y,2,,8,4,0,4,0,,8,3,0,3,0,,11,8,1,7,0,,15,15,,10,9,
180088,"NORTON HOSPITALS, INC",200 EAST CHESTNUT STREET,LOUISVILLE,KY,40202,JEFFERSON,(502) 629-8000,Acute Care Hospitals,Voluntary non-profit - Private,Yes,Y,2,23,8,8,0,6,2,23,8,8,2,6,0,23,11,11,0,7,4,,15,15,,10,10,
180092,CLARK REGIONAL MEDICAL CENTER,175 HOSPITAL DRIVE,WINCHESTER,KY,40391,CLARK,(859) 737-8559,Acute Care Hospitals,Proprietary,Yes,Y,3,,8,6,0,6,0,,8,4,1,3,0,,11,9,0,8,1,,15,15,,10,9,
180093,BAPTIST HEALTH DEACONESS MADISONVILLE,900 HOSPITAL DRIVE,MADISONVILLE,KY,42431,HOPKINS,(270) 825-5100,Acute Care Hospitals,Voluntary non-profit - Private,Yes,Y,2,,8,8,0,5,3,,8,6,1,5,0,,11,10,1,8,1,,15,15,,10,9,
180101,GEORGETOWN COMMUNITY HOSPITAL,1140 LEXINGTON ROAD,GEORGETOWN,KY,40324,SCOTT,(502) 868-1100,Acute Care Hospitals,Proprietary,Yes,Y,3,,8,3,0,3,0,,8,2,0,2,0,,11,7,0,5,2,,15,15,,10,8,
180102,MERCY HEALTH - LOURDES HOSPITAL,1530 LONE OAK ROAD,PADUCAH,KY,42003,MC CRACKEN,(270) 444-2444,Acute Care Hospitals,Voluntary non-profit - Church,Yes,Y,3,,8,8,0,8,0,,8,7,2,5,0,,11,11,1,9,1,,15,15,,10,8,
180103,BAPTIST HEALTH LEXINGTON,1740 NICHOLASVILLE ROAD,LEXINGTON,KY,40503,FAYETTE,(859) 260-6100,Acute Care Hospitals,Voluntary non-profit - Other,Yes,Y,4,,8,8,1,7,0,,8,8,1,7,0,,11,11,1,9,1,,15,15,,10,8,
180104,BAPTIST HEALTH PADUCAH,2501 KENTUCKY AVENUE,PADUCAH,KY,42003,MC CRACKEN,(270) 575-2100,Acute Care Hospitals,Voluntary non-profit - Church,Yes,Y,4,,8,8,0,8,0,,8,6,1,4,1,,11,10,3,7,0,,15,15,,10,10,
180105,MONROE COUNTY MEDICAL CENTER,529 CAPP HARLAN ROAD,TOMPKINSVILLE,KY,42167,MONROE,(270) 487-9231,Acute Care Hospitals,Voluntary non-profit - Other,Yes,,1,,8,4,0,4,0,,8,1,0,1,0,,11,4,0,2,2,,15,10,,10,7,
180115,"ROCKCASTLE COUNTY HOSPITAL, INC.",145 NEWCOMB AVENUE,MOUNT VERNON,KY,40456,ROCKCASTLE,(606) 256-2195,Acute Care Hospitals,Voluntary non-profit - Private,Yes,,2,,8,4,0,3,1,,8,2,0,2,0,,11,5,1,4,0,,15,5,,10,8,
180116,JACKSON PURCHASE MEDICAL CENTER,1099 MEDICAL CENTER CIRCLE,MAYFIELD,KY,42066,GRAVES,(270) 251-4585,Acute Care Hospitals,Government - Hospital District or Authority,Yes,Y,1,,8,6,0,6,0,,8,3,0,3,0,,11,6,0,5,1,,15,15,,10,7,
180124,TRISTAR GREENVIEW REGIONAL HOSPITAL,1801 ASHLEY CIRCLE,BOWLING GREEN,KY,42104,WARREN,(270) 793-1000,Acute Care Hospitals,Proprietary,Yes,,2,,8,6,0,6,0,,8,5,1,4,0,,11,8,0,7,1,,15,15,,10,9,
180127,FRANKFORT REGIONAL MEDICAL CENTER,299 KINGS DAUGHTERS DRIVE,FRANKFORT,KY,40601,FRANKLIN,(502) 875-5240,Acute Care Hospitals,Proprietary,Yes,,3,,8,6,0,6,0,,8,5,1,4,0,,11,6,0,6,0,,15,15,,10,8,
180128,THREE RIVERS MEDICAL CENTER,2485 HIGHWAY 644,LOUISA,KY,41230,LAWRENCE,(606) 638-9451,Acute Care Hospitals,Proprietary,Yes,,3,,8,4,0,4,0,,8,2,0,2,0,,11,6,0,5,1,,15,15,,10,7,
180130,BAPTIST HEALTH LOUISVILLE,4000 KRESGE WAY,LOUISVILLE,KY,40207,JEFFERSON,(502) 897-8100,Acute Care Hospitals,Voluntary non-profit - Private,Yes,Y,4,,8,8,0,8,0,,8,8,2,6,0,,11,11,2,8,1,,15,15,,10,10,
180132,LAKE CUMBERLAND REGIONAL HOSPITAL,305 LANGDON STREET,SOMERSET,KY,42503,PULASKI,(606) 679-7441,Acute Care Hospitals,Proprietary,Yes,Y,2,,8,7,0,6,1,,8,7,3,4,0,,11,7,0,4,3,,15,15,,10,8,
180138,BAPTIST HEALTH LAGRANGE,1025 NEW MOODY LANE,LA GRANGE,KY,40031,OLDHAM,(502) 222-5388,Acute Care Hospitals,Voluntary non-profit - Private,Yes,Y,5,,8,4,0,4,0,,8,3,0,3,0,,11,8,1,7,0,,15,15,,10,8,
180141,UNIVERSITY OF LOUISVILLE HOSPITAL,530 SOUTH JACKSON STREET,LOUISVILLE,KY,40202,JEFFERSON,(502) 562-3000,Acute Care Hospitals,Voluntary non-profit - Private,Yes,Y,1,,8,7,0,6,1,,8,7,1,5,1,,11,8,0,5,3,,15,15,,10,7,
180143,SAINT JOSEPH EAST,150 NORTH EAGLE CREEK DRIVE,LEXINGTON,KY,40509,FAYETTE,(859) 967-5000,Acute Care Hospitals,Voluntary non-profit - Private,Yes,Y,2,,8,4,0,4,0,,8,3,1,2,0,,11,8,0,6,2,,15,15,,10,6,
180149,TJ HEALTH COLUMBIA,901 WESTLAKE DRIVE,COLUMBIA,KY,42728,ADAIR,(270) 384-4753,Acute Care Hospitals,Government - Hospital District or Authority,Yes,,Not Available,16,8,2,0,2,0,,8,Not Available,Not Available,Not Available,Not Available,5,11,2,0,2,0,,15,Not Available,5,10,5,
180154,"PINEVILLE COMMUNITY HEALTH CENTER, INC",850 RIVERVIEW AVENUE,PINEVILLE,KY,40977,BELL,(606) 337-3051,Acute Care Hospitals,Voluntary non-profit - Private,Yes,,1,,8,3,0,3,0,,8,Not Available,Not Available,Not Available,Not Available,5,11,3,0,1,2,,15,Not Available,5,10,3,
180779,CRITTENDEN COMMUNITY HOSPITAL,520 WEST GUM STREET,MARION,KY,42064,CRITTENDEN,(270) 965-5281,Rural Emergency Hospital,Government - Local,Yes,,Not Available,19,Not Available,Not Available,Not Available,Not Available,Not Available,19,Not Available,Not Available,Not Available,Not Available,Not Available,19,Not Available,Not Available,Not Available,Not Available,Not Available,19,Not Available,Not Available,19,Not Available,Not Available,19
180780,FLEMING COUNTY HOSPITAL,55 FOUNDATION DRIVE,FLEMINGSBURG,KY,41041,FLEMING,(606) 849-2351,Rural Emergency Hospital,Voluntary non-profit - Other,Yes,,Not Available,19,Not Available,Not Available,Not Available,Not Available,Not Available,19,Not Available,Not Available,Not Available,Not Available,Not Available,19,Not Available,Not Available,Not Available,Not Available,Not Available,19,Not Available,Not Available,19,Not Available,Not Available,19
181301,MARCUM AND WALLACE MEMORIAL HOSPITAL,60 MERCY COURT,IRVINE,KY,40336,ESTILL,(606) 723-2115,Critical Access Hospitals,Voluntary non-profit - Private,Yes,,4,,8,4,0,4,0,,8,Not Available,Not Available,Not Available,Not Available,5,11,5,0,5,0,,15,Not Available,5,10,6,
181302,THE JAMES B. HAGGIN MEMORIAL HOSPITAL,464 LINDEN AVENUE,HARRODSBURG,KY,40330,MERCER,(859) 734-5441,Critical Access Hospitals,Voluntary non-profit - Other,Yes,Y,Not Available,16,8,1,0,1,0,,8,Not Available,Not Available,Not Available,Not Available,5,11,2,0,2,0,,15,5,,10,5,
181304,TRIGG COUNTY HOSPITAL,254 MAIN STREET,CADIZ,KY,42211,TRIGG,(270) 522-3215,Critical Access Hospitals,Voluntary non-profit - Private,Yes,,Not Available,16,8,1,0,1,0,,8,Not Available,Not Available,Not Available,Not Available,5,11,2,0,2,0,,15,Not Available,5,10,3,
181305,ARH OUR LADY OF THE WAY,11203 MAIN STREET,MARTIN,KY,41649,FLOYD,(606) 285-6400,Critical Access Hospitals,Voluntary non-profit - Private,Yes,,Not Available,16,8,Not Available,Not Available,Not Available,Not Available,5,8,1,0,1,0,,11,Not Available,Not Available,Not Available,Not Available,5,15,Not Available,5,10,7,
181306,METHODIST HOSPITAL UNION COUNTY,4604 US HIGHWAY 60 WEST,MORGANFIELD,KY,42437,UNION,(270) 389-5000,Critical Access Hospitals,Voluntary non-profit - Church,Yes,,Not Available,16,8,1,0,1,0,,8,1,0,1,0,,11,2,0,2,0,,15,5,,10,4,
181307,MORGAN COUNTY ARH HOSPITAL,476 LIBERTY ROAD,WEST LIBERTY,KY,41472,MORGAN,(606) 743-3186,Critical Access Hospitals,Voluntary non-profit - Private,Yes,,Not Available,16,8,Not Available,Not Available,Not Available,Not Available,5,8,Not Available,Not Available,Not Available,Not Available,5,11,2,0,2,0,,15,Not Available,5,10,5,
181308,BLUEGRASS COMMUNITY HOSPITAL,360 AMSDEN AVENUE,VERSAILLES,KY,40383,WOODFORD,(859) 873-3111,Critical Access Hospitals,Proprietary,Yes,,Not Available,16,8,Not Available,Not Available,Not Available,Not Available,5,8,Not Available,Not Available,Not Available,Not Available,5,11,2,0,2,0,,15,5,,10,7,
181309,CASEY COUNTY HOSPITAL,187 WOLFORD AVENUE,LIBERTY,KY,42539,CASEY,(606) 787-6275,Critical Access Hospitals,Government - Hospital District or Authority,Yes,,3,,8,4,0,4,0,,8,2,0,2,0,,11,4,1,3,0,,15,Not Available,5,10,5,
181310,CARROLL COUNTY MEMORIAL HOSPITAL,309 ELEVENTH STREET,CARROLLTON,KY,41008,CARROLL,(502) 732-4321,Critical Access Hospitals,Voluntary non-profit - Private,Yes,,Not Available,16,8,Not Available,Not Available,Not Available,Not Available,5,8,Not Available,Not Available,Not Available,Not Available,5,11,1,0,1,0,,15,Not Available,5,10,1,
181311,ST ELIZABETH GRANT,238 BARNES ROAD,WILLIAMSTOWN,KY,41097,GRANT,(859) 824-8105,Critical Access Hospitals,Voluntary non-profit - Church,Yes,,Not Available,16,8,Not Available,Not Available,Not Available,Not Available,5,8,Not Available,Not Available,Not Available,Not Available,5,11,2,0,2,0,,15,5,,10,7,
181314,CAVERNA MEMORIAL HOSPITAL,1501 SOUTH DIXIE STREET,HORSE CAVE,KY,42749,HART,(270) 786-2191,Critical Access Hospitals,Voluntary non-profit - Private,Yes,,Not Available,16,8,Not Available,Not Available,Not Available,Not Available,5,8,Not Available,Not Available,Not Available,Not Available,5,11,1,0,1,0,,15,Not Available,5,10,2,
181315,EPHRAIM MCDOWELL FORT LOGAN HOSPITAL,110 METKER TRAIL,STANFORD,KY,40484,LINCOLN,(606) 365-4600,Critical Access Hospitals,Voluntary non-profit - Private,Yes,Y,Not Available,16,8,2,0,2,0,,8,2,0,2,0,,11,2,0,1,1,,15,15,,10,5,
181316,MARY BRECKINRIDGE ARH HOSPITAL,130 KATE IRELAND DRIVE,HYDEN,KY,41749,LESLIE,(606) 672-2901,Critical Access Hospitals,Voluntary non-profit - Private,Yes,,Not Available,16,8,Not Available,Not Available,Not Available,Not Available,5,8,1,0,1,0,,11,1,0,1,0,,15,Not Available,5,10,5,
181317,CUMBERLAND COUNTY HOSPITAL,299 GLASGOW ROAD,BURKESVILLE,KY,42717,CUMBERLAND,(270) 864-2511,Critical Access Hospitals,Government - Local,Yes,,Not Available,16,8,2,0,2,0,,8,Not Available,Not Available,Not Available,Not Available,5,11,2,0,2,0,,15,Not Available,5,10,5,
181318,THE MEDICAL CENTER AT FRANKLIN,1100 BROOKHAVEN ROAD,FRANKLIN,KY,42135,SIMPSON,(270) 598-4800,Critical Access Hospitals,Voluntary non-profit - Private,Yes,,Not Available,16,8,2,0,2,0,,8,2,0,2,0,,11,4,0,4,0,,15,5,,10,2,
181319,BRECKINRIDGE MEMORIAL HOSPITAL,1011 OLD HIGHWAY 60,HARDINSBURG,KY,40143,BRECKINRIDGE,(270) 756-7000,Critical Access Hospitals,Government - Local,Yes,,1,,8,3,0,2,1,,8,1,0,1,0,,11,3,0,3,0,,15,5,,10,6,
181320,"LIVINGSTON HOSPITAL AND HEALTHCARE SERVICES, INC",131 HOSPITAL DRIVE,SALEM,KY,42078,LIVINGSTON,(270) 988-2299,Critical Access Hospitals,Voluntary non-profit - Private,Yes,,4,,8,4,0,4,0,,8,1,0,1,0,,11,5,0,5,0,,15,5,,10,6,
181321,WAYNE COUNTY HOSPITAL,166 HOSPITAL STREET,MONTICELLO,KY,42633,WAYNE,(606) 348-9343,Critical Access Hospitals,Voluntary non-profit - Private,Yes,,Not Available,16,8,1,0,1,0,,8,Not Available,Not Available,Not Available,Not Available,5,11,2,0,2,0,,15,Not Available,5,10,3,
181322,CALDWELL MEDICAL CENTER,100 MEDICAL CENTER DRIVE,PRINCETON,KY,42445,CALDWELL,(270) 365-0300,Critical Access Hospitals,Voluntary non-profit - Private,Yes,,Not Available,16,8,1,0,0,1,,8,Not Available,Not Available,Not Available,Not Available,5,11,2,0,2,0,,15,Not Available,5,10,3,
181323,OHIO COUNTY HOSPITAL,1211 OLD MAIN STREET,HARTFORD,KY,42347,OHIO,(270) 298-7411,Critical Access Hospitals,Proprietary,Yes,,2,,8,3,0,3,0,,8,Not Available,Not Available,Not Available,Not Available,5,11,5,0,5,0,,15,5,,10,3,
181324,THE MEDICAL CENTER AT SCOTTSVILLE,456 BURNLEY ROAD,SCOTTSVILLE,KY,42164,ALLEN,(270) 622-2800,Critical Access Hospitals,Voluntary non-profit - Private,Yes,,Not Available,16,8,1,0,1,0,,8,2,0,2,0,,11,3,0,3,0,,15,Not Available,5,10,2,
181325,JANE TODD CRAWFORD HOSPITAL,290 INDUSTRIAL PARK ROAD,GREENSBURG,KY,42743,GREEN,(270) 932-4211,Critical Access Hospitals,Voluntary non-profit - Private,Yes,,Not Available,16,8,Not Available,Not Available,Not Available,Not Available,5,8,2,0,2,0,,11,1,0,1,0,,15,Not Available,5,10,5,
181327,MARSHALL COUNTY HOSPITAL,615 OLD SYMSONIA ROAD,BENTON,KY,42025,MARSHALL,(270) 527-4800,Critical Access Hospitals,Government - Hospital District or Authority,Yes,,2,,8,3,0,3,0,,8,Not Available,Not Available,Not Available,Not Available,5,11,5,0,5,0,,15,Not Available,5,10,6,
181328,KNOX COUNTY HOSPITAL,80 HOSPITAL DRIVE,BARBOURVILLE,KY,40906,KNOX,(606) 546-4175,Critical Access Hospitals,Government - Local,Yes,,Not Available,16,8,1,0,1,0,,8,1,0,1,0,,11,3,0,3,0,,15,5,,10,8,
181329,CHI SAINT JOSEPH BEREA NF,305 ESTILL STREET,BEREA,KY,40403,MADISON,(859) 986-3151,Critical Access Hospitals,Voluntary non-profit - Private,Yes,,4,,8,3,0,3,0,,8,2,0,2,0,,11,5,1,3,1,,15,15,,10,7,
181330,RUSSELL COUNTY HOSPITAL,153 DOWELL ROAD,RUSSELL SPRINGS,KY,42642,RUSSELL,(270) 866-4141,Critical Access Hospitals,Government - Local,Yes,,Not Available,16,8,2,0,2,0,,8,Not Available,Not Available,Not Available,Not Available,5,11,2,0,2,0,,15,Not Available,5,10,3,
181331,MCDOWELL ARH HOSPITAL,9879 KENTUCKY ROUTE 122,MC DOWELL,KY,41647,FLOYD,(606) 377-3400,Critical Access Hospitals,Voluntary non-profit - Private,Yes,,Not Available,16,8,Not Available,Not Available,Not Available,Not Available,5,8,Not Available,Not Available,Not Available,Not Available,5,11,1,0,1,0,,15,Not Available,5,10,5,
181333,THE MEDICAL CENTER AT ALBANY,723 BURKESVILLE ROAD,ALBANY,KY,42602,CLINTON,(606) 387-3651,Critical Access Hospitals,Voluntary non-profit - Private,Yes,,Not Available,5,8,Not Available,Not Available,Not Available,Not Available,5,8,Not Available,Not Available,Not Available,Not Available,5,11,Not Available,Not Available,Not Available,Not Available,5,15,Not Available,5,10,2,16
181334,KENTUCKY RIVER MEDICAL CENTER,540 JETT DRIVE,JACKSON,KY,41339,BREATHITT,(606) 666-6000,Critical Access Hospitals,Proprietary,Yes,,Not Available,5,8,Not Available,Not Available,Not Available,Not Available,5,8,Not Available,Not Available,Not Available,Not Available,5,11,Not Available,Not Available,Not Available,Not Available,5,15,Not Available,5,10,1,16
184002,WESTERN STATE HOSPITAL,2400 RUSSELLVILLE ROAD,HOPKINSVILLE,KY,42240,CHRISTIAN,(270) 889-6025,Psychiatric,Government - Local,No,,Not Available,19,Not Available,Not Available,Not Available,Not Available,Not Available,19,Not Available,Not Available,Not Available,Not Available,Not Available,19,Not Available,Not Available,Not Available,Not Available,Not Available,19,Not Available,Not Available,19,Not Available,Not Available,19
184004,EASTERN STATE HOSPITAL,1350 BULL LEA ROAD,LEXINGTON,KY,40511,FAYETTE,(859) 246-8000,Psychiatric,Voluntary non-profit - Private,No,,Not Available,19,Not Available,Not Available,Not Available,Not Available,Not Available,19,Not Available,Not Available,Not Available,Not Available,Not Available,19,Not Available,Not Available,Not Available,Not Available,Not Available,19,Not Available,Not Available,19,Not Available,Not Available,19
184006,SUN BEHAVIORAL HEALTH,820 DOLWICK DRIVE,ERLANGER,KY,41018,KENTON,(859) 429-5188,Psychiatric,Proprietary,No,,Not Available,19,Not Available,Not Available,Not Available,Not Available,Not Available,19,Not Available,Not Available,Not Available,Not Available,Not Available,19,Not Available,Not Available,Not Available,Not Available,Not Available,19,Not Available,Not Available,19,Not Available,Not Available,19
184007,THE BROOK HOSPITAL - DUPONT,1405 BROWNS LANE,LOUISVILLE,KY,40207,JEFFERSON,(502) 896-0495,Psychiatric,Voluntary non-profit - Private,No,,Not Available,19,Not Available,Not Available,Not Available,Not Available,Not Available,19,Not Available,Not Available,Not Available,Not Available,Not Available,19,Not Available,Not Available,Not Available,Not Available,Not Available,19,Not Available,Not Available,19,Not Available,Not Available,19
184008,THE BROOK HOSPITAL - KMI,8521 LAGRANGE ROAD,LOUISVILLE,KY,40242,JEFFERSON,(502) 426-6380,Psychiatric,Government - Federal,Yes,,Not Available,19,Not Available,Not Available,Not Available,Not Available,Not Available,19,Not Available,Not Available,Not Available,Not Available,Not Available,19,Not Available,Not Available,Not Available,Not Available,Not Available,19,Not Available,Not Available,19,Not Available,Not Available,19
184009,THE RIDGE BEHAVIORAL HEALTH SYSTEM,3050 RIO DOSA DRIVE,LEXINGTON,KY,40509,FAYETTE,(859) 269-2325,Psychiatric,Proprietary,No,,Not Available,19,Not Available,Not Available,Not Available,Not Available,Not Available,19,Not Available,Not Available,Not Available,Not Available,Not Available,19,Not Available,Not Available,Not Available,Not Available,Not Available,19,Not Available,Not Available,19,Not Available,Not Available,19
184012,LINCOLN TRAIL BEHAVIORAL HEALTH SYSTEM,3909 S WILSON ROAD,RADCLIFF,KY,40160,HARDIN,(270) 351-9444,Psychiatric,Proprietary,No,,Not Available,19,Not Available,Not Available,Not Available,Not Available,Not Available,19,Not Available,Not Available,Not Available,Not Available,Not Available,19,Not Available,Not Available,Not Available,Not Available,Not Available,19,Not Available,Not Available,19,Not Available,Not Available,19
